timestamp,savax_staking_apr,savax_avax_rate,validator_staking_share
2020-10-22 00:00:00+00:00,0.09131031628726315,1.0002501652501021,0.62
2020-10-23 00:00:00+00:00,0.09284231963384186,1.0005045914023103,0.6202499989583347
2020-10-24 00:00:00+00:00,0.08961863369383627,1.0007502457981619,0.6204999916667083
2020-10-25 00:00:00+00:00,0.0945386181527259,1.001009450032008,0.6207499718753164
2020-10-26 00:00:00+00:00,0.09338439599982248,1.0012655559577102,0.6209999333346666
2020-10-27 00:00:00+00:00,0.09197101098440659,1.0015178502192041,0.6212498697957356
2020-10-28 00:00:00+00:00,0.09192340068361168,1.0017700774154712,0.6214997750101248
2020-10-29 00:00:00+00:00,0.0928294134795432,1.0020248547544517,0.6217496427302168
2020-10-30 00:00:00+00:00,0.09195457820088299,1.0022772952280565,0.6219994667093317
2020-10-31 00:00:00+00:00,0.0919996652926791,1.0025299231066631,0.622249240701883
2020-11-01 00:00:00+00:00,0.09340112122773123,1.0027864639803137,0.6224989584635339
2020-11-02 00:00:00+00:00,0.09307557853740452,1.0030421761180792,0.6227486137513534
2020-11-03 00:00:00+00:00,0.09218981977022099,1.0032955193439375,0.6229982003239722
2020-11-04 00:00:00+00:00,0.0921402569513336,1.0035487903218838,0.6232477119417391
2020-11-05 00:00:00+00:00,0.0924922551170371,1.0038030930362314,0.6234971423668766
2020-11-06 00:00:00+00:00,0.09131219020891516,1.0040542148416112,0.6237464853636371
2020-11-07 00:00:00+00:00,0.09160983760348332,1.0043062182486433,0.6239957346984586
2020-11-08 00:00:00+00:00,0.09301998629506522,1.0045621649627736,0.6242448841401208
2020-11-09 00:00:00+00:00,0.09198387257307236,1.004815325286537,0.6244939274599005
2020-11-10 00:00:00+00:00,0.0900998059428963,1.0050633627271308,0.6247428584317278
2020-11-11 00:00:00+00:00,0.09142720337645165,1.0053151165147207,0.6249916708323414
2020-11-12 00:00:00+00:00,0.09310953813359883,1.0055715669973986,0.6252403584414441
2020-11-13 00:00:00+00:00,0.09175745419180971,1.0058243579206736,0.6254889150418588
2020-11-14 00:00:00+00:00,0.09186382057314472,1.0060775055051778,0.6257373344196832
2020-11-15 00:00:00+00:00,0.09303046557452946,1.0063339325154277,0.625985610364446
2020-11-16 00:00:00+00:00,0.09478514706629408,1.0065952626792394,0.6262337366692614
2020-11-17 00:00:00+00:00,0.09095868058060842,1.0068461080956008,0.6264817071309847
2020-11-18 00:00:00+00:00,0.09403069780867376,1.0071054901288343,0.6267295155503674
2020-11-19 00:00:00+00:00,0.0901429656173098,1.0073542119797103,0.6269771557322118
2020-11-20 00:00:00+00:00,0.09222970292768345,1.007608754389885,0.6272246214855263
2020-11-21 00:00:00+00:00,0.09019182994287069,1.0078577354239258,0.6274719066236799
2020-11-22 00:00:00+00:00,0.093951816906047,1.008117160260709,0.6277190049645571
2020-11-23 00:00:00+00:00,0.09315361904807183,1.0083744472796208,0.6279659103307123
2020-11-24 00:00:00+00:00,0.09358699618812395,1.008632997240042,0.6282126165495241
2020-11-25 00:00:00+00:00,0.09052937147488826,1.0088831641202858,0.6284591174533498
2020-11-26 00:00:00+00:00,0.0928613000711723,1.0091398386469712,0.6287054068796798
2020-11-27 00:00:00+00:00,0.09103227258356394,1.0093915216411264,0.6289514786712912
2020-11-28 00:00:00+00:00,0.0911005511648713,1.0096434562273255,0.629197326676402
2020-11-29 00:00:00+00:00,0.0925217658059467,1.0098993849818587,0.629442944748825
2020-11-30 00:00:00+00:00,0.09305184620691959,1.0101568452620115,0.6296883267481211
2020-12-01 00:00:00+00:00,0.09201766915792738,1.0104115090384087,0.629933466539753
2020-12-02 00:00:00+00:00,0.09074277283397643,1.0106627077837058,0.6301783579952389
2020-12-03 00:00:00+00:00,0.0904191719821639,1.0109130729486127,0.630422994992305
2020-12-04 00:00:00+00:00,0.09379692829984773,1.0111728552527792,0.6306673714150391
2020-12-05 00:00:00+00:00,0.0924933246703416,1.0114290928944196,0.6309114811540435
2020-12-06 00:00:00+00:00,0.09265333236164722,1.011685838855801,0.6311553181065873
2020-12-07 00:00:00+00:00,0.09481967373993545,1.0119486545302327,0.6313988761767594
2020-12-08 00:00:00+00:00,0.09029069964135586,1.01219898207001,0.6316421492756208
2020-12-09 00:00:00+00:00,0.09532307007456524,1.0124633270412353,0.6318851313213567
2020-12-10 00:00:00+00:00,0.09617895722411794,1.012730115170064,0.6321278162394286
2020-12-11 00:00:00+00:00,0.09384823450476529,1.0129905067682519,0.6323701979627261
2020-12-12 00:00:00+00:00,0.09262858865906637,1.0132475804147367,0.6326122704317189
2020-12-13 00:00:00+00:00,0.09035879055416728,1.01349841829391,0.6328540275946077
2020-12-14 00:00:00+00:00,0.09281211376247456,1.0137561304322573,0.6330954634074762
2020-12-15 00:00:00+00:00,0.09062146303812466,1.0140078237574728,0.6333365718344416
2020-12-16 00:00:00+00:00,0.09121738230124514,1.0142612350980649,0.6335773468478056
2020-12-17 00:00:00+00:00,0.09077779468608327,1.0145134882437028,0.6338177824282056
2020-12-18 00:00:00+00:00,0.0916019918404287,1.0147680949732154,0.6340578725647646
2020-12-19 00:00:00+00:00,0.09307037045457894,1.0150268479664337,0.6342976112552418
2020-12-20 00:00:00+00:00,0.09026607762055851,1.0152778684931338,0.6345369925061821
2020-12-21 00:00:00+00:00,0.08958172925753481,1.0155270475263845,0.634776010333067
2020-12-22 00:00:00+00:00,0.08951495187976798,1.0157761019230749,0.635014658760463
2020-12-23 00:00:00+00:00,0.08952568204167662,1.0160252472609552,0.6352529318221721
2020-12-24 00:00:00+00:00,0.0887893040403757,1.0162724039036724,0.6354908235613801
2020-12-25 00:00:00+00:00,0.08952355688724663,1.016521665055354,0.6357283280308059
2020-12-26 00:00:00+00:00,0.0927889850612696,1.016780081530952,0.63596543929285
2020-12-27 00:00:00+00:00,0.0899143669419291,1.0170305558798562,0.6362021514197435
2020-12-28 00:00:00+00:00,0.09114435504468045,1.0172845191512985,0.6364384584936952
2020-12-29 00:00:00+00:00,0.08888681278260631,1.01753225388719,0.6366743546070407
2020-12-30 00:00:00+00:00,0.09091918271257952,1.0177857147115932,0.6369098338623895
2020-12-31 00:00:00+00:00,0.08800517246941963,1.0180311130879223,0.6371448903727726
2021-01-01 00:00:00+00:00,0.08951892536229947,1.0182807926803306,0.6373795182617892
2021-01-02 00:00:00+00:00,0.0938986513397955,1.0185427521135302,0.6376137116637545
2021-01-03 00:00:00+00:00,0.089591234066207,1.018792758968629,0.6378474647238456
2021-01-04 00:00:00+00:00,0.0920935538192791,1.0190498116967899,0.638080771598248
2021-01-05 00:00:00+00:00,0.09104311945948503,1.0193039965563555,0.6383136264543023
2021-01-06 00:00:00+00:00,0.09007705077279998,1.019555546961426,0.6385460234706491
2021-01-07 00:00:00+00:00,0.08927339659257474,1.0198049145961987,0.638777956837375
2021-01-08 00:00:00+00:00,0.0921259789502705,1.0200623132978301,0.6390094207561581
2021-01-09 00:00:00+00:00,0.08987262309888867,1.0203134795329545,0.6392404094404123
2021-01-10 00:00:00+00:00,0.09237193895622343,1.0205716941478795,0.6394709171154325
2021-01-11 00:00:00+00:00,0.0889433036129507,1.0208203873480202,0.639700938018539
2021-01-12 00:00:00+00:00,0.09004806232506227,1.021072230903808,0.6399304663992211
2021-01-13 00:00:00+00:00,0.09059944213259354,1.0213256790531149,0.6401594965192813
2021-01-14 00:00:00+00:00,0.09039907770617056,1.0215786294624958,0.6403880226529786
2021-01-15 00:00:00+00:00,0.08792578043105334,1.0218247201426798,0.6406160390871712
2021-01-16 00:00:00+00:00,0.0887165322921307,1.0220730838297523,0.6408435401214605
2021-01-17 00:00:00+00:00,0.08935379574457739,1.0223232923491183,0.6410705200683324
2021-01-18 00:00:00+00:00,0.08830135064932264,1.0225706143423092,0.6412969732532999
2021-01-19 00:00:00+00:00,0.0905310129445368,1.0228242427081276,0.6415228940150455
2021-01-20 00:00:00+00:00,0.09032917043653595,1.0230773683666103,0.6417482767055616
2021-01-21 00:00:00+00:00,0.0864426210300896,1.0233196628576737,0.6419731156902927
2021-01-22 00:00:00+00:00,0.08660046161532564,1.0235624572554367,0.642197405348276
2021-01-23 00:00:00+00:00,0.08731508143465698,1.0238073132535428,0.6424211400722817
2021-01-24 00:00:00+00:00,0.08934138789456549,1.0240579115173858,0.6426443142689534
2021-01-25 00:00:00+00:00,0.09214231862285747,1.0243164295184028,0.6428669223589478
2021-01-26 00:00:00+00:00,0.08844507606864419,1.0245646370376553,0.6430889587770742
2021-01-27 00:00:00+00:00,0.08931962823448254,1.0248153595924017,0.6433104179724336
2021-01-28 00:00:00+00:00,0.08727301867815562,1.0250603972088932,0.6435312944085579
2021-01-29 00:00:00+00:00,0.08722045966047069,1.0253053458089598,0.6437515825635476
2021-01-30 00:00:00+00:00,0.0857768960463944,1.0255462978913248,0.6439712769302102
2021-01-31 00:00:00+00:00,0.08859124367764488,1.0257952141159252,0.644190372016198
2021-02-01 00:00:00+00:00,0.08997460866079175,1.0260480785623805,0.6444088623441454
2021-02-02 00:00:00+00:00,0.08793774020691021,1.0262952795195652,0.6446267424518054
2021-02-03 00:00:00+00:00,0.09048552733562366,1.0265497038197555,0.6448440068921868
2021-02-04 00:00:00+00:00,0.08860467781857657,1.0267989013698149,0.6450606502336899
2021-02-05 00:00:00+00:00,0.08816934064990639,1.0270469347454692,0.6452766670602423
2021-02-06 00:00:00+00:00,0.0889149246050958,1.0272971259804522,0.6454920519714348
2021-02-07 00:00:00+00:00,0.08878421992441242,1.0275470102926734,0.6457067995826556
2021-02-08 00:00:00+00:00,0.08968800356347571,1.0277994997171138,0.6459209045252259
2021-02-09 00:00:00+00:00,0.08667553923626248,1.028043568418113,0.6461343614465329
2021-02-10 00:00:00+00:00,0.08435761559641029,1.0282811665117046,0.6463471650101651
2021-02-11 00:00:00+00:00,0.08787207638415473,1.0285287204876172,0.6465593098960442
2021-02-12 00:00:00+00:00,0.08669176545974505,1.0287730080783162,0.6467707908005591
2021-02-13 00:00:00+00:00,0.08747689597890247,1.0290195666246547,0.6469816024366984
2021-02-14 00:00:00+00:00,0.08992156437428057,1.0292730763484974,0.6471917395341821
2021-02-15 00:00:00+00:00,0.08567738067798811,1.029514680242152,0.6474011968395936
2021-02-16 00:00:00+00:00,0.08838445279053674,1.029763976383667,0.6476099691165114
2021-02-17 00:00:00+00:00,0.08856076404085925,1.030013830313887,0.6478180511456392
2021-02-18 00:00:00+00:00,0.08773687406161268,1.0302614198857007,0.6480254377249373
2021-02-19 00:00:00+00:00,0.08862644877851075,1.0305115799157227,0.6482321236697518
2021-02-20 00:00:00+00:00,0.08616317894605523,1.0307548460901508,0.648438103812945
2021-02-21 00:00:00+00:00,0.08572962205880136,1.030996945332317,0.6486433730050241
2021-02-22 00:00:00+00:00,0.08821066324101406,1.0312461095086107,0.6488479261142699
2021-02-23 00:00:00+00:00,0.08763208973004917,1.0314936992390278,0.6490517580268652
2021-02-24 00:00:00+00:00,0.08853581614403591,1.0317439023527526,0.6492548636470231
2021-02-25 00:00:00+00:00,0.08666646176102988,1.0319888820608634,0.6494572378971135
2021-02-26 00:00:00+00:00,0.08868033071224053,1.032239613883747,0.6496588757177907
2021-02-27 00:00:00+00:00,0.08571801569243616,1.0324820290383259,0.6498597720681196
2021-02-28 00:00:00+00:00,0.084445995334124,1.0327209029358786,0.6500599219257021
2021-03-01 00:00:00+00:00,0.08287542300151277,1.0329553883651206,0.650259320286802
2021-03-02 00:00:00+00:00,0.08417274942498591,1.0331935984886056,0.6504579621664708
2021-03-03 00:00:00+00:00,0.08694564038041079,1.0334397126778043,0.6506558425986717
2021-03-04 00:00:00+00:00,0.08341277768831971,1.0336758827517987,0.6508529566364043
2021-03-05 00:00:00+00:00,0.08482317468744235,1.033916101025697,0.651049299351828
2021-03-06 00:00:00+00:00,0.08855242526783622,1.0341669387743802,0.651244865836385
2021-03-07 00:00:00+00:00,0.08655286286511832,1.0344121719503565,0.6514396512009234
2021-03-08 00:00:00+00:00,0.08785857045464533,1.0346611636618317,0.6516336505758193
2021-03-09 00:00:00+00:00,0.08357349399772672,1.0348980684523823,0.6518268591110984
2021-03-10 00:00:00+00:00,0.0812589516678683,1.0351284649787538,0.6520192719765573
2021-03-11 00:00:00+00:00,0.08711091000266144,1.0353755087665728,0.6522108843618846
2021-03-12 00:00:00+00:00,0.08259771156605121,1.0356098091710542,0.6524016914767804
2021-03-13 00:00:00+00:00,0.08474567467416988,1.0358502569846908,0.6525916885510769
2021-03-14 00:00:00+00:00,0.08482048556885832,1.0360909729347567,0.652780870834857
2021-03-15 00:00:00+00:00,0.08295646519379293,1.0363264536052605,0.6529692335985736
2021-03-16 00:00:00+00:00,0.08659314682952989,1.0365723132456999,0.6531567721331675
2021-03-17 00:00:00+00:00,0.08647203008380895,1.036817887251878,0.6533434817501849
2021-03-18 00:00:00+00:00,0.08485847177125007,1.0370589359680897,0.6535293577818951
2021-03-19 00:00:00+00:00,0.08386982263219543,1.037297231718826,0.6537143955814072
2021-03-20 00:00:00+00:00,0.08408345480809153,1.037536189348705,0.6538985905227858
2021-03-21 00:00:00+00:00,0.08203418293222257,1.037769376837899,0.6540819380011667
2021-03-22 00:00:00+00:00,0.0832007159830193,1.0380059334274283,0.6542644334328728
2021-03-23 00:00:00+00:00,0.08328271685640502,1.0382427771376992,0.6544460722555275
2021-03-24 00:00:00+00:00,0.0820421277359484,1.038476146032337,0.6546268499281701
2021-03-25 00:00:00+00:00,0.0844742325994608,1.0387164870611287,0.6548067619313678
2021-03-26 00:00:00+00:00,0.08094021188090389,1.0389468266023532,0.6549858037673302
2021-03-27 00:00:00+00:00,0.0822789372803832,1.0391810278099796,0.6551639709600205
2021-03-28 00:00:00+00:00,0.07945850676038219,1.0394072518448385,0.6553412590552683
2021-03-29 00:00:00+00:00,0.08346145296535046,1.0396449242817198,0.6555176636208804
2021-03-30 00:00:00+00:00,0.08370819731051066,1.0398833538774859,0.6556931802467518
2021-03-31 00:00:00+00:00,0.08340397201684514,1.0401209714176163,0.6558678045449762
2021-04-01 00:00:00+00:00,0.08672660669696496,1.0403681115885899,0.6560415321499549
2021-04-02 00:00:00+00:00,0.08363632421137192,1.0406065021767543,0.6562143587185071
2021-04-03 00:00:00+00:00,0.08069054869441884,1.0408365490524685,0.6563862799299776
2021-04-04 00:00:00+00:00,0.0859754972290058,1.0410817173807942,0.6565572914863448
2021-04-05 00:00:00+00:00,0.08047613620121398,1.0413112577481491,0.656727389112329
2021-04-06 00:00:00+00:00,0.08291594037904496,1.0415478092609256,0.6568965685554982
2021-04-07 00:00:00+00:00,0.08272355562276557,1.0417838655297835,0.6570648255863751
2021-04-08 00:00:00+00:00,0.08016514288730356,1.042012673070709,0.657232155998543
2021-04-09 00:00:00+00:00,0.08345346452583874,1.0422509184615245,0.6573985556087499
2021-04-10 00:00:00+00:00,0.0817679167194241,1.0424844052733095,0.6575640202570147
2021-04-11 00:00:00+00:00,0.0819679325150185,1.0427185156606504,0.6577285458067293
2021-04-12 00:00:00+00:00,0.079973285163828,1.0429469803872218,0.6578921281447638
2021-04-13 00:00:00+00:00,0.08281614797008102,1.0431836183364074,0.6580547631815683
2021-04-14 00:00:00+00:00,0.07944605319138874,1.0434106781206012,0.6582164468512752
2021-04-15 00:00:00+00:00,0.07794395213418868,1.043633493331428,0.6583771751118014
2021-04-16 00:00:00+00:00,0.08262560123612994,1.0438697422214462,0.6585369439449484
2021-04-17 00:00:00+00:00,0.07972304575274354,1.0440977435234162,0.6586957493565041
2021-04-18 00:00:00+00:00,0.08030345070869262,1.0443274548978876,0.6588535873763411
2021-04-19 00:00:00+00:00,0.08299783610871882,1.044564925908697,0.6590104540585175
2021-04-20 00:00:00+00:00,0.08169381126105027,1.04479871903173,0.6591663454813742
2021-04-21 00:00:00+00:00,0.08081359996079857,1.0450300449104133,0.6593212577476337
2021-04-22 00:00:00+00:00,0.08134497760911569,1.0452629433915204,0.6594751869844975
2021-04-23 00:00:00+00:00,0.07852454299266425,1.0454878168023065,0.6596281293437427
2021-04-24 00:00:00+00:00,0.08062128671569563,1.0457187443996658,0.6597800810018183
2021-04-25 00:00:00+00:00,0.08103257600294851,1.0459509013411268,0.6599310381599407
2021-04-26 00:00:00+00:00,0.08037700895569225,1.0461812312177412,0.6600809970441889
2021-04-27 00:00:00+00:00,0.07881408764473308,1.0464071320923973,0.6602299539055985
2021-04-28 00:00:00+00:00,0.07337581160342939,1.046617490921397,0.6603779050202557
2021-04-29 00:00:00+00:00,0.07970977773246939,1.0468460543394031,0.6605248466893905
2021-04-30 00:00:00+00:00,0.0789232989329321,1.0470724119944261,0.6606707752394687
2021-05-01 00:00:00+00:00,0.07807410279148891,1.0472963825125745,0.6608156870222842
2021-05-02 00:00:00+00:00,0.07967333859991112,1.0475249896339398,0.6609595784150499
2021-05-03 00:00:00+00:00,0.07878283091651664,1.0477510909603485,0.6611024458204886
2021-05-04 00:00:00+00:00,0.07856864393982184,1.0479766262546037,0.6612442856669225
2021-05-05 00:00:00+00:00,0.07591612554363815,1.0481945942686464,0.6613850944083629
2021-05-06 00:00:00+00:00,0.07583171728481239,1.0484123652169532,0.6615248685245985
2021-05-07 00:00:00+00:00,0.07845610125621702,1.0486377195914292,0.6616636045212838
2021-05-08 00:00:00+00:00,0.07789440545360991,1.0488615086645903,0.661801298930026
2021-05-09 00:00:00+00:00,0.07786889955550616,1.0490852722028527,0.6619379483084722
2021-05-10 00:00:00+00:00,0.07779111620350032,1.0493088599133111,0.6620735492403949
2021-05-11 00:00:00+00:00,0.07804032440360072,1.0495332117046186,0.6622080983357779
2021-05-12 00:00:00+00:00,0.07735915970667179,1.049755652820623,0.6623415922309007
2021-05-13 00:00:00+00:00,0.07742416139435129,1.049978328029085,0.6624740275884232
2021-05-14 00:00:00+00:00,0.07745466186780199,1.0502011382109098,0.6626054010974681
2021-05-15 00:00:00+00:00,0.07834814997475943,1.0504265664746912,0.6627357094737046
2021-05-16 00:00:00+00:00,0.0760661264816968,1.050645475735144,0.6628649494594302
2021-05-17 00:00:00+00:00,0.07790247530292929,1.0508697165111045,0.6629931178236517
2021-05-18 00:00:00+00:00,0.0775627928651174,1.0510930271690495,0.6631202113621669
2021-05-19 00:00:00+00:00,0.07665229147462065,1.0513137633035303,0.6632462268976439
2021-05-20 00:00:00+00:00,0.07566814330889073,1.0515317111405282,0.6633711612797009
2021-05-21 00:00:00+00:00,0.0768218131654875,1.0517530277779277,0.6634950113849847
2021-05-22 00:00:00+00:00,0.07745204263424567,1.0519762070117582,0.6636177741172493
2021-05-23 00:00:00+00:00,0.07443230174787677,1.0521907303281195,0.6637394464074328
2021-05-24 00:00:00+00:00,0.07602739403671847,1.0524098955863561,0.6638600252137341
2021-05-25 00:00:00+00:00,0.07592143904610689,1.052628800993861,0.6639795075216894
2021-05-26 00:00:00+00:00,0.074723424597749,1.0528442969632867,0.6640978903442474
2021-05-27 00:00:00+00:00,0.07467797321572495,1.0530597059446811,0.6642151707218434
2021-05-28 00:00:00+00:00,0.07317265279437385,1.0532708160055986,0.6643313457224743
2021-05-29 00:00:00+00:00,0.07373795748143672,1.0534835996731247,0.6644464124417712
2021-05-30 00:00:00+00:00,0.0729805322257763,1.0536942402040705,0.6645603680030717
2021-05-31 00:00:00+00:00,0.07425682662220821,1.053908607301352,0.6646732095574932
2021-06-01 00:00:00+00:00,0.07423749842587882,1.054122962201559,0.6647849342840024
2021-06-02 00:00:00+00:00,0.07416221385591643,1.0543371432770474,0.6648955393894871
2021-06-03 00:00:00+00:00,0.07542945634741842,1.0545550284209497,0.6650050221088253
2021-06-04 00:00:00+00:00,0.07448879341182961,1.0547702408364386,0.6651133797049548
2021-06-05 00:00:00+00:00,0.07357614239397685,1.0549828598102267,0.6652206094689412
2021-06-06 00:00:00+00:00,0.07348698625059431,1.0551952639497157,0.6653267087200463
2021-06-07 00:00:00+00:00,0.07277379055179625,1.0554056490432224,0.6654316748057941
2021-06-08 00:00:00+00:00,0.07407900887963646,1.0556198501512968,0.6655355051020381
2021-06-09 00:00:00+00:00,0.0739553581751567,1.055833737121474,0.6656381970130261
2021-06-10 00:00:00+00:00,0.07661504437505008,1.056055361090302,0.6657397479714657
2021-06-11 00:00:00+00:00,0.0763870029731262,1.056276371786213,0.6658401554385883
2021-06-12 00:00:00+00:00,0.07620881145739082,1.0564969130652933,0.6659394169042125
2021-06-13 00:00:00+00:00,0.07701803259993312,1.0567198426918472,0.6660375298868068
2021-06-14 00:00:00+00:00,0.07198181758972273,1.0569282388972172,0.6661344919335517
2021-06-15 00:00:00+00:00,0.07472619986545669,1.0571446230912536,0.666230300620401
2021-06-16 00:00:00+00:00,0.07476867172781118,1.0573611745961653,0.6663249535521427
2021-06-17 00:00:00+00:00,0.0742528614685194,1.0575762762203282,0.6664184483624583
2021-06-18 00:00:00+00:00,0.0766410783080933,1.0577983413880065,0.6665107827139826
2021-06-19 00:00:00+00:00,0.07717151820991248,1.058021990439965,0.6666019542983613
2021-06-20 00:00:00+00:00,0.07474849993424003,1.058238663198,0.6666919608363098
2021-06-21 00:00:00+00:00,0.07417503555384353,1.0584537176924307,0.6667808000776693
2021-06-22 00:00:00+00:00,0.07142871744714746,1.0586608519158058,0.6668684698014633
2021-06-23 00:00:00+00:00,0.07134991699861391,1.0588677981183094,0.6669549678159534
2021-06-24 00:00:00+00:00,0.07400008234763614,1.0590824729244903,0.6670402919586936
2021-06-25 00:00:00+00:00,0.0727567530122307,1.059293583614633,0.6671244400965849
2021-06-26 00:00:00+00:00,0.0707959861621677,1.0594990458992557,0.6672074101259281
2021-06-27 00:00:00+00:00,0.07252859577408406,1.0597095773458942,0.6672891999724769
2021-06-28 00:00:00+00:00,0.073178637167031,1.0599220379011354,0.6673698075914895
2021-06-29 00:00:00+00:00,0.0739677058641048,1.060136832425898,0.6674492309677793
2021-06-30 00:00:00+00:00,0.07232869111122026,1.0603469099861396,0.6675274681157664
2021-07-01 00:00:00+00:00,0.07201399145826941,1.0605561149541354,0.6676045170795257
2021-07-02 00:00:00+00:00,0.07235595579835542,1.0607663548209172,0.6676803759328377
2021-07-03 00:00:00+00:00,0.07253617261364201,1.060977160112468,0.6677550427792346
2021-07-04 00:00:00+00:00,0.07046328449966288,1.0611819818535109,0.6678285157520493
2021-07-05 00:00:00+00:00,0.0733904734744055,1.0613953534921154,0.6679007930144613
2021-07-06 00:00:00+00:00,0.0753597725196272,1.0616144946219581,0.6679718727595426
2021-07-07 00:00:00+00:00,0.07323060737863077,1.0618274882500214,0.6680417532103037
2021-07-08 00:00:00+00:00,0.06977329075034122,1.0620304668748553,0.6681104326197365
2021-07-09 00:00:00+00:00,0.07202489217330318,1.0622400357237907,0.6681779092708596
2021-07-10 00:00:00+00:00,0.06917349578461483,1.0624413476597725,0.6682441814767602
2021-07-11 00:00:00+00:00,0.06901819962595938,1.0626422457118923,0.6683092475806367
2021-07-12 00:00:00+00:00,0.07269224852695613,1.0628538781892087,0.6683731059558398
2021-07-13 00:00:00+00:00,0.07176247773261463,1.0630628453885693,0.6684357550059132
2021-07-14 00:00:00+00:00,0.0705592530496802,1.0632683492798447,0.6684971931646344
2021-07-15 00:00:00+00:00,0.06840394659245155,1.0634676143521122,0.6685574188960522
2021-07-16 00:00:00+00:00,0.06957820528726388,1.0636703381000239,0.6686164306945267
2021-07-17 00:00:00+00:00,0.07167267312141062,1.0638792041176994,0.668674227084766
2021-07-18 00:00:00+00:00,0.07142628663292214,1.0640873929970862,0.6687308066218632
2021-07-19 00:00:00+00:00,0.07236335621520316,1.0642983544630136,0.6687861678913329
2021-07-20 00:00:00+00:00,0.07356555269403037,1.064512863221034,0.6688403095091464
2021-07-21 00:00:00+00:00,0.0707245248266007,1.0647191294304124,0.6688932301217658
2021-07-22 00:00:00+00:00,0.07189110521049717,1.0649288385672713,0.6689449284061787
2021-07-23 00:00:00+00:00,0.07093649740501526,1.0651358038324592,0.6689954030699307
2021-07-24 00:00:00+00:00,0.07035522176819047,1.0653411130535329,0.6690446528511578
2021-07-25 00:00:00+00:00,0.07069097625382091,1.0655474418297661,0.669092676518618
2021-07-26 00:00:00+00:00,0.0724587174572208,1.0657589711476423,0.6691394728717222
2021-07-27 00:00:00+00:00,0.06943567733216763,1.0659617155203396,0.6691850407405638
2021-07-28 00:00:00+00:00,0.07265187258147929,1.0661738911771417,0.6692293789859487
2021-07-29 00:00:00+00:00,0.07311954480677031,1.0663874751486697,0.6692724864994231
2021-07-30 00:00:00+00:00,0.07092179915827555,1.0665946809523337,0.6693143622033011
2021-07-31 00:00:00+00:00,0.07121644749158738,1.0668027880320348,0.6693550050506926
2021-08-01 00:00:00+00:00,0.0686835228667832,1.0670035326174763,0.6693944140255282
2021-08-02 00:00:00+00:00,0.07431045346980726,1.067220764169155,0.669432588142586
2021-08-03 00:00:00+00:00,0.07220768444017457,1.0674318916764622,0.6694695264475148
2021-08-04 00:00:00+00:00,0.07096874434193537,1.0676394377066616,0.6695052280168589
2021-08-05 00:00:00+00:00,0.07076872764830436,1.0678464390343156,0.6695396919580809
2021-08-06 00:00:00+00:00,0.07133253107402987,1.0680551299638903,0.6695729174095844
2021-08-07 00:00:00+00:00,0.06965397767707567,1.0682589499315076,0.6696049035407343
2021-08-08 00:00:00+00:00,0.07103173342438444,1.0684668411231781,0.6696356495518794
2021-08-09 00:00:00+00:00,0.06919872973430824,1.0686694070085725,0.6696651546743709
2021-08-10 00:00:00+00:00,0.0713085679771727,1.0688781886114622,0.6696934181705823
2021-08-11 00:00:00+00:00,0.06952499482631748,1.0690817879279915,0.6697204393339276
2021-08-12 00:00:00+00:00,0.07186654432543095,1.0692922844038808,0.6697462174888791
2021-08-13 00:00:00+00:00,0.07032488409533348,1.069498305927072,0.6697707519909843
2021-08-14 00:00:00+00:00,0.07089193943070192,1.0697060286917979,0.669794042226882
2021-08-15 00:00:00+00:00,0.07491473873090101,1.0699255814251083,0.6698160876143174
2021-08-16 00:00:00+00:00,0.07166553825101724,1.0701356548297147,0.6698368876021572
2021-08-17 00:00:00+00:00,0.07084785850247069,1.0703433721432813,0.6698564416704025
2021-08-18 00:00:00+00:00,0.07050088870953927,1.070550112304817,0.6698747493302027
2021-08-19 00:00:00+00:00,0.0688648803317257,1.070752093963373,0.6698918101238673
2021-08-20 00:00:00+00:00,0.0720404331836991,1.0709634294282537,0.6699076236248774
2021-08-21 00:00:00+00:00,0.07280923890420928,1.0711770623931602,0.6699221894378962
2021-08-22 00:00:00+00:00,0.07049503220766887,1.071383946397307,0.6699355071987791
2021-08-23 00:00:00+00:00,0.07290752670030444,1.07159795174985,0.6699475765745829
2021-08-24 00:00:00+00:00,0.0702190025629876,1.0718041066520976,0.6699583972635738
2021-08-25 00:00:00+00:00,0.06772396657117412,1.072002974667138,0.669967968995235
2021-08-26 00:00:00+00:00,0.06940091745207706,1.072206804776599,0.6699762915302739
2021-08-27 00:00:00+00:00,0.0687935996394666,1.0724088896140196,0.6699833646606275
2021-08-28 00:00:00+00:00,0.06996666606348295,1.0726144591336446,0.6699891882094678
2021-08-29 00:00:00+00:00,0.07131939796521643,1.072824043291108,0.6699937620312065
2021-08-30 00:00:00+00:00,0.06898696741129817,1.0730268128179918,0.6699970860114983
2021-08-31 00:00:00+00:00,0.07026259889608596,1.073233370770194,0.6699991600672438
2021-09-01 00:00:00+00:00,0.07068555839649687,1.0734412121403383,0.6699999841465918
2021-09-02 00:00:00+00:00,0.06929156333825251,1.073644994112231,0.6699995582289402
2021-09-03 00:00:00+00:00,0.0690327008427437,1.0738480533278196,0.669997882324937
2021-09-04 00:00:00+00:00,0.07053401213777076,1.0740555678802237,0.6699949564764798
2021-09-05 00:00:00+00:00,0.0717193215375289,1.0742666104463114,0.6699907807567146
2021-09-06 00:00:00+00:00,0.06951441061483414,1.074471204994992,0.6699853552700341
2021-09-07 00:00:00+00:00,0.06930159298520049,1.0746752120254657,0.6699786801520753
2021-09-08 00:00:00+00:00,0.0702271554856881,1.0748819829383738,0.6699707555697156
2021-09-09 00:00:00+00:00,0.07088522587020098,1.0750907315743858,0.6699615817210696
2021-09-10 00:00:00+00:00,0.06964794234173906,1.0752958763888647,0.6699511588354825
2021-09-11 00:00:00+00:00,0.0699742924147568,1.0755020217808833,0.6699394871735262
2021-09-12 00:00:00+00:00,0.07014252382547796,1.075708702400574,0.6699265670269916
2021-09-13 00:00:00+00:00,0.06887550207230123,1.0759116886388245,0.6699123987188816
2021-09-14 00:00:00+00:00,0.07025348074569283,1.076118775052802,0.6698969826034032
2021-09-15 00:00:00+00:00,0.06969612945560913,1.0763242581033656,0.6698803190659587
2021-09-16 00:00:00+00:00,0.07292850092089428,1.0765393121161007,0.6698624085231354
2021-09-17 00:00:00+00:00,0.06979543405836201,1.0767451683587583,0.669843251422696
2021-09-18 00:00:00+00:00,0.07127585231696942,1.0769554311795884,0.669822848243567
2021-09-19 00:00:00+00:00,0.07117898259700071,1.0771654492395712,0.6698011994958268
2021-09-20 00:00:00+00:00,0.06895290775132895,1.0773689388008159,0.6697783057206931
2021-09-21 00:00:00+00:00,0.06877749854381371,1.0775719490490885,0.669754167490509
2021-09-22 00:00:00+00:00,0.07000435960255828,1.0777786195537977,0.669728785408729
2021-09-23 00:00:00+00:00,0.0716887941352381,1.0779903035252514,0.6697021601099038
2021-09-24 00:00:00+00:00,0.06985808077639838,1.0781966222477166,0.6696742922596645
2021-09-25 00:00:00+00:00,0.06975735855462345,1.0784026829281836,0.669645182554706
2021-09-26 00:00:00+00:00,0.06641553473242506,1.07859890947844,0.6696148317227691
2021-09-27 00:00:00+00:00,0.07019548986945089,1.0788063417491893,0.6695832405226234
2021-09-28 00:00:00+00:00,0.07128493688964867,1.0790170339190188,0.6695504097440471
2021-09-29 00:00:00+00:00,0.07150928890186906,1.0792284304691793,0.6695163402078079
2021-09-30 00:00:00+00:00,0.07151263610781951,1.0794398783322625,0.6694810327656425
2021-10-01 00:00:00+00:00,0.07040420166680937,1.0796480895730334,0.6694444883002351
2021-10-02 00:00:00+00:00,0.07058286410154901,1.0798568694480575,0.6694067077251954
2021-10-03 00:00:00+00:00,0.0722001400762934,1.0800704744267877,0.6693676919850358
2021-10-04 00:00:00+00:00,0.07077675711987666,1.0802799097299134,0.6693274420551478
2021-10-05 00:00:00+00:00,0.06755480949474861,1.08047984973951,0.6692859589417777
2021-10-06 00:00:00+00:00,0.07256887363901736,1.0806946694811135,0.6692432436820009
2021-10-07 00:00:00+00:00,0.0694522368161135,1.0809003041718277,0.6691992973436969
2021-10-08 00:00:00+00:00,0.07316198306897359,1.0811169639245757,0.6691541210255216
2021-10-09 00:00:00+00:00,0.07367093630961721,1.081335174606747,0.6691077158568809
2021-10-10 00:00:00+00:00,0.07230439524674495,1.0815493808693744,0.6690600829979014
2021-10-11 00:00:00+00:00,0.0725482627769761,1.0817643521808527,0.6690112236394022
2021-10-12 00:00:00+00:00,0.07401045415040901,1.0819836997726024,0.6689611390028648
2021-10-13 00:00:00+00:00,0.06960252960512249,1.082190025258892,0.6689098303404022
2021-10-14 00:00:00+00:00,0.07166872651445867,1.0824025161656234,0.6688572989347286
2021-10-15 00:00:00+00:00,0.07167903297578108,1.0826150793591833,0.6688035460991262
2021-10-16 00:00:00+00:00,0.0699024861552628,1.0828224149361598,0.6687485731774132
2021-10-17 00:00:00+00:00,0.07440379758259608,1.0830431439766497,0.6686923815439098
2021-10-18 00:00:00+00:00,0.07054815789390968,1.08325247739782,0.6686349726034038
2021-10-19 00:00:00+00:00,0.07035561785251795,1.0834612798562793,0.6685763477911157
2021-10-20 00:00:00+00:00,0.07188749770004925,1.08367466977481,0.668516508572663
2021-10-21 00:00:00+00:00,0.07306617081403483,1.0838916011680393,0.6684554564440228
2021-10-22 00:00:00+00:00,0.0706516011614275,1.0841014057628555,0.6683931929314952
2021-10-23 00:00:00+00:00,0.0706875844000013,1.0843113578440007,0.6683297195916649
2021-10-24 00:00:00+00:00,0.0723769305918254,1.084526369153279,0.6682650380113618
2021-10-25 00:00:00+00:00,0.06951622335759215,1.0847329230637317,0.6681991498076224
2021-10-26 00:00:00+00:00,0.07052967085722531,1.0849425281487501,0.6681320566276481
2021-10-27 00:00:00+00:00,0.07046510616276346,1.0851519818211515,0.668063760148765
2021-10-28 00:00:00+00:00,0.07110485188704292,1.0853633779059249,0.6679942620783815
2021-10-29 00:00:00+00:00,0.07157681244269226,1.0855762185934112,0.6679235641539457
2021-10-30 00:00:00+00:00,0.07459032726123313,1.0857980637589233,0.6678516681429021
2021-10-31 00:00:00+00:00,0.07321878196125278,1.086015874201894,0.6677785758426472
2021-11-01 00:00:00+00:00,0.07192496683388225,1.0862298787381488,0.6677042890804847
2021-11-02 00:00:00+00:00,0.0715878282407209,1.0864429221298997,0.6676288097135797
2021-11-03 00:00:00+00:00,0.07326978188914605,1.0866610137352133,0.6675521396289127
2021-11-04 00:00:00+00:00,0.0726340709267993,1.086877256510953,0.6674742807432316
2021-11-05 00:00:00+00:00,0.07336132249395691,1.087095707888833,0.6673952350030044
2021-11-06 00:00:00+00:00,0.07412881161940471,1.087316489020182,0.6673150043843707
2021-11-07 00:00:00+00:00,0.07057769351378758,1.087526736389811,0.6672335908930918
2021-11-08 00:00:00+00:00,0.06874307235264346,1.0877315581134412,0.6671509965645005
2021-11-09 00:00:00+00:00,0.07212177720777305,1.0879464872452116,0.6670672234634509
2021-11-10 00:00:00+00:00,0.07230552171065716,1.0881620065283721,0.6669822736842662
2021-11-11 00:00:00+00:00,0.0726480496124142,1.088378589672034,0.6668961493506864
2021-11-12 00:00:00+00:00,0.07135088083221544,1.088591347948889,0.6668088526158154
2021-11-13 00:00:00+00:00,0.07193108534823044,1.0888058782424743,0.6667203856620667
2021-11-14 00:00:00+00:00,0.07314866500506984,1.0890240828902635,0.66663075070111
2021-11-15 00:00:00+00:00,0.07325956764244627,1.08924266216003,0.6665399499738145
2021-11-16 00:00:00+00:00,0.07436697504947977,1.0894645900555908,0.6664479857501935
2021-11-17 00:00:00+00:00,0.069150452513911,1.0896709927114818,0.6663548603293479
2021-11-18 00:00:00+00:00,0.06995581809802548,1.0898798388094348,0.6662605760394085
2021-11-19 00:00:00+00:00,0.0746502026360594,1.0901027422363283,0.6661651352374773
2021-11-20 00:00:00+00:00,0.07339760610960577,1.0903219502683659,0.6660685403095697
2021-11-21 00:00:00+00:00,0.07370299233713568,1.090542114625477,0.6659707936705539
2021-11-22 00:00:00+00:00,0.07211261622988692,1.090757571735051,0.6658718977640905
2021-11-23 00:00:00+00:00,0.07185514117261572,1.0909723019797144,0.6657718550625722
2021-11-24 00:00:00+00:00,0.072892046851374,1.0911901737719045,0.6656706680670612
2021-11-25 00:00:00+00:00,0.07120807015391435,1.0914030547210694,0.6655683393072274
2021-11-26 00:00:00+00:00,0.0703473449355391,1.0916134035077931,0.6654648713412841
2021-11-27 00:00:00+00:00,0.07100097742225542,1.0918257476683857,0.6653602667559253
2021-11-28 00:00:00+00:00,0.07286525824066428,1.092043709764434,0.6652545281662601
2021-11-29 00:00:00+00:00,0.07366926773029155,1.092264120888894,0.6651476582157477
2021-11-30 00:00:00+00:00,0.0752127403048401,1.0924891953482603,0.6650396595761313
2021-12-01 00:00:00+00:00,0.07331529620979052,1.0927086369070629,0.6649305349473714
2021-12-02 00:00:00+00:00,0.07348737879857908,1.0929286377112186,0.664820287057578
2021-12-03 00:00:00+00:00,0.07533116430235247,1.0931542037023916,0.6647089186629425
2021-12-04 00:00:00+00:00,0.07165361424334739,1.093368802194503,0.664596432547669
2021-12-05 00:00:00+00:00,0.07139858426715122,1.0935826788645264,0.6644828315239045
2021-12-06 00:00:00+00:00,0.07204881211316669,1.0937985455301695,0.6643681184316688
2021-12-07 00:00:00+00:00,0.07272881120282337,1.0940164925655442,0.6642522961387831
2021-12-08 00:00:00+00:00,0.07592467343269535,1.0942440620037033,0.6641353675407987
2021-12-09 00:00:00+00:00,0.07238245191295306,1.094461059450824,0.6640173355609246
2021-12-10 00:00:00+00:00,0.07488148178368821,1.0946855933299644,0.6638982031499538
2021-12-11 00:00:00+00:00,0.072226111863106,1.0949022094508378,0.6637779732861909
2021-12-12 00:00:00+00:00,0.07368569744643942,1.0951232468013559,0.6636566489753758
2021-12-13 00:00:00+00:00,0.07398318400849277,1.0953452213347261,0.6635342332506101
2021-12-14 00:00:00+00:00,0.07377242511509505,1.0955666083849072,0.6634107291722806
2021-12-15 00:00:00+00:00,0.0741104932629782,1.0957890549102491,0.6632861398279828
2021-12-16 00:00:00+00:00,0.07196041829772767,1.0960050917287627,0.6631604683324437
2021-12-17 00:00:00+00:00,0.07518736717558502,1.0962308608719356,0.6630337178274442
2021-12-18 00:00:00+00:00,0.07448290598045809,1.096454560762739,0.6629058914817404
2021-12-19 00:00:00+00:00,0.07196596176746493,1.0966707454394502,0.6627769924909843
2021-12-20 00:00:00+00:00,0.07378386646336257,1.0968924347759865,0.6626470240776439
2021-12-21 00:00:00+00:00,0.07142099100343836,1.0971070680491808,0.6625159894909226
2021-12-22 00:00:00+00:00,0.07317765084532897,1.0973270234408676,0.6623838920066785
2021-12-23 00:00:00+00:00,0.07128228613733725,1.0975413247528434,0.6622507349273417
2021-12-24 00:00:00+00:00,0.07411911798578304,1.097764198163648,0.6621165215818323
2021-12-25 00:00:00+00:00,0.07748980422054814,1.0979972544178835,0.6619812553254769
2021-12-26 00:00:00+00:00,0.07525020493437479,1.098223622961479,0.6618449395399248
2021-12-27 00:00:00+00:00,0.07413981956427428,1.0984466972114724,0.6617075776330638
2021-12-28 00:00:00+00:00,0.071688048079144,1.0986624383063823,0.6615691730389341
2021-12-29 00:00:00+00:00,0.07361043807105064,1.0988840082334397,0.6614297292176436
2021-12-30 00:00:00+00:00,0.07481356338341703,1.0991092450235795,0.6612892496552804
2021-12-31 00:00:00+00:00,0.07289980739420852,1.099328765166778,0.6611477378638263
2022-01-01 00:00:00+00:00,0.0732209193437463,1.0995492962978644,0.6610051973810687
2022-01-02 00:00:00+00:00,0.0704790666097822,1.0997616119364795,0.6608616317705123
2022-01-03 00:00:00+00:00,0.07172998158059389,1.0999777376355677,0.6607170446212898
2022-01-04 00:00:00+00:00,0.07023206090110755,1.1001893916176486,0.6605714395480724
2022-01-05 00:00:00+00:00,0.0758667107241031,1.1004180703856365,0.6604248201909795
2022-01-06 00:00:00+00:00,0.07369330603154822,1.1006402442092627,0.6602771902154873
2022-01-07 00:00:00+00:00,0.07405967303123343,1.100863567652033,0.6601285533123373
2022-01-08 00:00:00+00:00,0.07265578997992284,1.1010827022059175,0.6599789131974447
2022-01-09 00:00:00+00:00,0.07075495909120315,1.1012961462101658,0.6598282736118043
2022-01-10 00:00:00+00:00,0.07319494537585694,1.1015169936382878,0.6596766383213981
2022-01-11 00:00:00+00:00,0.0719601967453399,1.1017341590617962,0.6595240111171002
2022-01-12 00:00:00+00:00,0.07144303627817084,1.1019498062768502,0.659370395814583
2022-01-13 00:00:00+00:00,0.07296263919879835,1.1021700834443313,0.659215796254221
2022-01-14 00:00:00+00:00,0.07302489529713883,1.1023905926359563,0.6590602163009951
2022-01-15 00:00:00+00:00,0.0725689690375015,1.1026097689339953,0.658903659844396
2022-01-16 00:00:00+00:00,0.07165673755811146,1.102826233095205,0.6587461307983271
2022-01-17 00:00:00+00:00,0.07131666211595328,1.103041712234488,0.6585876331010063
2022-01-18 00:00:00+00:00,0.07278115642375219,1.1032616592246252,0.6584281707148677
2022-01-19 00:00:00+00:00,0.0745805022588244,1.103487088837414,0.6582677476264627
2022-01-20 00:00:00+00:00,0.07031429376440321,1.1036996666876324,0.6581063678463601
2022-01-21 00:00:00+00:00,0.07170785573236806,1.1039164993902917,0.6579440354090461
2022-01-22 00:00:00+00:00,0.07242184575502573,1.1041355341038404,0.6577807543728231
2022-01-23 00:00:00+00:00,0.07239791526062345,1.1043545398869479,0.6576165288197086
2022-01-24 00:00:00+00:00,0.07171640103258581,1.1045715271008236,0.6574513628553327
2022-01-25 00:00:00+00:00,0.075466715394807,1.104799906237999,0.657285260608836
2022-01-26 00:00:00+00:00,0.07314095010131084,1.105021292853928,0.6571182262327661
2022-01-27 00:00:00+00:00,0.07102935982555951,1.1052363310868731,0.6569502639029735
2022-01-28 00:00:00+00:00,0.06964931174382562,1.105447232319132,0.656781377818508
2022-01-29 00:00:00+00:00,0.07217824777583531,1.1056658329882758,0.6566115722015126
2022-01-30 00:00:00+00:00,0.07461853404498588,1.1058918690529367,0.656440851297119
2022-01-31 00:00:00+00:00,0.07265023642360172,1.1061119876988152,0.6562692193733409
2022-02-01 00:00:00+00:00,0.06884775376737212,1.1063206269474952,0.6560966807209676
2022-02-02 00:00:00+00:00,0.0702158826398626,1.1065334523702455,0.6559232396534563
2022-02-03 00:00:00+00:00,0.07242413739530529,1.106753013276511,0.6557489005068247
2022-02-04 00:00:00+00:00,0.07379855246785873,1.1069767852499885,0.6555736676395422
2022-02-05 00:00:00+00:00,0.07236503920968627,1.107196254889629,0.6553975454324216
2022-02-06 00:00:00+00:00,0.07233257801111537,1.107415669573137,0.6552205382885088
2022-02-07 00:00:00+00:00,0.07367226832716786,1.1076391923795987,0.6550426506329732
2022-02-08 00:00:00+00:00,0.07390022025576008,1.1078634520516009,0.6548638869129969
2022-02-09 00:00:00+00:00,0.07095304743677912,1.1080788117449347,0.6546842515976636
2022-02-10 00:00:00+00:00,0.07257585748490564,1.1082991398817108,0.6545037491778468
2022-02-11 00:00:00+00:00,0.07043260869075109,1.1085130039902904,0.6543223841660977
2022-02-12 00:00:00+00:00,0.07020267942449199,1.108726211067159,0.654140161096532
2022-02-13 00:00:00+00:00,0.07264785873738754,1.10894688664294,0.653957084524717
2022-02-14 00:00:00+00:00,0.06957697062072066,1.1091582761359589,0.6537731590275575
2022-02-15 00:00:00+00:00,0.07191269016040021,1.1093768036851386,0.6535883892031814
2022-02-16 00:00:00+00:00,0.07207394173820401,1.1095958643950414,0.6534027796708245
2022-02-17 00:00:00+00:00,0.07283831826178531,1.109817292057268,0.6532163350707156
2022-02-18 00:00:00+00:00,0.06976349028819007,1.110029414599394,0.65302906006396
2022-02-19 00:00:00+00:00,0.07200211822420323,1.1102483857477292,0.652840959332423
2022-02-20 00:00:00+00:00,0.07118353349565466,1.1104649101399358,0.6526520375786132
2022-02-21 00:00:00+00:00,0.07354057967361999,1.1106886477651383,0.6524622995255646
2022-02-22 00:00:00+00:00,0.0701362161676169,1.110902071050329,0.6522717499167185
2022-02-23 00:00:00+00:00,0.06952322074798473,1.1111136696528359,0.6520803935158054
2022-02-24 00:00:00+00:00,0.07187555313406148,1.1113324694051678,0.6518882351067252
2022-02-25 00:00:00+00:00,0.06977754631089861,1.111544924344485,0.6516952794934282
2022-02-26 00:00:00+00:00,0.06905494588983123,1.1117552193434022,0.6515015314997946
2022-02-27 00:00:00+00:00,0.0722957239814617,1.1119754252296286,0.6513069959695142
2022-02-28 00:00:00+00:00,0.07150952769846014,1.1121932795788627,0.6511116777659652
2022-03-01 00:00:00+00:00,0.06612926613118705,1.1123947823881082,0.6509155817720924
2022-03-02 00:00:00+00:00,0.06934650646476606,1.112606126749665,0.6507187128902856
2022-03-03 00:00:00+00:00,0.06899665710489987,1.112816444841227,0.6505210760422564
2022-03-04 00:00:00+00:00,0.07155512008914452,1.1130346029627278,0.6503226761689157
2022-03-05 00:00:00+00:00,0.07272650086694722,1.1132563758723644,0.6501235182302502
2022-03-06 00:00:00+00:00,0.07353307104611304,1.1134806530235413,0.6499236072051978
2022-03-07 00:00:00+00:00,0.0714325267488278,1.1136985673702027,0.6497229480915239
2022-03-08 00:00:00+00:00,0.06865597147696936,1.1139080524580802,0.6495215459056957
2022-03-09 00:00:00+00:00,0.06852895821743579,1.1141171893303679,0.6493194056827574
2022-03-10 00:00:00+00:00,0.0687218810365145,1.1143269543411785,0.649116532476204
2022-03-11 00:00:00+00:00,0.0708094665644445,1.1145431321417683,0.6489129313578554
2022-03-12 00:00:00+00:00,0.07189713257787739,1.1147626731152898,0.6487086074177286
2022-03-13 00:00:00+00:00,0.06704529506173827,1.1149674391217084,0.6485035657639117
2022-03-14 00:00:00+00:00,0.07075802538800158,1.1151835840377746,0.6482978115224352
2022-03-15 00:00:00+00:00,0.07115748702581276,1.115400991329316,0.6480913498371444
2022-03-16 00:00:00+00:00,0.0701605343521761,1.1156153944240246,0.6478841858695709
2022-03-17 00:00:00+00:00,0.07446115380059558,1.1158429834910562,0.6476763247988029
2022-03-18 00:00:00+00:00,0.07032926786755526,1.1160579873816974,0.6474677718213563
2022-03-19 00:00:00+00:00,0.06949410243651137,1.116270479020328,0.6472585321510449
2022-03-20 00:00:00+00:00,0.07027951449593835,1.116485413122552,0.6470486110188495
2022-03-21 00:00:00+00:00,0.06846524878842535,1.1166948390172864,0.6468380136727873
2022-03-22 00:00:00+00:00,0.06754982954192829,1.1169015035269467,0.6466267453777811
2022-03-23 00:00:00+00:00,0.06974865905999877,1.1171149347109826,0.6464148114155273
2022-03-24 00:00:00+00:00,0.07076195474832718,1.1173315079615544,0.6462022170843638
2022-03-25 00:00:00+00:00,0.0685947210514222,1.1175414889015836,0.6459889676991379
2022-03-26 00:00:00+00:00,0.07025081943725414,1.1177565798751463,0.6457750685910733
2022-03-27 00:00:00+00:00,0.06821321058660404,1.1179654723819068,0.6455605251076362
2022-03-28 00:00:00+00:00,0.07113812682437558,1.1181833627094673,0.6453453426124026
2022-03-29 00:00:00+00:00,0.06892694905228806,1.1183945215250086,0.6451295264849239
2022-03-30 00:00:00+00:00,0.06931953387695543,1.118606923133016,0.644913082120592
2022-03-31 00:00:00+00:00,0.06958020250305,1.118820163944613,0.6446960149305044
2022-04-01 00:00:00+00:00,0.0663153391494203,1.119023437749049,0.64447833034133
2022-04-02 00:00:00+00:00,0.06798239725572455,1.1192318593816069,0.6442600337951718
2022-04-03 00:00:00+00:00,0.07092816061097372,1.119449352688684,0.6440411307494324
2022-04-04 00:00:00+00:00,0.06813355744242607,1.1196583172551915,0.6438216266766764
2022-04-05 00:00:00+00:00,0.07009386497419638,1.1198733341837035,0.6436015270644941
2022-04-06 00:00:00+00:00,0.06922693381737402,1.1200857325321676,0.6433808374153646
2022-04-07 00:00:00+00:00,0.065069772564357,1.1202854139674236,0.6431595632465172
2022-04-08 00:00:00+00:00,0.06878273601677792,1.120496527106855,0.6429377100897951
2022-04-09 00:00:00+00:00,0.06599932675215489,1.1206991353710116,0.6427152834915153
2022-04-10 00:00:00+00:00,0.06793346866289801,1.1209077188767467,0.6424922890123314
2022-04-11 00:00:00+00:00,0.06682788793464706,1.1211129459874924,0.6422687322270936
2022-04-12 00:00:00+00:00,0.06739342448230162,1.1213199477427296,0.64204461872471
2022-04-13 00:00:00+00:00,0.06716380053884458,1.1215262822887855,0.6418199541080063
2022-04-14 00:00:00+00:00,0.06754331984403053,1.121733820941931,0.6415947439935865
2022-04-15 00:00:00+00:00,0.06641593193777229,1.1219379332627637,0.6413689940116915
2022-04-16 00:00:00+00:00,0.06497092900790584,1.1221376410704713,0.6411427098060593
2022-04-17 00:00:00+00:00,0.06539137062410273,1.1223386770112342,0.6409158970337829
2022-04-18 00:00:00+00:00,0.06818951891060891,1.1225483529960019,0.6406885613651702
2022-04-19 00:00:00+00:00,0.06931072090202198,1.1227615163811895,0.6404607084836008
2022-04-20 00:00:00+00:00,0.0669816440062502,1.122967555866653,0.6402323440853851
2022-04-21 00:00:00+00:00,0.06780504348491215,1.1231761664528384,0.640003473879621
2022-04-22 00:00:00+00:00,0.06791571452398257,1.1233851563484025,0.6397741035880518
2022-04-23 00:00:00+00:00,0.06431058007414565,1.1235830893649819,0.6395442389449226
2022-04-24 00:00:00+00:00,0.06345928624319855,1.123778436709875,0.6393138856968379
2022-04-25 00:00:00+00:00,0.06610041231496186,1.1239819496359498,0.6390830496026165
2022-04-26 00:00:00+00:00,0.06324796971335354,1.12417671559844,0.6388517364331492
2022-04-27 00:00:00+00:00,0.06558697542493265,1.1243787192987666,0.6386199519712528
2022-04-28 00:00:00+00:00,0.06368778111390057,1.1245749088488046,0.6383877020115268
2022-04-29 00:00:00+00:00,0.06487864202182483,1.1247748017061687,0.6381549923602085
2022-04-30 00:00:00+00:00,0.06459768400630264,1.124973864301289,0.6379218288350265
2022-05-01 00:00:00+00:00,0.06641443505056935,1.125178561571547,0.6376882172650572
2022-05-02 00:00:00+00:00,0.06457377548908333,1.125377621921739,0.6374541634905774
2022-05-03 00:00:00+00:00,0.06373346007996265,1.1255741266059627,0.6372196733629195
2022-05-04 00:00:00+00:00,0.06543901397974199,1.1257759251292674,0.6369847527443244
2022-05-05 00:00:00+00:00,0.06972758603254081,1.1259909871502887,0.6367494075077953
2022-05-06 00:00:00+00:00,0.06592728348144708,1.1261943666763363,0.6365136435369508
2022-05-07 00:00:00+00:00,0.0621823688941275,1.1263862281381312,0.636277466725878
2022-05-08 00:00:00+00:00,0.06514871310151489,1.1265872763935243,0.6360408829789849
2022-05-09 00:00:00+00:00,0.0687807380921087,1.1267995709261147,0.6358038982108527
2022-05-10 00:00:00+00:00,0.06509054047040441,1.1270005133728913,0.6355665183460883
2022-05-11 00:00:00+00:00,0.06667096715343558,1.127206371494012,0.6353287493191762
2022-05-12 00:00:00+00:00,0.06632870449704222,1.1274112102291407,0.6350905970743294
2022-05-13 00:00:00+00:00,0.06636010352868497,1.127616183173333,0.6348520675653416
2022-05-14 00:00:00+00:00,0.06606820422937631,1.1278202916015034,0.6346131667554383
2022-05-15 00:00:00+00:00,0.06483093880342558,1.1280206139256297,0.6343739006171272
2022-05-16 00:00:00+00:00,0.0640459423000798,1.1282185458246785,0.6341342751320493
2022-05-17 00:00:00+00:00,0.06382056465939706,1.128415815810031,0.6338942962908294
2022-05-18 00:00:00+00:00,0.06433530462918367,1.1286147116326573,0.6336539700929257
2022-05-19 00:00:00+00:00,0.06471251377779619,1.1288148088794419,0.6334133025464809
2022-05-20 00:00:00+00:00,0.062076093152081284,1.1290067880937635,0.633172299668171
2022-05-21 00:00:00+00:00,0.06348714670566034,1.1292031645857838,0.6329309674830556
2022-05-22 00:00:00+00:00,0.06376583250272229,1.129400437407303,0.6326893120244265
2022-05-23 00:00:00+00:00,0.06390793415767812,1.1295981843902934,0.6324473393336576
2022-05-24 00:00:00+00:00,0.06320173227467812,1.1297937804506435,0.6322050554600538
2022-05-25 00:00:00+00:00,0.0647966434766286,1.129994347148709,0.6319624664606991
2022-05-26 00:00:00+00:00,0.06335251343235312,1.1301904786063974,0.631719578400306
2022-05-27 00:00:00+00:00,0.06286749718571709,1.1303851422960771,0.6314763973510632
2022-05-28 00:00:00+00:00,0.06149823523047201,1.1305755989847948,0.6312329293924844
2022-05-29 00:00:00+00:00,0.06211102988901647,1.1307679858747135,0.6309891806112559
2022-05-30 00:00:00+00:00,0.06354589669303086,1.1309648507120125,0.6307451571010844
2022-05-31 00:00:00+00:00,0.0633053548809381,1.1311610044962104,0.630500864962545
2022-06-01 00:00:00+00:00,0.059994425271006305,1.1313469314944398,0.6302563103029284
2022-06-02 00:00:00+00:00,0.06436562827518622,1.1315464379493516,0.6300114992360886
2022-06-03 00:00:00+00:00,0.061852760399450056,1.131738189375947,0.6297664378822891
2022-06-04 00:00:00+00:00,0.06148211406051792,1.1319288240511411,0.6295211323680513
2022-06-05 00:00:00+00:00,0.06443623477591985,1.132128652082528,0.6292755888260003
2022-06-06 00:00:00+00:00,0.0644392207706196,1.1323285246528083,0.6290298133947116
2022-06-07 00:00:00+00:00,0.061557977131317804,1.1325194941142487,0.6287838122185585
2022-06-08 00:00:00+00:00,0.06202344745985228,1.132711940041209,0.6285375914475573
2022-06-09 00:00:00+00:00,0.06065347881643154,1.1329001672183607,0.6282911572372146
2022-06-10 00:00:00+00:00,0.06364449524023502,1.1330977092986354,0.6280445157483728
2022-06-11 00:00:00+00:00,0.06371469658097148,1.1332955037554697,0.6277976731470563
2022-06-12 00:00:00+00:00,0.06163492755251681,1.1334868752247014,0.6275506356043172
2022-06-13 00:00:00+00:00,0.06431709446979691,1.1336866083272605,0.6273034092960813
2022-06-14 00:00:00+00:00,0.06354483075659827,1.1338839779811158,0.6270560004029934
2022-06-15 00:00:00+00:00,0.061919759315754816,1.1340763336605912,0.6268084151102629
2022-06-16 00:00:00+00:00,0.06312706270519103,1.1342724731340912,0.6265606596075092
2022-06-17 00:00:00+00:00,0.059503042446665357,1.1344573845398858,0.626312740088607
2022-06-18 00:00:00+00:00,0.06153223988962687,1.1346486330438037,0.6260646627515315
2022-06-19 00:00:00+00:00,0.06224632670574971,1.1348421336178,0.625816433798203
2022-06-20 00:00:00+00:00,0.06179665544920496,1.1350342690926505,0.6255680594343325
2022-06-21 00:00:00+00:00,0.06483171194099574,1.1352358751605327,0.6253195458692661
2022-06-22 00:00:00+00:00,0.06216814689192701,1.1354292327239408,0.62507089931583
2022-06-23 00:00:00+00:00,0.0621986688508675,1.1356227181673648,0.6248221259901753
2022-06-24 00:00:00+00:00,0.05960469940480403,1.1358081659776489,0.6245732321116219
2022-06-25 00:00:00+00:00,0.06126425833744128,1.1359988082924497,0.6243242239025039
2022-06-26 00:00:00+00:00,0.060320108263389766,1.1361865441036916,0.6240751075880134
2022-06-27 00:00:00+00:00,0.06496955101146597,1.1363887839109126,0.6238258893960457
2022-06-28 00:00:00+00:00,0.06077508730983709,1.1365780006987485,0.6235765755570422
2022-06-29 00:00:00+00:00,0.0615303723382511,1.136769600883884,0.623327172303836
2022-06-30 00:00:00+00:00,0.06312988782489122,1.1369662149589155,0.6230776858714957
2022-07-01 00:00:00+00:00,0.06224670630810928,1.1371601119508739,0.6228281224971688
2022-07-02 00:00:00+00:00,0.0591014242750776,1.1373442428611342,0.6225784884199267
2022-07-03 00:00:00+00:00,0.06213401061822161,1.1375378531604836,0.6223287898806085
2022-07-04 00:00:00+00:00,0.06220070163359521,1.137731704263501,0.6220790331216646
2022-07-05 00:00:00+00:00,0.06082293544539673,1.137921293803234,0.6218292243870008
2022-07-06 00:00:00+00:00,0.06175320017717289,1.1381138151222532,0.6215793699218227
2022-07-07 00:00:00+00:00,0.0611763867681328,1.1383045704398973,0.6213294759724788
2022-07-08 00:00:00+00:00,0.058904943859389554,1.138488273910628,0.6210795487863048
2022-07-09 00:00:00+00:00,0.060102677704250165,1.138675742934729,0.6208295946114674
2022-07-10 00:00:00+00:00,0.060945112525476415,1.1388658709382447,0.6205796196968079
2022-07-11 00:00:00+00:00,0.06000169165820013,1.139053087044623,0.6203296302916862
2022-07-12 00:00:00+00:00,0.06165844349732136,1.139245504141631,0.6200796326458243
2022-07-13 00:00:00+00:00,0.06232256134278358,1.1394400266014018,0.6198296330091505
2022-07-14 00:00:00+00:00,0.061200683873367294,1.139631080050335,0.6195796376316426
2022-07-15 00:00:00+00:00,0.06020370033689529,1.1398190526750966,0.619329652763172
2022-07-16 00:00:00+00:00,0.06278036352494804,1.1400151026873695,0.6190796846533473
2022-07-17 00:00:00+00:00,0.06091699698029056,1.1402053665135827,0.6188297395513584
2022-07-18 00:00:00+00:00,0.061216823221457904,1.1403965987063442,0.6185798237058198
2022-07-19 00:00:00+00:00,0.059518425930724456,1.1405825565433079,0.6183299433646146
2022-07-20 00:00:00+00:00,0.06031540543703208,1.1407710351716156,0.6180801047747382
2022-07-21 00:00:00+00:00,0.06211854476058576,1.1409651804773961,0.6178303141821425
2022-07-22 00:00:00+00:00,0.06171772437477547,1.1411581058870672,0.6175805778315793
2022-07-23 00:00:00+00:00,0.060303499678845233,1.1413466424006888,0.6173309019664442
2022-07-24 00:00:00+00:00,0.06057967035344582,1.141536073642759,0.617081292828621
2022-07-25 00:00:00+00:00,0.06085019632304812,1.1417263823939674,0.616831756658325
2022-07-26 00:00:00+00:00,0.05912561212398024,1.1419113283425621,0.6165822996939476
2022-07-27 00:00:00+00:00,0.06024629294953227,1.1420998103272462,0.6163329281718998
2022-07-28 00:00:00+00:00,0.05974504490796063,1.1422867549969924,0.6160836483264567
2022-07-29 00:00:00+00:00,0.05842307764998367,1.1424695931005149,0.6158344663896015
2022-07-30 00:00:00+00:00,0.06072054374839094,1.1426596516619094,0.6155853885908696
2022-07-31 00:00:00+00:00,0.060268366261039215,1.1428483262657396,0.615336421157193
2022-08-01 00:00:00+00:00,0.05828134760675256,1.1430308104864653,0.6150875703127445
2022-08-02 00:00:00+00:00,0.059278753659514044,1.1432164473134243,0.6148388422787825
2022-08-03 00:00:00+00:00,0.06033604848326372,1.1434054258421693,0.6145902432734945
2022-08-04 00:00:00+00:00,0.05612672733790254,1.1435812494163418,0.6143417795118431
2022-08-05 00:00:00+00:00,0.06073713834303563,1.1437715449027863,0.6140934572054091
2022-08-06 00:00:00+00:00,0.06086024220127877,1.1439622578157884,0.6138452825622374
2022-08-07 00:00:00+00:00,0.06143372081340721,1.1441547998924124,0.6135972617866811
2022-08-08 00:00:00+00:00,0.05956885971609019,1.1443415286506817,0.6133494010792465
2022-08-09 00:00:00+00:00,0.058330244050075135,1.1445244045976486,0.6131017066364387
2022-08-10 00:00:00+00:00,0.06141055478112542,1.144716968648736,0.6128541846506056
2022-08-11 00:00:00+00:00,0.058410587041730036,1.1449001565669152,0.612606841309784
2022-08-12 00:00:00+00:00,0.06129056829877265,1.145092407474426,0.6123596827975447
2022-08-13 00:00:00+00:00,0.059472841242933804,1.1452789880195169,0.6121127152928376
2022-08-14 00:00:00+00:00,0.05897653701471369,1.1454640416869941,0.6118659449698373
2022-08-15 00:00:00+00:00,0.06094584249796869,1.1456553054433551,0.6116193779977891
2022-08-16 00:00:00+00:00,0.06219837704495077,1.1458505325684278,0.6113730205408544
2022-08-17 00:00:00+00:00,0.060291398997469485,1.146039806353772,0.611126878757957
2022-08-18 00:00:00+00:00,0.060171115460078924,1.1462287337332513,0.6108809588026284
2022-08-19 00:00:00+00:00,0.05802097436865142,1.1464109400564857,0.6106352668228548
2022-08-20 00:00:00+00:00,0.061815681598775034,1.1466050939569017,0.610389808960923
2022-08-21 00:00:00+00:00,0.06069437101600785,1.1467957582719193,0.6101445913532665
2022-08-22 00:00:00+00:00,0.06019484438359942,1.1469848848259165,0.6098996201303128
2022-08-23 00:00:00+00:00,0.06258329847896281,1.1471815481064587,0.60965490141633
2022-08-24 00:00:00+00:00,0.058289006101414485,1.147364748304423,0.6094104413292729
2022-08-25 00:00:00+00:00,0.05990369530044237,1.1475530534777951,0.609166245980631
2022-08-26 00:00:00+00:00,0.06068939459164503,1.147743859779377,0.6089223214752754
2022-08-27 00:00:00+00:00,0.0602613269857604,1.1479333517465826,0.6086786739113058
2022-08-28 00:00:00+00:00,0.05707334101602769,1.1481128487100016,0.6084353093798989
2022-08-29 00:00:00+00:00,0.06127674288436186,1.1483055956026937,0.6081922339651551
2022-08-30 00:00:00+00:00,0.06073252542630128,1.1484966627226447,0.6079494537439473
2022-08-31 00:00:00+00:00,0.062320937429288084,1.1486927596778649,0.6077069747857682
2022-09-01 00:00:00+00:00,0.06389206881330069,1.1488938346281299,0.6074648031525791
2022-09-02 00:00:00+00:00,0.06057885969624387,1.1490845159388525,0.6072229448986585
2022-09-03 00:00:00+00:00,0.06146677913974845,1.1492780242242064,0.6069814060704498
2022-09-04 00:00:00+00:00,0.061299955306649015,1.1494710398174115,0.6067401927064113
2022-09-05 00:00:00+00:00,0.06120625280061102,1.1496637927353568,0.6064993108368646
2022-09-06 00:00:00+00:00,0.06077621355720211,1.1498552234536752,0.6062587664838438
2022-09-07 00:00:00+00:00,0.061596528547760626,1.1500492702758593,0.6060185656609453
2022-09-08 00:00:00+00:00,0.06274276475924981,1.1502469614288084,0.6057787143731769
2022-09-09 00:00:00+00:00,0.05981163150812873,1.150435449503878,0.6055392186168085
2022-09-10 00:00:00+00:00,0.06397216960300157,1.1506370819742697,0.6053000843792216
2022-09-11 00:00:00+00:00,0.061916594286513256,1.1508322697259836,0.6050613176387596
2022-09-12 00:00:00+00:00,0.06164879539568195,1.1510266462277128,0.6048229243645785
2022-09-13 00:00:00+00:00,0.057858605358680947,1.1512091032043743,0.6045849105164979
2022-09-14 00:00:00+00:00,0.061255107411768914,1.151402301662649,0.6043472820448514
2022-09-15 00:00:00+00:00,0.059846709513432766,1.1515910897149246,0.6041100448903387
2022-09-16 00:00:00+00:00,0.062212372585209896,1.1517873724928402,0.6038732049838761
2022-09-17 00:00:00+00:00,0.06282513898129995,1.1519856223606588,0.6036367682464489
2022-09-18 00:00:00+00:00,0.06315829354310183,1.1521849578294108,0.6034007405889633
2022-09-19 00:00:00+00:00,0.0612262497480774,1.1523782289636135,0.6031651279120984
2022-09-20 00:00:00+00:00,0.061407018149773146,1.1525721032398366,0.602929936106159
2022-09-21 00:00:00+00:00,0.062218311461889615,1.152768571979841,0.6026951710509277
2022-09-22 00:00:00+00:00,0.05845988571183855,1.1529532040866086,0.602460838615519
2022-09-23 00:00:00+00:00,0.06100132308203173,1.1531458935959265,0.6022269446582313
2022-09-24 00:00:00+00:00,0.060883381884828704,1.1533382426967724,0.6019934950264015
2022-09-25 00:00:00+00:00,0.06252494915820367,1.1535358109570104,0.6017604955562583
2022-09-26 00:00:00+00:00,0.06110440479781999,1.1537289236121926,0.6015279520727761
2022-09-27 00:00:00+00:00,0.06295360175301384,1.1539279137250364,0.60129587038953
2022-09-28 00:00:00+00:00,0.06159633353261458,1.1541226472281774,0.6010642563085501
2022-09-29 00:00:00+00:00,0.06321684892950324,1.1543225376310156,0.6008331156201762
2022-09-30 00:00:00+00:00,0.06531025991242277,1.154529083124044,0.6006024541029135
2022-10-01 00:00:00+00:00,0.06436908950871864,1.1547326885648441,0.6003722775232879
2022-10-02 00:00:00+00:00,0.06350249665616008,1.1549335883146918,0.600142591635702
2022-10-03 00:00:00+00:00,0.06384912032258075,1.15513561980413,0.599913402182291
2022-10-04 00:00:00+00:00,0.06163374238775642,1.1553306755060861,0.5996847148927792
2022-10-05 00:00:00+00:00,0.06107772659274986,1.1555240041940937,0.599456535484337
2022-10-06 00:00:00+00:00,0.06101615982434687,1.1557171703237397,0.5992288696614377
2022-10-07 00:00:00+00:00,0.06263044925619941,1.1559154801472753,0.5990017231157151
2022-10-08 00:00:00+00:00,0.06459901669898087,1.1561200582387947,0.5987751015258209
2022-10-09 00:00:00+00:00,0.06134725867304459,1.1563143727491232,0.598549010557283
2022-10-10 00:00:00+00:00,0.06319704314921919,1.156514580007503,0.5983234558623641
2022-10-11 00:00:00+00:00,0.06067622570975183,1.1567068346367992,0.5980984430799196
2022-10-12 00:00:00+00:00,0.06077576661013804,1.1568994366768492,0.5978739778352574
2022-10-13 00:00:00+00:00,0.06394021437353326,1.1571021007809308,0.5976500657399969
2022-10-14 00:00:00+00:00,0.06167740312433628,1.1572976269527824,0.5974267123919288
2022-10-15 00:00:00+00:00,0.06168826147987316,1.1574932205928412,0.5972039233748753
2022-10-16 00:00:00+00:00,0.06577866590891095,1.1577018188390034,0.5969817042585501
2022-10-17 00:00:00+00:00,0.06297314265439202,1.1579015561589734,0.5967600605984196
2022-10-18 00:00:00+00:00,0.0628573977993839,1.1581009607582282,0.5965389979355636
2022-10-19 00:00:00+00:00,0.06263420900474428,1.1582996915462411,0.5963185217965374
2022-10-20 00:00:00+00:00,0.0636562253474807,1.1585016997275697,0.5960986376932329
2022-10-21 00:00:00+00:00,0.06202614756681019,1.1586985693094427,0.5958793511227412
2022-10-22 00:00:00+00:00,0.06322859262157142,1.1588992895281005,0.595660667567215
2022-10-23 00:00:00+00:00,0.06482743555256461,1.1591051209500287,0.5954425924937321
2022-10-24 00:00:00+00:00,0.06277120214714554,1.1593044590921024,0.5952251313541578
2022-10-25 00:00:00+00:00,0.0597386773542196,1.159494199681245,0.5950082895850092
2022-10-26 00:00:00+00:00,0.062379317336312384,1.1596923598363997,0.5947920726073195
2022-10-27 00:00:00+00:00,0.06456849935825913,1.1598975094128159,0.5945764858265015
2022-10-28 00:00:00+00:00,0.06515236166852181,1.1601045506786563,0.5943615346322138
2022-10-29 00:00:00+00:00,0.06407092430496963,1.1603081916946902,0.594147224398225
2022-10-30 00:00:00+00:00,0.06572112516760424,1.1605171143245516,0.5939335604822796
2022-10-31 00:00:00+00:00,0.062074882919898676,1.1607144813492043,0.5937205482259647
2022-11-01 00:00:00+00:00,0.06560676984135014,1.1609231134802438,0.5935081929545754
2022-11-02 00:00:00+00:00,0.06405712122761309,1.161126854281932,0.5932964999769823
2022-11-03 00:00:00+00:00,0.06481022127980232,1.1613330265788084,0.5930854745854991
2022-11-04 00:00:00+00:00,0.05955924593491186,1.1615225282756367,0.5928751220557494
2022-11-05 00:00:00+00:00,0.06524195854509371,1.1617301447267023,0.5926654476465356
2022-11-06 00:00:00+00:00,0.06430578837197241,1.1619348186248726,0.592456456599707
2022-11-07 00:00:00+00:00,0.06687168158593099,1.1621476968035431,0.5922481541400288
2022-11-08 00:00:00+00:00,0.06434405667556609,1.162352566111128,0.5920405454750517
2022-11-09 00:00:00+00:00,0.06265405399979272,1.1625520896739883,0.5918336357949815
2022-11-10 00:00:00+00:00,0.06296106882968984,1.1627526253510734,0.5916274302725494
2022-11-11 00:00:00+00:00,0.0648259316727384,1.162959136370918,0.5914219340628828
2022-11-12 00:00:00+00:00,0.06473042246009744,1.1631653797577706,0.5912171523033761
2022-11-13 00:00:00+00:00,0.06336834552091576,1.1633673191158045,0.5910130901135628
2022-11-14 00:00:00+00:00,0.06276795255061636,1.163567379895764,0.5908097525949869
2022-11-15 00:00:00+00:00,0.06669400081318397,1.163779990755438,0.5906071448310759
2022-11-16 00:00:00+00:00,0.06411151118372822,1.163984406355144,0.5904052718870131
2022-11-17 00:00:00+00:00,0.0644158406330117,1.1641898283661551,0.5902041388096118
2022-11-18 00:00:00+00:00,0.06376720853238063,1.1643932177786394,0.5900037506271884
2022-11-19 00:00:00+00:00,0.0667129035303476,1.164606039840034,0.589804112349437
2022-11-20 00:00:00+00:00,0.06633612957451258,1.1648176986267793,0.5896052289673042
2022-11-21 00:00:00+00:00,0.06317753826378247,1.1650193159273967,0.589407105452864
2022-11-22 00:00:00+00:00,0.06464164363351244,1.1652256413067017,0.5892097467591942
2022-11-23 00:00:00+00:00,0.0634192883829582,1.165428100980612,0.5890131578202519
2022-11-24 00:00:00+00:00,0.06762932955912089,1.1656440382987452,0.58881734355075
2022-11-25 00:00:00+00:00,0.06555747012542659,1.1658533990500264,0.5886223088460353
2022-11-26 00:00:00+00:00,0.0645163552173787,1.1660594719596826,0.5884280585819652
2022-11-27 00:00:00+00:00,0.06447391832500513,1.1662654457217572,0.5882345976147862
2022-11-28 00:00:00+00:00,0.06583924762707974,1.166475818432661,0.5880419307810124
2022-11-29 00:00:00+00:00,0.06469610584602976,1.1666825758107873,0.5878500628973046
2022-11-30 00:00:00+00:00,0.06742060867519141,1.166898078411861,0.5876589987603498
2022-12-01 00:00:00+00:00,0.06375807991817747,1.1671019117842987,0.5874687431467416
2022-12-02 00:00:00+00:00,0.0633354395800251,1.1673044293531138,0.5872793008128605
2022-12-03 00:00:00+00:00,0.06734244999099685,1.1675197968603959,0.5870906764947548
2022-12-04 00:00:00+00:00,0.06462673765861152,1.1677265173963491,0.5869028749080226
2022-12-05 00:00:00+00:00,0.06743286524392612,1.1679422520398817,0.5867159007476941
2022-12-06 00:00:00+00:00,0.06665986653792356,1.1681555530663064,0.5865297586881132
2022-12-07 00:00:00+00:00,0.06333912668811281,1.1683582652651203,0.5863444533828219
2022-12-08 00:00:00+00:00,0.06449739970071003,1.1685647202514997,0.5861599894644431
2022-12-09 00:00:00+00:00,0.06552019579317983,1.1687744862494938,0.5859763715445653
2022-12-10 00:00:00+00:00,0.06514928277552058,1.1689831021933443,0.5857936042136268
2022-12-11 00:00:00+00:00,0.06596713244107653,1.1691943746950533,0.5856116920408013
2022-12-12 00:00:00+00:00,0.06462607604454522,1.169401389611683,0.5854306395738837
2022-12-13 00:00:00+00:00,0.06544854681370538,1.1696110762461818,0.5852504513391764
2022-12-14 00:00:00+00:00,0.06710839548131724,1.1698261193219737,0.5850711318413757
2022-12-15 00:00:00+00:00,0.06763486568959788,1.1700428892739203,0.5848926855634597
2022-12-16 00:00:00+00:00,0.06447882488422554,1.1702495823987544,0.5847151169665762
2022-12-17 00:00:00+00:00,0.06534340315511607,1.1704590840158908,0.5845384304899307
2022-12-18 00:00:00+00:00,0.06552770947072352,1.1706692141605615,0.584362630550676
2022-12-19 00:00:00+00:00,0.06371868322971758,1.1708735799162433,0.5841877215438015
2022-12-20 00:00:00+00:00,0.0671750585581076,1.1710890689608873,0.5840137078420231
2022-12-21 00:00:00+00:00,0.06663875735122292,1.1713028769617178,0.5838405937956744
2022-12-22 00:00:00+00:00,0.06659642520126817,1.1715165881519467,0.5836683837325976
2022-12-23 00:00:00+00:00,0.06567056973692484,1.1717273666774268,0.5834970819580351
2022-12-24 00:00:00+00:00,0.06716212702515074,1.1719429713410972,0.5833266927545224
2022-12-25 00:00:00+00:00,0.06732136888147293,1.1721591269714582,0.5831572203817809
2022-12-26 00:00:00+00:00,0.06763488166863722,1.1723763292833749,0.5829886690766108
2022-12-27 00:00:00+00:00,0.06565727089623792,1.1725872197771943,0.5828210430527863
2022-12-28 00:00:00+00:00,0.06645296777923088,1.17280070443674,0.5826543465009489
2022-12-29 00:00:00+00:00,0.06536118489694238,1.1730107198989042,0.5824885835885041
2022-12-30 00:00:00+00:00,0.0654743522609989,1.173221136658029,0.5823237584595157
2022-12-31 00:00:00+00:00,0.06744429338500742,1.1734379231526764,0.5821598752346036
2023-01-01 00:00:00+00:00,0.06606493914351404,1.1736503152211195,0.5819969380108397
2023-01-02 00:00:00+00:00,0.06576495800075621,1.173861781149032,0.5818349508616463
2023-01-03 00:00:00+00:00,0.06691038175225503,1.174076968929583,0.5816739178366936
2023-01-04 00:00:00+00:00,0.06701279614023713,1.1742925255886838,0.5815138429617988
2023-01-05 00:00:00+00:00,0.06489097865632121,1.174501295427627,0.5813547302388254
2023-01-06 00:00:00+00:00,0.06505762527229624,1.1747106386198456,0.5811965836455834
2023-01-07 00:00:00+00:00,0.06710326835101021,1.1749266027930458,0.5810394071357292
2023-01-08 00:00:00+00:00,0.06682843921696376,1.175141722001427,0.5808832046386674
2023-01-09 00:00:00+00:00,0.06572836065070707,1.1753533388203843,0.5807279800594523
2023-01-10 00:00:00+00:00,0.06783879403038111,1.1755717896506996,0.5805737372786902
2023-01-11 00:00:00+00:00,0.06589746804059395,1.175784028566968,0.5804204801524429
2023-01-12 00:00:00+00:00,0.06314909446643541,1.1759874523935219,0.5802682125121301
2023-01-13 00:00:00+00:00,0.06485115572417773,1.1761963952576449,0.5801169381644353
2023-01-14 00:00:00+00:00,0.06383057773811036,1.176402086478036,0.5799666608912091
2023-01-15 00:00:00+00:00,0.06775768066750688,1.1766204707983432,0.5798173844493756
2023-01-16 00:00:00+00:00,0.06679249933893701,1.176835784283324,0.579669112570838
2023-01-17 00:00:00+00:00,0.06620700284774507,1.1770492494069442,0.5795218489623856
2023-01-18 00:00:00+00:00,0.0625456653116609,1.177250946197105,0.5793755973056007
2023-01-19 00:00:00+00:00,0.06379812727712908,1.1774567171716326,0.5792303612567675
2023-01-20 00:00:00+00:00,0.06577868253569692,1.177668913203409,0.5790861444467795
2023-01-21 00:00:00+00:00,0.06332412291194729,1.1778732278637085,0.5789429504810493
2023-01-22 00:00:00+00:00,0.06739560790200386,1.1780907168561014,0.5788007829394187
2023-01-23 00:00:00+00:00,0.06581581132353051,1.1783031469830674,0.5786596453760688
2023-01-24 00:00:00+00:00,0.06574173959125476,1.1785153762944334,0.5785195413194315
2023-01-25 00:00:00+00:00,0.06584630409135618,1.1787279814501699,0.5783804742721006
2023-01-26 00:00:00+00:00,0.06450005174495028,1.1789362773838596,0.5782424477107453
2023-01-27 00:00:00+00:00,0.06434324628554416,1.1791441036502999,0.5781054650860223
2023-01-28 00:00:00+00:00,0.06304155057459694,1.179347761383574,0.5779695298224903
2023-01-29 00:00:00+00:00,0.06590514402603226,1.179560706819384,0.5778346453185235
2023-01-30 00:00:00+00:00,0.0664585732555801,1.1797754792074486,0.5777008149462277
2023-01-31 00:00:00+00:00,0.06547089150336138,1.179987098255113,0.5775680420513551
2023-02-01 00:00:00+00:00,0.06538046794252214,1.1801984629363462,0.5774363299532213
2023-02-02 00:00:00+00:00,0.06436996115617812,1.1804065980848828,0.5773056819446217
2023-02-03 00:00:00+00:00,0.06613081996940942,1.1806204645403038,0.5771761012917499
2023-02-04 00:00:00+00:00,0.06205124479015507,1.1808211740456447,0.5770475912341154
2023-02-05 00:00:00+00:00,0.06404413100500969,1.1810283649112998,0.5769201549844629
2023-02-06 00:00:00+00:00,0.06468450045846423,1.1812376641710576,0.5767937957286922
2023-02-07 00:00:00+00:00,0.0648795985619272,1.1814476319120375,0.5766685166257778
2023-02-08 00:00:00+00:00,0.065938293819018,1.1816610638054204,0.5765443208076909
2023-02-09 00:00:00+00:00,0.06529081249721197,1.1818724380820016,0.5764212113793206
2023-02-10 00:00:00+00:00,0.06577952019779543,1.182085432607788,0.576299191418396
2023-02-11 00:00:00+00:00,0.0673807839410517,1.1823036513561016,0.5761782639754099
2023-02-12 00:00:00+00:00,0.06753499987918792,1.182522409923092,0.576058432073542
2023-02-13 00:00:00+00:00,0.06641190353009474,1.1827375703729823,0.5759396987085837
2023-02-14 00:00:00+00:00,0.0672759706614772,1.182955569874584,0.5758220668488628
2023-02-15 00:00:00+00:00,0.06795904633081938,1.183175823387955,0.5757055394351699
2023-02-16 00:00:00+00:00,0.06588067663763077,1.1833893807135059,0.5755901193806839
2023-02-17 00:00:00+00:00,0.06318701035090833,1.1835942432807616,0.5754758095709006
2023-02-18 00:00:00+00:00,0.06675076571270368,1.183810697587699,0.5753626128635589
2023-02-19 00:00:00+00:00,0.06370782777467039,1.1840173222672599,0.5752505320885708
2023-02-20 00:00:00+00:00,0.0679493232986213,1.184237741927046,0.5751395700479498
2023-02-21 00:00:00+00:00,0.06769944207331924,1.1844573918843353,0.5750297295157412
2023-02-22 00:00:00+00:00,0.064288869298117,1.1846660149705164,0.5749210132379523
2023-02-23 00:00:00+00:00,0.06336988321656757,1.184871692085638,0.5748134239324847
2023-02-24 00:00:00+00:00,0.06393894437377982,1.185079252209502,0.5747069642890653
2023-02-25 00:00:00+00:00,0.06482571462841766,1.185289727851737,0.5746016369691798
2023-02-26 00:00:00+00:00,0.0667956866697383,1.1855066381018038,0.5744974446060054
2023-02-27 00:00:00+00:00,0.06297015889970492,1.1857111628727022,0.574394389804346
2023-02-28 00:00:00+00:00,0.06609473391571044,1.185925873184513,0.5742924751405661
2023-03-01 00:00:00+00:00,0.06161505968021154,1.1861260674131502,0.5741917031625272
2023-03-02 00:00:00+00:00,0.06648684922291967,1.1863421270980914,0.5740920763895234
2023-03-03 00:00:00+00:00,0.06451922122454029,1.1865518308519167,0.5739935973122188
2023-03-04 00:00:00+00:00,0.06485676561049952,1.1867626689724051,0.5738962683925852
2023-03-05 00:00:00+00:00,0.06434207815475051,1.1869718710995234,0.5738000920638406
2023-03-06 00:00:00+00:00,0.06584814354063924,1.1871860077958163,0.5737050707303881
2023-03-07 00:00:00+00:00,0.06494392446661199,1.187397242092852,0.5736112067677562
2023-03-08 00:00:00+00:00,0.06686045641656609,1.1876147487272468,0.573518502522539
2023-03-09 00:00:00+00:00,0.06160496436213007,1.1878151952047025,0.5734269603123379
2023-03-10 00:00:00+00:00,0.0628517245182883,1.1880197328305315,0.5733365824257032
2023-03-11 00:00:00+00:00,0.06212950290762741,1.188221954955039,0.5732473711220776
2023-03-12 00:00:00+00:00,0.06516365530626346,1.1884340888890117,0.5731593286317388
2023-03-13 00:00:00+00:00,0.061493305212021676,1.1886343100949086,0.5730724571557446
2023-03-14 00:00:00+00:00,0.06760816166088848,1.1888544782609156,0.5729867588658774
2023-03-15 00:00:00+00:00,0.06403558862386818,1.189063050853528,0.5729022359045899
2023-03-16 00:00:00+00:00,0.06566624054193024,1.189276972224259,0.5728188903849518
2023-03-17 00:00:00+00:00,0.06231873151787002,1.1894800249155808,0.5727367243905969
2023-03-18 00:00:00+00:00,0.06399688231593846,1.1896885811160511,0.5726557399756704
2023-03-19 00:00:00+00:00,0.06457227927699612,1.1898990493443045,0.5725759391647787
2023-03-20 00:00:00+00:00,0.06250927113624481,1.190102829405401,0.572497323952938
2023-03-21 00:00:00+00:00,0.06315938941259369,1.1903087641123693,0.5724198963055241
2023-03-22 00:00:00+00:00,0.06576874485666184,1.1905232438751299,0.5723436581582247
2023-03-23 00:00:00+00:00,0.06526332746525942,1.190736113760938,0.5722686114169891
2023-03-24 00:00:00+00:00,0.06416266918736452,1.1909454310413674,0.5721947579579822
2023-03-25 00:00:00+00:00,0.06618120589989256,1.191161371328456,0.5721220996275365
2023-03-26 00:00:00+00:00,0.06023486115651118,1.1913579451361735,0.5720506382421063
2023-03-27 00:00:00+00:00,0.06351929833538605,1.1915652717683416,0.5719803755882228
2023-03-28 00:00:00+00:00,0.06243878099431835,1.1917691070643535,0.5719113134224486
2023-03-29 00:00:00+00:00,0.06507434587366569,1.1919815826672977,0.5718434534713341
2023-03-30 00:00:00+00:00,0.06453099810937633,1.192192321739236,0.5717767974313748
2023-03-31 00:00:00+00:00,0.06454735273059471,1.1924031514880415,0.5717113469689681
2023-04-01 00:00:00+00:00,0.061824452913827925,1.192605123193503,0.5716471037203721
2023-04-02 00:00:00+00:00,0.06348829296458829,1.192812565559126,0.5715840692916646
2023-04-03 00:00:00+00:00,0.06419209815656975,1.1930223440284158,0.5715222452587033
2023-04-04 00:00:00+00:00,0.06444313073926163,1.1932329799048298,0.5714616331670855
2023-04-05 00:00:00+00:00,0.06103262301005676,1.1934325035722975,0.5714022345321107
2023-04-06 00:00:00+00:00,0.06132211285067317,1.193633007141239,0.5713440508387413
2023-04-07 00:00:00+00:00,0.06263921632768323,1.1938378516238422,0.5712870835415669
2023-04-08 00:00:00+00:00,0.06428784764957535,1.1940481235852762,0.5712313340647667
2023-04-09 00:00:00+00:00,0.06304985678721126,1.1942543826625067,0.5711768038020748
2023-04-10 00:00:00+00:00,0.0641067625358678,1.194464135490224,0.5711234941167451
2023-04-11 00:00:00+00:00,0.05903775507100295,1.1946573368082298,0.5710714063415169
2023-04-12 00:00:00+00:00,0.061482186650862816,1.1948585700832037,0.5710205417785816
2023-04-13 00:00:00+00:00,0.06256089979917331,1.1950633685140999,0.570970901699551
2023-04-14 00:00:00+00:00,0.062139840136666596,1.1952668234364907,0.5709224873454242
2023-04-15 00:00:00+00:00,0.0588211648846833,1.1954594453184155,0.5708752999265577
2023-04-16 00:00:00+00:00,0.0632320058312533,1.1956665447666823,0.5708293406226345
2023-04-17 00:00:00+00:00,0.06202112551667463,1.1958697134922962,0.5707846105826346
2023-04-18 00:00:00+00:00,0.06072570413355729,1.1960686724797038,0.5707411109248071
2023-04-19 00:00:00+00:00,0.06314438234979089,1.1962755903360645,0.5706988427366407
2023-04-20 00:00:00+00:00,0.05867608093745401,1.1964678992767825,0.5706578070748382
2023-04-21 00:00:00+00:00,0.060425197312728524,1.1966659727258022,0.5706180049652889
2023-04-22 00:00:00+00:00,0.062440431962445204,1.196870685986766,0.5705794374030435
2023-04-23 00:00:00+00:00,0.061600568532712355,1.1970726802736615,0.570542105352289
2023-04-24 00:00:00+00:00,0.06062178699830894,1.1972714985888533,0.5705060097463248
2023-04-25 00:00:00+00:00,0.06065044479124829,1.1974704439283748,0.5704711514875391
2023-04-26 00:00:00+00:00,0.060453158225087615,1.1976687750796533,0.5704375314473866
2023-04-27 00:00:00+00:00,0.06202679186777031,1.1978723026189366,0.5704051504663666
2023-04-28 00:00:00+00:00,0.060192043989034716,1.1980698433924504,0.5703740093540018
2023-04-29 00:00:00+00:00,0.06158809381624486,1.1982719991127606,0.5703441088888186
2023-04-30 00:00:00+00:00,0.05736345592719325,1.1984603197237464,0.5703154498183267
2023-05-01 00:00:00+00:00,0.062261230351725004,1.1986647515430169,0.5702880328590019
2023-05-02 00:00:00+00:00,0.06400266264012591,1.198874937120309,0.5702618586962662
2023-05-03 00:00:00+00:00,0.06101324137507819,1.1990753405337802,0.5702369279844727
2023-05-04 00:00:00+00:00,0.06005766598000798,1.199272638249634,0.5702132413468877
2023-05-05 00:00:00+00:00,0.05930877391703415,1.199467507810639,0.5701907993756761
2023-05-06 00:00:00+00:00,0.061085245958311066,1.19966824690032,0.5701696026318858
2023-05-07 00:00:00+00:00,0.05898483555251596,1.1998621160352816,0.5701496516454343
2023-05-08 00:00:00+00:00,0.058656812695287955,1.2000549381925432,0.5701309469150954
2023-05-09 00:00:00+00:00,0.05661670816367007,1.2002410838369706,0.5701134889084861
2023-05-10 00:00:00+00:00,0.060099481492734586,1.2004387108693129,0.570097278062056
2023-05-11 00:00:00+00:00,0.059225208305002365,1.2006334950685145,0.5700823147810752
2023-05-12 00:00:00+00:00,0.059233765957102676,1.2008283390231642,0.5700685994396251
2023-05-13 00:00:00+00:00,0.059510934580357513,1.201024126466249,0.5700561323805883
2023-05-14 00:00:00+00:00,0.05837933531143548,1.2012162223297997,0.5700449139156407
2023-05-15 00:00:00+00:00,0.05965010208661574,1.201412531015526,0.5700349443252435
2023-05-16 00:00:00+00:00,0.05767722297625633,1.2016023779701503,0.5700262238586358
2023-05-17 00:00:00+00:00,0.059052540528712755,1.201796782554053,0.5700187527338288
2023-05-18 00:00:00+00:00,0.05873252469220054,1.201990164908043,0.5700125311376003
2023-05-19 00:00:00+00:00,0.05652175701656064,1.202176298047871,0.5700075592254898
2023-05-20 00:00:00+00:00,0.0571963378538266,1.2023646818333589,0.5700038371217949
2023-05-21 00:00:00+00:00,0.05805621108654059,1.202555927690267,0.5700013649195681
2023-05-22 00:00:00+00:00,0.05803255145311444,1.2027471260156066,0.570000142680614
2023-05-23 00:00:00+00:00,0.05919681093528896,1.202942191205255,0.5700001704354889
2023-05-24 00:00:00+00:00,0.058132968165282385,1.203133781890477,0.5700014481834987
2023-05-25 00:00:00+00:00,0.05859679301702442,1.203326931975927,0.5700039758926999
2023-05-26 00:00:00+00:00,0.05799404551391038,1.20351812593993,0.5700077534998997
2023-05-27 00:00:00+00:00,0.05465645541329762,1.2036983452133259,0.5700127809106583
2023-05-28 00:00:00+00:00,0.058291642314020474,1.2038905796061838,0.5700190579992908
2023-05-29 00:00:00+00:00,0.05714926001627963,1.204079076745266,0.5700265846088699
2023-05-30 00:00:00+00:00,0.058109242672682686,1.2042707702336708,0.570035360551231
2023-05-31 00:00:00+00:00,0.05713712252614669,1.2044592868543653,0.5700453856069762
2023-06-01 00:00:00+00:00,0.059207733940489345,1.2046546657721686,0.5700566595254792
2023-06-02 00:00:00+00:00,0.05809409282750897,1.2048464008953972,0.5700691820248931
2023-06-03 00:00:00+00:00,0.059164895678787216,1.2050417012011996,0.5700829527921556
2023-06-04 00:00:00+00:00,0.05921489884773214,1.2052371982489913,0.5700979714829986
2023-06-05 00:00:00+00:00,0.05713398309628565,1.2054258557879278,0.5701142377219554
2023-06-06 00:00:00+00:00,0.059148816254904424,1.2056211969179358,0.5701317511023709
2023-06-07 00:00:00+00:00,0.058211812659944566,1.2058134747131517,0.5701505111864115
2023-06-08 00:00:00+00:00,0.05622544558522906,1.2059992210142707,0.5701705175050762
2023-06-09 00:00:00+00:00,0.057582937672862634,1.2061894812279068,0.5701917695582079
2023-06-10 00:00:00+00:00,0.05784341639509394,1.2063806322427397,0.5702142668145066
2023-06-11 00:00:00+00:00,0.05955350158226738,1.2065774656424415,0.5702380087115418
2023-06-12 00:00:00+00:00,0.05707299959299882,1.2067661313827305,0.5702629946557676
2023-06-13 00:00:00+00:00,0.05990029589299793,1.2069641742549042,0.5702892240225365
2023-06-14 00:00:00+00:00,0.05864790558574634,1.207158108284869,0.5703166961561156
2023-06-15 00:00:00+00:00,0.054271738846022176,1.2073376002563723,0.5703454103697032
2023-06-16 00:00:00+00:00,0.05584076326639883,1.207522308895053,0.5703753659454455
2023-06-17 00:00:00+00:00,0.0582259262212419,1.2077149365796234,0.5704065621344544
2023-06-18 00:00:00+00:00,0.055116067594444144,1.207897305067512,0.570438998156827
2023-06-19 00:00:00+00:00,0.05796730607537462,1.2080891367189928,0.5704726732016643
2023-06-20 00:00:00+00:00,0.05928192911114342,1.208285350019165,0.5705075864270921
2023-06-21 00:00:00+00:00,0.056761758552198685,1.2084732524884798,0.5705437369602815
2023-06-22 00:00:00+00:00,0.05923256605217898,1.2086693647398505,0.5705811238974711
2023-06-23 00:00:00+00:00,0.059064997705947864,1.2088649539268521,0.5706197463039893
2023-06-24 00:00:00+00:00,0.05695370383143637,1.2090535822461894,0.5706596032142779
2023-06-25 00:00:00+00:00,0.056948361314664374,1.2092422223016703,0.5707006936319164
2023-06-26 00:00:00+00:00,0.057231513369530626,1.2094318298699243,0.5707430165296465
2023-06-27 00:00:00+00:00,0.05758933349369221,1.2096226528096181,0.5707865708493979
2023-06-28 00:00:00+00:00,0.054549229755635066,1.2098034308479901,0.5708313555023149
2023-06-29 00:00:00+00:00,0.05663256578451029,1.2099911411832882,0.5708773693687834
2023-06-30 00:00:00+00:00,0.05430569003601721,1.2101711669472865,0.5709246112984592
2023-07-01 00:00:00+00:00,0.05626461627874508,1.2103577143893136,0.5709730801102966
2023-07-02 00:00:00+00:00,0.05642107480429561,1.2105448094116247,0.5710227745925777
2023-07-03 00:00:00+00:00,0.053993034593529776,1.2107238806109988,0.571073693502943
2023-07-04 00:00:00+00:00,0.054794005267439765,1.210905635160839,0.5711258355684227
2023-07-05 00:00:00+00:00,0.05606345071026598,1.2110916284441038,0.5711791994854675
2023-07-06 00:00:00+00:00,0.05987352689158478,1.2112902923541964,0.5712337839199825
2023-07-07 00:00:00+00:00,0.054526482651094825,1.211471244132584,0.5712895875073596
2023-07-08 00:00:00+00:00,0.05676815553295655,1.2116596632778185,0.5713466088525119
2023-07-09 00:00:00+00:00,0.05521690755329789,1.2118429621808684,0.571404846529909
2023-07-10 00:00:00+00:00,0.055971743363864575,1.2120287949569684,0.5714642990836117
2023-07-11 00:00:00+00:00,0.05799032148371882,1.2122213591746864,0.5715249650273095
2023-07-12 00:00:00+00:00,0.05695770042280507,1.212410524492555,0.5715868428443569
2023-07-13 00:00:00+00:00,0.057111269706953016,1.2126002294362805,0.5716499309878117
2023-07-14 00:00:00+00:00,0.05718754026651479,1.212790217448467,0.5717142278804735
2023-07-15 00:00:00+00:00,0.05730064197392611,1.212980611032137,0.5717797319149235
2023-07-16 00:00:00+00:00,0.05317922536591545,1.2131573380712566,0.571846441453564
2023-07-17 00:00:00+00:00,0.05698602389229867,1.2133467435864687,0.5719143548286603
2023-07-18 00:00:00+00:00,0.056265903299114635,1.2135337848208327,0.5719834703423814
2023-07-19 00:00:00+00:00,0.056977483043807106,1.2137232207130182,0.5720537862668431
2023-07-20 00:00:00+00:00,0.05762484799857961,1.2139148388393357,0.5721253008441509
2023-07-21 00:00:00+00:00,0.056983955015745026,1.2141043557395257,0.5721980122864441
2023-07-22 00:00:00+00:00,0.0573874441289134,1.2142952443583797,0.5722719187759404
2023-07-23 00:00:00+00:00,0.054587238062501445,1.2144768471627139,0.5723470184649816
2023-07-24 00:00:00+00:00,0.05700992254561372,1.2146665382065227,0.5724233094760792
2023-07-25 00:00:00+00:00,0.05616929774353983,1.2148534614022586,0.572500789901962
2023-07-26 00:00:00+00:00,0.05619965383988797,1.2150405143995107,0.5725794578056232
2023-07-27 00:00:00+00:00,0.05827698843382777,1.2152345113913032,0.5726593112203695
2023-07-28 00:00:00+00:00,0.05559237243191286,1.2154196011708907,0.5727403481498697
2023-07-29 00:00:00+00:00,0.055325261003430284,1.2156038296822975,0.5728225665682046
2023-07-30 00:00:00+00:00,0.054355803873286215,1.2157848574175134,0.5729059644199183
2023-07-31 00:00:00+00:00,0.05588493408131406,1.2159710055178252,0.5729905396200685
2023-08-01 00:00:00+00:00,0.05793773586315726,1.2161640208792908,0.57307629005428
2023-08-02 00:00:00+00:00,0.05383458046716445,1.2163433953446148,0.5731632135787961
2023-08-03 00:00:00+00:00,0.05671883457782616,1.2165324078920952,0.5732513080205333
2023-08-04 00:00:00+00:00,0.05254978800184321,1.2167075545225943,0.5733405711771351
2023-08-05 00:00:00+00:00,0.055321641827165334,1.216891966192566,0.5734310008170274
2023-08-06 00:00:00+00:00,0.05702253903307611,1.2170820765203503,0.5735225946794738
2023-08-07 00:00:00+00:00,0.05556889951121824,1.217267369428863,0.5736153504746324
2023-08-08 00:00:00+00:00,0.05458528606889234,1.2174494102167603,0.5737092658836134
2023-08-09 00:00:00+00:00,0.0558487444999272,1.2176356924662202,0.5738043385585363
2023-08-10 00:00:00+00:00,0.057898664959151705,1.217828841729235,0.5739005661225892
2023-08-11 00:00:00+00:00,0.058667955510065754,1.2180245883821266,0.573997946170088
2023-08-12 00:00:00+00:00,0.05871455754416323,1.2182205220116737,0.5740964762665366
2023-08-13 00:00:00+00:00,0.05748699410266727,1.2184123900554125,0.5741961539486878
2023-08-14 00:00:00+00:00,0.05702287353620638,1.2186027390297498,0.5742969767246047
2023-08-15 00:00:00+00:00,0.05798032163678179,1.2187963143140137,0.574398942073723
2023-08-16 00:00:00+00:00,0.05478767408166577,1.2189792595612483,0.5745020474469145
2023-08-17 00:00:00+00:00,0.05509019638157828,1.2191632425935617,0.5746062902665501
2023-08-18 00:00:00+00:00,0.058504194322747775,1.2193586567394683,0.5747116679265648
2023-08-19 00:00:00+00:00,0.05787521320112397,1.219552000964749,0.5748181777925225
2023-08-20 00:00:00+00:00,0.05792844334757432,1.2197455537017279,0.5749258172016822
2023-08-21 00:00:00+00:00,0.056974640081797596,1.2199359497672444,0.5750345834630644
2023-08-22 00:00:00+00:00,0.055431545041354086,1.220121218081072,0.5751444738575179
2023-08-23 00:00:00+00:00,0.05507706476258315,1.220305329575172,0.5752554856377887
2023-08-24 00:00:00+00:00,0.05813350339786844,1.2204996874492084,0.5753676160285882
2023-08-25 00:00:00+00:00,0.058380911645857174,1.2206949035708983,0.5754808622266625
2023-08-26 00:00:00+00:00,0.05510721343186213,1.2208792024601758,0.5755952214008623
2023-08-27 00:00:00+00:00,0.05571090493249478,1.2210655484469766,0.5757106906922144
2023-08-28 00:00:00+00:00,0.05669907927351734,1.221255228699934,0.5758272672139924
2023-08-29 00:00:00+00:00,0.058199596825335764,1.2214499590065948,0.5759449480517893
2023-08-30 00:00:00+00:00,0.05641201952613431,1.22163873834615,0.5760637302635905
2023-08-31 00:00:00+00:00,0.05568062820703856,1.221825098928049,0.5761836108798467
2023-09-01 00:00:00+00:00,0.0584786781295868,1.2220208543162432,0.5763045869035489
2023-09-02 00:00:00+00:00,0.057929970013534164,1.222214803991439,0.5764266553103026
2023-09-03 00:00:00+00:00,0.05603160078689654,1.2224024276954748,0.5765498130484041
2023-09-04 00:00:00+00:00,0.056123779008959325,1.2225903889111243,0.5766740570389165
2023-09-05 00:00:00+00:00,0.05881848822225646,1.2227874051258936,0.5767993841757463
2023-09-06 00:00:00+00:00,0.055273799190991124,1.2229725780176313,0.5769257913257216
2023-09-07 00:00:00+00:00,0.056798244428646665,1.223162886772195,0.5770532753286703
2023-09-08 00:00:00+00:00,0.05795481126508469,1.223357100948221,0.5771818329974991
2023-09-09 00:00:00+00:00,0.057571550985648146,1.2235500614022234,0.5773114611182728
2023-09-10 00:00:00+00:00,0.05876403084395137,1.2237470497133123,0.5774421564502952
2023-09-11 00:00:00+00:00,0.05484912527808945,1.2239309441112258,0.5775739157261898
2023-09-12 00:00:00+00:00,0.057488580550145295,1.2241237168582624,0.5777067356519815
2023-09-13 00:00:00+00:00,0.05796120041096755,1.2243181050228669,0.5778406129071791
2023-09-14 00:00:00+00:00,0.05805789559590082,1.2245128484001753,0.5779755441448583
2023-09-15 00:00:00+00:00,0.058471651442464856,1.224709010834308,0.5781115259917451
2023-09-16 00:00:00+00:00,0.05590548032796772,1.2248965942466714,0.5782485550483004
2023-09-17 00:00:00+00:00,0.05987370282582452,1.2250975232731818,0.5783866278888049
2023-09-18 00:00:00+00:00,0.058437941368297296,1.225293666224512,0.5785257410614448
2023-09-19 00:00:00+00:00,0.05864938374116713,1.2254905503845832,0.5786658910883982
2023-09-20 00:00:00+00:00,0.05699535503096358,1.2256819127654224,0.5788070744659215
2023-09-21 00:00:00+00:00,0.058184629083738885,1.2258772986488988,0.5789492876644377
2023-09-22 00:00:00+00:00,0.05996266414214067,1.2260786873303737,0.5790925271286241
2023-09-23 00:00:00+00:00,0.057998272783072805,1.2262735104705418,0.5792367892775018
2023-09-24 00:00:00+00:00,0.0583687300524144,1.2264696091760299,0.5793820705045245
2023-09-25 00:00:00+00:00,0.05860598470186075,1.2266665364613796,0.579528367177669
2023-09-26 00:00:00+00:00,0.05573708330899598,1.2268538537625717,0.5796756756395263
2023-09-27 00:00:00+00:00,0.05798412506091379,1.2270487525222649,0.5798239922073922
2023-09-28 00:00:00+00:00,0.05933928998801624,1.2272482380065262,0.5799733131733605
2023-09-29 00:00:00+00:00,0.05762423852530805,1.2274419893632293,0.5801236348044148
2023-09-30 00:00:00+00:00,0.0583515665473047,1.2276382172068603,0.580274953342522
2023-10-01 00:00:00+00:00,0.05842391601083976,1.227834719760542,0.5804272650047266
2023-10-02 00:00:00+00:00,0.05616177225747077,1.2280236440725996,0.5805805659832451
2023-10-03 00:00:00+00:00,0.059797215910205787,1.2282248287164006,0.580734852445561
2023-10-04 00:00:00+00:00,0.05661914965509345,1.2284153521284202,0.5808901205345206
2023-10-05 00:00:00+00:00,0.05934405554280286,1.2286150758239993,0.5810463663684299
2023-10-06 00:00:00+00:00,0.05856985324230297,1.2288122259738137,0.5812035860411511
2023-10-07 00:00:00+00:00,0.05831909398527261,1.2290085635510652,0.5813617756222006
2023-10-08 00:00:00+00:00,0.058991799936079864,1.2292071975984644,0.5815209311568472
2023-10-09 00:00:00+00:00,0.06008329460559611,1.2294095395660936,0.5816810486662107
2023-10-10 00:00:00+00:00,0.060234388143824674,1.2296124237616934,0.5818421241473619
2023-10-11 00:00:00+00:00,0.05843036937881097,1.229809264057894,0.582004153573422
2023-10-12 00:00:00+00:00,0.05889110544405573,1.2300076882415807,0.5821671328936637
2023-10-13 00:00:00+00:00,0.0579107944426764,1.230202840905681,0.5823310580336126
2023-10-14 00:00:00+00:00,0.057070024322966616,1.2303951907852775,0.5824959248951489
2023-10-15 00:00:00+00:00,0.06075119329967225,1.2305999797608127,0.5826617293566094
2023-10-16 00:00:00+00:00,0.05774157338245122,1.23079465586776,0.5828284672728913
2023-10-17 00:00:00+00:00,0.058347307381899145,1.2309914053310749,0.5829961344755553
2023-10-18 00:00:00+00:00,0.06008228554538566,1.2311940375971544,0.5831647267729302
2023-10-19 00:00:00+00:00,0.05755465968994215,1.2313881771967332,0.5833342399502172
2023-10-20 00:00:00+00:00,0.06035943273936072,1.2315918097771648,0.5835046697695958
2023-10-21 00:00:00+00:00,0.05843681704813142,1.2317889886957014,0.5836760119703294
2023-10-22 00:00:00+00:00,0.0580609748589742,1.2319849308039321,0.5838482622688718
2023-10-23 00:00:00+00:00,0.05895781455841993,1.232183931184998,0.5840214163589746
2023-10-24 00:00:00+00:00,0.058615423264499776,1.2323818078498368,0.5841954699117946
2023-10-25 00:00:00+00:00,0.060309253468547944,1.2325854353205754,0.5843704185760019
2023-10-26 00:00:00+00:00,0.06214548804617651,1.2327952973025935,0.5845462579778892
2023-10-27 00:00:00+00:00,0.061092420883635284,1.2330016382592133,0.5847229837214803
2023-10-28 00:00:00+00:00,0.06084170441569314,1.2332071668104985,0.5849005913886413
2023-10-29 00:00:00+00:00,0.05928417746815236,1.2334074672831896,0.5850790765391893
2023-10-30 00:00:00+00:00,0.05990817364878943,1.2336099088961476,0.5852584347110051
2023-10-31 00:00:00+00:00,0.060470998485469385,1.2338142859452776,0.5854386614201437
2023-11-01 00:00:00+00:00,0.06028103763062952,1.2340180547271962,0.5856197521609466
2023-11-02 00:00:00+00:00,0.06064396815075,1.2342230841836574,0.5858017024061549
2023-11-03 00:00:00+00:00,0.05868639372552982,1.2344215282983522,0.5859845076070219
2023-11-04 00:00:00+00:00,0.06318997864308018,1.2346352353394747,0.5861681631934271
2023-11-05 00:00:00+00:00,0.058586214258763133,1.2348334068584583,0.5863526645739904
2023-11-06 00:00:00+00:00,0.06042619699215172,1.2350378350411853,0.5865380071361869
2023-11-07 00:00:00+00:00,0.06194437298132721,1.2352474340666644,0.5867241862464622
2023-11-08 00:00:00+00:00,0.05964353049558061,1.2354492820611942,0.5869111972503481
2023-11-09 00:00:00+00:00,0.062395989069717536,1.2356604795403714,0.5870990354725795
2023-11-10 00:00:00+00:00,0.05876210367281638,1.2358594110724348,0.5872876962172104
2023-11-11 00:00:00+00:00,0.05982138171632015,1.2360619612575785,0.5874771747677322
2023-11-12 00:00:00+00:00,0.057467126799993155,1.236256572023223,0.5876674663871908
2023-11-13 00:00:00+00:00,0.06260096121166726,1.2364686017484638,0.5878585663183058
2023-11-14 00:00:00+00:00,0.05931581200929789,1.2366695391159617,0.5880504697835888
2023-11-15 00:00:00+00:00,0.06012358220071671,1.236873245972647,0.5882431719854632
2023-11-16 00:00:00+00:00,0.06236518639729647,1.2370845824946606,0.588436668106384
2023-11-17 00:00:00+00:00,0.06178650005441526,1.2372939938004786,0.5886309533089581
2023-11-18 00:00:00+00:00,0.06292106370006903,1.2375072865517105,0.5888260227360658
2023-11-19 00:00:00+00:00,0.06235023502679604,1.237718680716543,0.5890218715109813
2023-11-20 00:00:00+00:00,0.06276997440053053,1.2379315343327173,0.5892184947374957
2023-11-21 00:00:00+00:00,0.06076613637422973,1.2381376283503536,0.5894158875000384
2023-11-22 00:00:00+00:00,0.06141176120912122,1.2383459467404256,0.5896140448638008
2023-11-23 00:00:00+00:00,0.0627013292380295,1.238558675334719,0.5898129618748588
2023-11-24 00:00:00+00:00,0.06277440666354774,1.2387716884469442,0.5900126335602978
2023-11-25 00:00:00+00:00,0.06311638202744028,1.2389858988226505,0.590213054928336
2023-11-26 00:00:00+00:00,0.060600615733221,1.2391916065167696,0.5904142209684495
2023-11-27 00:00:00+00:00,0.06015600090237918,1.2393958388767692,0.590616126651498
2023-11-28 00:00:00+00:00,0.05996835069095736,1.2395994677104971,0.5908187669298496
2023-11-29 00:00:00+00:00,0.06119024566415335,1.2398072797542077,0.5910221367375083
2023-11-30 00:00:00+00:00,0.06179746290585815,1.240017189190868,0.5912262309902392
2023-12-01 00:00:00+00:00,0.0602075862864079,1.240221732867347,0.5914310445856966
2023-12-02 00:00:00+00:00,0.061768924145976484,1.2404316155033517,0.5916365724035516
2023-12-03 00:00:00+00:00,0.06303875837820894,1.240645849116761,0.5918428093056192
2023-12-04 00:00:00+00:00,0.06362108351777919,1.2408620990706858,0.5920497501359876
2023-12-05 00:00:00+00:00,0.06130212938403417,1.2410705031499871,0.5922573897211468
2023-12-06 00:00:00+00:00,0.06307928305079488,1.241284984896711,0.5924657228701181
2023-12-07 00:00:00+00:00,0.060356689313064385,1.241490244765704,0.5926747443745836
2023-12-08 00:00:00+00:00,0.06132392226420744,1.241698828467791,0.5928844490090165
2023-12-09 00:00:00+00:00,0.06251581332731723,1.241911501925789,0.5930948315308119
2023-12-10 00:00:00+00:00,0.06142864990356625,1.2421205127391122,0.5933058866804177
2023-12-11 00:00:00+00:00,0.06126942006818893,1.242329016858209,0.5935176091814663
2023-12-12 00:00:00+00:00,0.06287918296743063,1.242543035032337,0.5937299937409061
2023-12-13 00:00:00+00:00,0.061028481430217385,1.2427507898666923,0.5939430350491339
2023-12-14 00:00:00+00:00,0.06271886720734825,1.2429643348578194,0.5941567277801285
2023-12-15 00:00:00+00:00,0.06242836796250198,1.2431769272820956,0.5943710665915827
2023-12-16 00:00:00+00:00,0.06338743694754198,1.2433928226220758,0.5945860461250371
2023-12-17 00:00:00+00:00,0.0637910163639376,1.2436101302711025,0.5948016610060147
2023-12-18 00:00:00+00:00,0.0628922973816881,1.24382441382765,0.5950179058441549
2023-12-19 00:00:00+00:00,0.06197955939416169,1.2440356239348629,0.5952347752333478
2023-12-20 00:00:00+00:00,0.06426796529039427,1.244254669519244,0.5954522637518699
2023-12-21 00:00:00+00:00,0.06308186947875118,1.24446971037037,0.5956703659625198
2023-12-22 00:00:00+00:00,0.061496047700126115,1.244679381517412,0.5958890764127535
2023-12-23 00:00:00+00:00,0.06310345699035112,1.2448945693854077,0.5961083896348209
2023-12-24 00:00:00+00:00,0.061953562293146046,1.2451058725450044,0.5963283001459032
2023-12-25 00:00:00+00:00,0.059111442907931085,1.2453075163934957,0.596548802448249
2023-12-26 00:00:00+00:00,0.061486203906164265,1.2455172951109719,0.5967698910293121
2023-12-27 00:00:00+00:00,0.0623808148858707,1.2457301619159677,0.5969915603618896
2023-12-28 00:00:00+00:00,0.06228586569370874,1.2459427410435175,0.5972138049042597
2023-12-29 00:00:00+00:00,0.060687943367975915,1.246149901872307,0.5974366191003204
2023-12-30 00:00:00+00:00,0.062492113950522156,1.2463632567809846,0.5976599973797285
2023-12-31 00:00:00+00:00,0.06367713565700713,1.246580694704765,0.5978839341580385
2024-01-01 00:00:00+00:00,0.06134644391070753,1.246790210575088,0.5981084238368426
2024-01-02 00:00:00+00:00,0.06345934087659012,1.2470069790270728,0.5983334608039107
2024-01-03 00:00:00+00:00,0.060051463617234214,1.24721214229894,0.5985590394333302
2024-01-04 00:00:00+00:00,0.06386497172419699,1.2474303701570275,0.5987851540856471
2024-01-05 00:00:00+00:00,0.062272374434552254,1.2476431933107028,0.5990117991080071
2024-01-06 00:00:00+00:00,0.06112540701236073,1.2478521322093257,0.5992389688342961
2024-01-07 00:00:00+00:00,0.06481006842841529,1.2480737031191258,0.599466657585283
2024-01-08 00:00:00+00:00,0.06385554628987637,1.2482920494975442,0.5996948596687608
2024-01-09 00:00:00+00:00,0.06459163610834996,1.2485129514860869,0.5999235693796893
2024-01-10 00:00:00+00:00,0.06364147215367268,1.2487306424511158,0.6001527810003376
2024-01-11 00:00:00+00:00,0.06370436313953583,1.2489485865341574,0.6003824888004273
2024-01-12 00:00:00+00:00,0.06261526440465826,1.2491628420025784,0.6006126870372752
2024-01-13 00:00:00+00:00,0.06382861469063741,1.2493812867525182,0.6008433699559375
2024-01-14 00:00:00+00:00,0.06307450766623615,1.2495971884225163,0.601074531789353
2024-01-15 00:00:00+00:00,0.062245843554715304,1.2498102904255215,0.6013061667584882
2024-01-16 00:00:00+00:00,0.06292191785601256,1.2500257437417674,0.6015382690724808
2024-01-17 00:00:00+00:00,0.06129597200226921,1.250235665777358,0.601770832928785
2024-01-18 00:00:00+00:00,0.06316612100726454,1.250452028893391,0.6020038525133165
2024-01-19 00:00:00+00:00,0.06386163865786812,1.2506708122238792,0.6022373220005979
2024-01-20 00:00:00+00:00,0.06338676195527944,1.2508880066706158,0.6024712355539041
2024-01-21 00:00:00+00:00,0.0640455063150789,1.2511074964123439,0.6027055873254086
2024-01-22 00:00:00+00:00,0.06272721354590766,1.2513225059660325,0.6029403714563291
2024-01-23 00:00:00+00:00,0.0632348478590017,1.2515392927832578,0.6031755820770748
2024-01-24 00:00:00+00:00,0.06322059612751466,1.251756068290564,0.6034112133073922
2024-01-25 00:00:00+00:00,0.06605182999965957,1.2519825909728208,0.603647259256513
2024-01-26 00:00:00+00:00,0.06121738785465302,1.2521925720792835,0.6038837140233005
2024-01-27 00:00:00+00:00,0.06616406658622206,1.2524195587990583,0.6041205716963982
2024-01-28 00:00:00+00:00,0.06205077652824765,1.252632472788545,0.6043578263543764
2024-01-29 00:00:00+00:00,0.06262499619392191,1.2528473936209854,0.604595472065881
2024-01-30 00:00:00+00:00,0.06352651933800156,1.2530654457694195,0.6048335028897818
2024-01-31 00:00:00+00:00,0.06396159950374035,1.2532850295233764,0.6050719128753204
2024-02-01 00:00:00+00:00,0.06304087131480461,1.253501490291231,0.6053106960622594
2024-02-02 00:00:00+00:00,0.06339485201077513,1.253719204103484,0.6055498464810319
2024-02-03 00:00:00+00:00,0.0651206877405746,1.2539428837111681,0.6057893581528898
2024-02-04 00:00:00+00:00,0.06689960626958559,1.2541727146295374,0.6060292250900537
2024-02-05 00:00:00+00:00,0.0636176246171092,1.2543913104897138,0.6062694412958627
2024-02-06 00:00:00+00:00,0.0640228555156787,1.2546113371024032,0.6065100007649242
2024-02-07 00:00:00+00:00,0.06281563018111493,1.2548272527236977,0.6067508974832639
2024-02-08 00:00:00+00:00,0.06540886468783215,1.255052120740081,0.6069921254284766
2024-02-09 00:00:00+00:00,0.06274556279213547,1.255267871292545,0.607233678569876
2024-02-10 00:00:00+00:00,0.06364476900500382,1.2554867513848953,0.6074755508686462
2024-02-11 00:00:00+00:00,0.061307260611476566,1.255697629339584,0.6077177362779924
2024-02-12 00:00:00+00:00,0.058878290616697,1.2559001864079318,0.607960228743292
2024-02-13 00:00:00+00:00,0.06617682398923953,1.256127889108162,0.608203022202246
2024-02-14 00:00:00+00:00,0.06435896361988595,1.256349377023551,0.6084461105850304
2024-02-15 00:00:00+00:00,0.06410392457195814,1.2565700261350599,0.6086894878144484
2024-02-16 00:00:00+00:00,0.06132512804530929,1.2567811475535546,0.608933147806082
2024-02-17 00:00:00+00:00,0.060254046581527554,1.2569886164571369,0.6091770844684441
2024-02-18 00:00:00+00:00,0.06228709384067461,1.2572031210267531,0.6094212917031308
2024-02-19 00:00:00+00:00,0.06277877692373335,1.2574193557508153,0.6096657634049738
2024-02-20 00:00:00+00:00,0.06363842485162237,1.2576385891403439,0.6099104934621935
2024-02-21 00:00:00+00:00,0.06254577469487412,1.2578540959344369,0.6101554757565513
2024-02-22 00:00:00+00:00,0.06439128909222691,1.2580759996241004,0.6104007041635022
2024-02-23 00:00:00+00:00,0.06296530776921654,1.2582930274118083,0.6106461725523492
2024-02-24 00:00:00+00:00,0.06286826127003847,1.2585097580824975,0.6108918747863952
2024-02-25 00:00:00+00:00,0.06409200978686078,1.2587307455338177,0.6111378047230972
2024-02-26 00:00:00+00:00,0.061332270080822454,1.2589422546133906,0.6113839562142195
2024-02-27 00:00:00+00:00,0.0628505744011721,1.2591590361033642,0.6116303231059876
2024-02-28 00:00:00+00:00,0.061410154192365084,1.2593708858309254,0.6118768992392423
2024-02-29 00:00:00+00:00,0.06118627111266179,1.2595819987307935,0.6121236784495928
2024-03-01 00:00:00+00:00,0.06438568113407155,1.2598041878949922,0.6123706545675719
2024-03-02 00:00:00+00:00,0.06371511631358033,1.2600241017864005,0.6126178214187895
2024-03-03 00:00:00+00:00,0.06284039791328888,1.260241034432802,0.612865172824087
2024-03-04 00:00:00+00:00,0.06393820373016107,1.2604617948383052,0.6131127025996924
2024-03-05 00:00:00+00:00,0.06250306040572416,1.2606776379059814,0.6133604045573742
2024-03-06 00:00:00+00:00,0.06390276070131534,1.2608983523756159,0.613608272504596
2024-03-07 00:00:00+00:00,0.06058825196958087,1.261107655463511,0.6138563002446725
2024-03-08 00:00:00+00:00,0.06157452964473938,1.2613204009723236,0.6141044815769228
2024-03-09 00:00:00+00:00,0.06230641887773287,1.26153571154011,0.6143528102968266
2024-03-10 00:00:00+00:00,0.06019106514343136,1.2617437476447513,0.6146012801961789
2024-03-11 00:00:00+00:00,0.060632756251213026,1.2619533449080458,0.6148498850632451
2024-03-12 00:00:00+00:00,0.059733163252724805,1.262159866730426,0.6150986186829165
2024-03-13 00:00:00+00:00,0.06252227214868346,1.2623760670117488,0.6153474748368656
2024-03-14 00:00:00+00:00,0.060773293087352444,1.2625862553698501,0.6155964473037013
2024-03-15 00:00:00+00:00,0.061801594995364466,1.2628000357654694,0.6158455298591252
2024-03-16 00:00:00+00:00,0.0621207641703799,1.2630149565961986,0.6160947162760861
2024-03-17 00:00:00+00:00,0.06105021497416348,1.2632262095677484,0.6163440003249369
2024-03-18 00:00:00+00:00,0.061258279721909295,1.2634382179636328,0.616593375773589
2024-03-19 00:00:00+00:00,0.061366655116573555,1.2636506370797502,0.6168428363876693
2024-03-20 00:00:00+00:00,0.06173147310169434,1.2638643549299222,0.6170923759306756
2024-03-21 00:00:00+00:00,0.06302694692916992,1.2640825946877958,0.6173419881641322
2024-03-22 00:00:00+00:00,0.05934897731930465,1.2642881344391435,0.6175916668477461
2024-03-23 00:00:00+00:00,0.0610457826022277,1.2644995850106546,0.6178414057395636
2024-03-24 00:00:00+00:00,0.059073689452930296,1.2647042388621565,0.618091198596125
2024-03-25 00:00:00+00:00,0.0629269462542446,1.2649222771516535,0.6183410391726222
2024-03-26 00:00:00+00:00,0.05801020430730371,1.2651233138632436,0.6185909212230536
2024-03-27 00:00:00+00:00,0.060898932795503916,1.2653343951226106,0.6188408385003811
2024-03-28 00:00:00+00:00,0.05996988694151786,1.2655422909051277,0.6190907847566856
2024-03-29 00:00:00+00:00,0.05966953147963001,1.265749179440925,0.6193407537433239
2024-03-30 00:00:00+00:00,0.06150747111257976,1.2659624754165146,0.6195907392110843
2024-03-31 00:00:00+00:00,0.0611688252283789,1.2661746327792667,0.6198407349103431
2024-04-01 00:00:00+00:00,0.05890037027353046,1.266378956490778,0.6200907345912209
2024-04-02 00:00:00+00:00,0.06093075437977072,1.2665903576555715,0.6203407320037385
2024-04-03 00:00:00+00:00,0.06060202868301979,1.2668006533958023,0.6205907208979738
2024-04-04 00:00:00+00:00,0.05900498384472899,1.2670054412097425,0.6208406950242175
2024-04-05 00:00:00+00:00,0.05788246808449763,1.267206365598821,0.6210906481331293
2024-04-06 00:00:00+00:00,0.06113594101979211,1.267418617252594,0.6213405739758946
2024-04-07 00:00:00+00:00,0.06092292457310998,1.2676301647836117,0.6215904663043804
2024-04-08 00:00:00+00:00,0.06058954637402336,1.2678405898155412,0.6218403188712913
2024-04-09 00:00:00+00:00,0.05897308282709549,1.2680454349336638,0.6220901254303264
2024-04-10 00:00:00+00:00,0.061470787333622094,1.2682589904165684,0.6223398797363345
2024-04-11 00:00:00+00:00,0.06469316339905563,1.2684837785976624,0.6225895755454711
2024-04-12 00:00:00+00:00,0.059771509504283685,1.2686915024065075,0.6228392066153539
2024-04-13 00:00:00+00:00,0.06024590174027059,1.2689009091560766,0.6230887667052192
2024-04-14 00:00:00+00:00,0.058179494679696166,1.269103166727839,0.6233382495760778
2024-04-15 00:00:00+00:00,0.058120216322892874,1.2693052504280755,0.6235876489908708
2024-04-16 00:00:00+00:00,0.06183897891154864,1.269520298484551,0.623836958714626
2024-04-17 00:00:00+00:00,0.06252983581387321,1.2697377858703773,0.6240861725146131
2024-04-18 00:00:00+00:00,0.05872567117529977,1.269942076839396,0.6243352841605001
2024-04-19 00:00:00+00:00,0.05804674202570619,1.2701440384835656,0.6245842874245089
2024-04-20 00:00:00+00:00,0.057578191353905635,1.2703444017616337,0.6248331760815709
2024-04-21 00:00:00+00:00,0.05796504824126827,1.270546143061719,0.6250819439094826
2024-04-22 00:00:00+00:00,0.05887337817669271,1.2707510782495859,0.6253305846890611
2024-04-23 00:00:00+00:00,0.056870495934073215,1.270949073438706,0.6255790922043002
2024-04-24 00:00:00+00:00,0.057593720792176034,1.2711496177841215,0.6258274602425247
2024-04-25 00:00:00+00:00,0.05997681355039318,1.2713584931365065,0.6260756825945466
2024-04-26 00:00:00+00:00,0.058247514980384586,1.2715613793635596,0.6263237530548201
2024-04-27 00:00:00+00:00,0.057260268308010204,1.271760858666991,0.6265716654215966
2024-04-28 00:00:00+00:00,0.05660202868089873,1.2719580757754776,0.6268194134970799
2024-04-29 00:00:00+00:00,0.059863039262443435,1.2721666874911772,0.6270669910875809
2024-04-30 00:00:00+00:00,0.05664156904906942,1.2723641053467156,0.6273143920036728
2024-05-01 00:00:00+00:00,0.057913973174976735,1.27256598934854,0.6275616100603455
2024-05-02 00:00:00+00:00,0.05954266418658829,1.2727735837851402,0.6278086390771606
2024-05-03 00:00:00+00:00,0.05878524337849241,1.272978570921821,0.6280554728784055
2024-05-04 00:00:00+00:00,0.05834504820497848,1.2731820558426001,0.6283021052932478
2024-05-05 00:00:00+00:00,0.05828875847014394,1.273385376942166,0.6285485301558904
2024-05-06 00:00:00+00:00,0.05635944452580261,1.273581999661376,0.6287947413057242
2024-05-07 00:00:00+00:00,0.056628129200091075,1.2737795902532218,0.6290407325874835
2024-05-08 00:00:00+00:00,0.0569389786987417,1.273978296305157,0.6292864978513989
2024-05-09 00:00:00+00:00,0.05328541773709768,1.2741642811427094,0.6295320309533518
2024-05-10 00:00:00+00:00,0.056872792678917344,1.2743628161591487,0.6297773257550272
2024-05-11 00:00:00+00:00,0.0572758558374692,1.2745627893672116,0.630022376124068
2024-05-12 00:00:00+00:00,0.05723256860345329,1.274762642798121,0.6302671759342278
2024-05-13 00:00:00+00:00,0.05710509245243712,1.274962082355852,0.6305117190655238
2024-05-14 00:00:00+00:00,0.057525831632117684,1.275163022778008,0.6307559994043908
2024-05-15 00:00:00+00:00,0.05755718742309247,1.2753641044138901,0.6310000108438328
2024-05-16 00:00:00+00:00,0.059525578326194616,1.275572095608114,0.6312437472835767
2024-05-17 00:00:00+00:00,0.05725581671019324,1.275772188545393,0.6314872026302241
2024-05-18 00:00:00+00:00,0.058232679970143905,1.2759757272675036,0.631730370797404
2024-05-19 00:00:00+00:00,0.05601067521052422,1.2761715307251378,0.631973245705925
2024-05-20 00:00:00+00:00,0.05732067229960438,1.2763719444514685,0.6322158212839268
2024-05-21 00:00:00+00:00,0.057205826768883625,1.2765719880469395,0.6324580914670329
2024-05-22 00:00:00+00:00,0.05637125820504335,1.2767691441268176,0.6327000501985012
2024-05-23 00:00:00+00:00,0.054100089243454816,1.2769583861121343,0.6329416914293758
2024-05-24 00:00:00+00:00,0.05458224207420705,1.2771493429662424,0.6331830091186389
2024-05-25 00:00:00+00:00,0.05720013392701889,1.277349488482578,0.6334239972333606
2024-05-26 00:00:00+00:00,0.05639344178941214,1.2775468422744232,0.6336646497488506
2024-05-27 00:00:00+00:00,0.05604413902318887,1.2777430039534288,0.6339049606488086
2024-05-28 00:00:00+00:00,0.0553405712688899,1.2779367327966442,0.6341449239254746
2024-05-29 00:00:00+00:00,0.05643089083527636,1.2781343084357206,0.6343845335797792
2024-05-30 00:00:00+00:00,0.057095285371856416,1.2783342411564977,0.6346237836214935
2024-05-31 00:00:00+00:00,0.058963797595067174,1.2785407492152767,0.6348626680693789
2024-06-01 00:00:00+00:00,0.05611301129212162,1.278737304753628,0.6351011809513366
2024-06-02 00:00:00+00:00,0.055819418495066116,1.2789328619392697,0.6353393163045571
2024-06-03 00:00:00+00:00,0.056435543512978824,1.2791306078877085,0.6355770681756688
2024-06-04 00:00:00+00:00,0.05771864570007433,1.2793328810010258,0.6358144306208876
2024-06-05 00:00:00+00:00,0.05937556297683475,1.279540993631284,0.6360513977061645
2024-06-06 00:00:00+00:00,0.056714610313066655,1.2797398119020604,0.6362879635073347
2024-06-07 00:00:00+00:00,0.053678455609163477,1.279928015892977,0.6365241221102655
2024-06-08 00:00:00+00:00,0.05581824691384898,1.280123751065643,0.6367598676110042
2024-06-09 00:00:00+00:00,0.05403517362543325,1.280313262597563,0.6369951941159256
2024-06-10 00:00:00+00:00,0.05424510123668856,1.2805035385497392,0.6372300957418793
2024-06-11 00:00:00+00:00,0.05834582798960041,1.280708229068096,0.6374645666163368
2024-06-12 00:00:00+00:00,0.0550744273897977,1.2809014736499296,0.6376986008775384
2024-06-13 00:00:00+00:00,0.05448147307285267,1.2810926665243012,0.63793219267464
2024-06-14 00:00:00+00:00,0.05755880770119748,1.2812946888981092,0.6381653361678586
2024-06-15 00:00:00+00:00,0.05558322588442972,1.2814898080545953,0.6383980255286192
2024-06-16 00:00:00+00:00,0.05373062373541339,1.281678452566095,0.6386302549396998
2024-06-17 00:00:00+00:00,0.055475206577277884,1.2818732508590311,0.6388620185953772
2024-06-18 00:00:00+00:00,0.05325807314700246,1.2820602922271391,0.6390933107015722
2024-06-19 00:00:00+00:00,0.05402217820852207,1.282250044801333,0.6393241254759939
2024-06-20 00:00:00+00:00,0.055550304007689184,1.2824451937870935,0.6395544571482854
2024-06-21 00:00:00+00:00,0.05141940451477765,1.28262585835747,0.6397842999601665
2024-06-22 00:00:00+00:00,0.056268174374644014,1.2828235871669371,0.6400136481655792
2024-06-23 00:00:00+00:00,0.055543871905845824,1.2830188008354395,0.6402424960308299
2024-06-24 00:00:00+00:00,0.0563886260619195,1.2832170136228114,0.6404708378347342
2024-06-25 00:00:00+00:00,0.054512652251976164,1.2834086617401468,0.640698667868759
2024-06-26 00:00:00+00:00,0.05569810534857385,1.2836045067561657,0.6409259804371649
2024-06-27 00:00:00+00:00,0.05355753461003649,1.2837928538597168,0.6411527698571499
2024-06-28 00:00:00+00:00,0.05362441998420282,1.283981463851958,0.64137903045899
2024-06-29 00:00:00+00:00,0.05513206355285361,1.2841754050784395,0.6416047565861823
2024-06-30 00:00:00+00:00,0.054990788474677095,1.2843688785525904,0.6418299425955852
2024-07-01 00:00:00+00:00,0.054909352846803344,1.2845620946181737,0.6420545828575601
2024-07-02 00:00:00+00:00,0.05692050305085282,1.2847624176883812,0.6422786717561123
2024-07-03 00:00:00+00:00,0.05446298488477622,1.2849541217873814,0.6425022036890309
2024-07-04 00:00:00+00:00,0.05552222228156114,1.2851495834541526,0.6427251730680292
2024-07-05 00:00:00+00:00,0.055341932398661205,1.2853444400606449,0.6429475743188845
2024-07-06 00:00:00+00:00,0.055041975747999815,1.2855382699168028,0.643169401881577
2024-07-07 00:00:00+00:00,0.05540229597975233,1.2857333980585104,0.6433906502104292
2024-07-08 00:00:00+00:00,0.05217030520342824,1.2859171709455979,0.6436113137742444
2024-07-09 00:00:00+00:00,0.053916716103204726,1.2861071228114558,0.6438313870564449
2024-07-10 00:00:00+00:00,0.056381807757062676,1.2863057886869445,0.6440508645552103
2024-07-11 00:00:00+00:00,0.0542741755983545,1.2864970576903645,0.6442697407836145
2024-07-12 00:00:00+00:00,0.055744378817024993,1.2866935370857917,0.6444880102697631
2024-07-13 00:00:00+00:00,0.055391820884092634,1.2868888036554875,0.6447056675569304
2024-07-14 00:00:00+00:00,0.05011249848984686,1.2870654864314597,0.6449227072036955
2024-07-15 00:00:00+00:00,0.052697950226958834,1.2872513103025358,0.6451391237840786
2024-07-16 00:00:00+00:00,0.05365352766673352,1.287440531052649,0.6453549118876765
2024-07-17 00:00:00+00:00,0.05362114781495019,1.2876296654061243,0.6455700661197976
2024-07-18 00:00:00+00:00,0.05396062889180268,1.2878200251500287,0.6457845811015975
2024-07-19 00:00:00+00:00,0.05397901195207289,1.2880104778966852,0.645998451470213
2024-07-20 00:00:00+00:00,0.05339940919296433,1.288198913509162,0.6462116718788956
2024-07-21 00:00:00+00:00,0.05361701546246872,1.2883881446901604,0.6464242369971466
2024-07-22 00:00:00+00:00,0.05168409109792275,1.2885705807730088,0.6466361415108488
2024-07-23 00:00:00+00:00,0.05751447374073003,1.2887736258656963,0.6468473801224005
2024-07-24 00:00:00+00:00,0.0566893901519687,1.2889737896763656,0.6470579475508476
2024-07-25 00:00:00+00:00,0.0559175811076202,1.2891712589816526,0.6472678385320151
2024-07-26 00:00:00+00:00,0.05448097491101319,1.2893636844803282,0.6474770478186395
2024-07-27 00:00:00+00:00,0.053242883047689454,1.2895517651374753,0.6476855701804995
2024-07-28 00:00:00+00:00,0.058264569440555906,1.2897576149412204,0.647893400404547
2024-07-29 00:00:00+00:00,0.053203285683951225,1.2899456131408116,0.6481005332950371
2024-07-30 00:00:00+00:00,0.05676684552527636,1.290146232711653,0.6483069636736585
2024-07-31 00:00:00+00:00,0.05509215654544212,1.2903409640492394,0.6485126863796623
2024-08-01 00:00:00+00:00,0.053270074674080306,1.2905292833903625,0.6487176962699917
2024-08-02 00:00:00+00:00,0.05342171670195205,1.2907181663760416,0.64892198821941
2024-08-03 00:00:00+00:00,0.054026038014127566,1.2909092140163765,0.6491255571206291
2024-08-04 00:00:00+00:00,0.053731562936031846,1.2910992484538493,0.6493283978844373
2024-08-05 00:00:00+00:00,0.05256014495048123,1.291285167258354,0.6495305054398258
2024-08-06 00:00:00+00:00,0.055331766020589354,1.2914809181864104,0.6497318747341164
2024-08-07 00:00:00+00:00,0.053333497667955206,1.291669628308433,0.6499325007330872
2024-08-08 00:00:00+00:00,0.05587143691986428,1.2918673473170887,0.6501323784210986
2024-08-09 00:00:00+00:00,0.054477416732439055,1.292060162648165,0.6503315028012189
2024-08-10 00:00:00+00:00,0.05497754295725842,1.292254777149796,0.6505298688953489
2024-08-11 00:00:00+00:00,0.05495778787424263,1.2924493510235553,0.6507274717443466
2024-08-12 00:00:00+00:00,0.05422365872688638,1.292641354674327,0.6509243064081512
2024-08-13 00:00:00+00:00,0.05468118527904865,1.2928350071713524,0.6511203679659061
2024-08-14 00:00:00+00:00,0.05511038847052378,1.2930302089233345,0.6513156515160828
2024-08-15 00:00:00+00:00,0.05834020494145028,1.2932368819298663,0.6515101521766026
2024-08-16 00:00:00+00:00,0.05297197695805254,1.293424567722499,0.651703865084959
2024-08-17 00:00:00+00:00,0.05387226362455035,1.2936154710356245,0.6518967853983397
2024-08-18 00:00:00+00:00,0.05437179127714721,1.2938081729270876,0.6520889082937467
2024-08-19 00:00:00+00:00,0.05309142161275763,1.2939963650235118,0.6522802289681175
2024-08-20 00:00:00+00:00,0.05300648126027851,1.2941842833634392,0.6524707426384455
2024-08-21 00:00:00+00:00,0.052705045983823064,1.294371160191292,0.6526604445418988
2024-08-22 00:00:00+00:00,0.05496550909248514,1.2945660801084826,0.6528493299359395
2024-08-23 00:00:00+00:00,0.054278862094586704,1.294758594009125,0.6530373940984426
2024-08-24 00:00:00+00:00,0.05536568876650169,1.2949549918210255,0.6532246323278141
2024-08-25 00:00:00+00:00,0.05300381793688784,1.2951430399268418,0.6534110399431078
2024-08-26 00:00:00+00:00,0.053842682626635704,1.2953340919149372,0.6535966122841431
2024-08-27 00:00:00+00:00,0.056582660469373776,1.2955348958851214,0.6537813447116211
2024-08-28 00:00:00+00:00,0.05637868626540328,1.2957350069959186,0.6539652326072407
2024-08-29 00:00:00+00:00,0.05295033341297645,1.2959229785045085,0.6541482713738143
2024-08-30 00:00:00+00:00,0.05656633785056758,1.296123815811441,0.6543304564353819
2024-08-31 00:00:00+00:00,0.05454290915097954,1.296317498999206,0.6545117832373267
2024-09-01 00:00:00+00:00,0.053743882438189026,1.2965083733424079,0.6546922472464882
2024-09-02 00:00:00+00:00,0.056537015224067205,1.296709197215399,0.6548718439512753
2024-09-03 00:00:00+00:00,0.056835727563284144,1.2969111134089928,0.6550505688617799
2024-09-04 00:00:00+00:00,0.05179247347969686,1.297095141448573,0.6552284175098886
2024-09-05 00:00:00+00:00,0.056866302891388,1.2972972263943061,0.6554053854493942
2024-09-06 00:00:00+00:00,0.054862475097997014,1.2974922207416426,0.6555814682561076
2024-09-07 00:00:00+00:00,0.05486686124813441,1.2976872599899876,0.6557566615279679
2024-09-08 00:00:00+00:00,0.055136366426367024,1.2978832867304633,0.6559309608851522
2024-09-09 00:00:00+00:00,0.0573442733111757,1.2980871940562724,0.656104361970186
2024-09-10 00:00:00+00:00,0.057668246750500585,1.2982922855976708,0.6562768604480508
2024-09-11 00:00:00+00:00,0.05632625314840669,1.2984926361180522,0.6564484520062938
2024-09-12 00:00:00+00:00,0.05703490747747152,1.2986955386039734,0.656619132355135
2024-09-13 00:00:00+00:00,0.05910227773996971,1.2989058286434862,0.6567888972275747
2024-09-14 00:00:00+00:00,0.055928212865580355,1.299104857360409,0.6569577423794997
2024-09-15 00:00:00+00:00,0.054489156579148684,1.2992987946973553,0.6571256635897901
2024-09-16 00:00:00+00:00,0.05684638279958177,1.2995011520580524,0.6572926566604244
2024-09-17 00:00:00+00:00,0.05717012766096169,1.2997046935560215,0.6574587174165845
2024-09-18 00:00:00+00:00,0.05593596618831026,1.2999038722897023,0.6576238417067601
2024-09-19 00:00:00+00:00,0.0559421582841445,1.3001031035997783,0.6577880254028526
2024-09-20 00:00:00+00:00,0.05950234237841705,1.3003150465586761,0.6579512644002783
2024-09-21 00:00:00+00:00,0.0559601451536163,1.3005144049662127,0.6581135546180705
2024-09-22 00:00:00+00:00,0.05506727345649361,1.3007106125891508,0.6582748919989825
2024-09-23 00:00:00+00:00,0.05244446790404483,1.3008975032082586,0.6584352725095878
2024-09-24 00:00:00+00:00,0.057751766229606975,1.3011033364370093,0.6585946921403822
2024-09-25 00:00:00+00:00,0.05849281763903513,1.301311843834784,0.6587531469058834
2024-09-26 00:00:00+00:00,0.054895160701509696,1.301507558143798,0.6589106328447302
2024-09-27 00:00:00+00:00,0.05758222998930589,1.301712883369951,0.6590671460197826
2024-09-28 00:00:00+00:00,0.0562656086711892,1.301913545473233,0.659222682518219
2024-09-29 00:00:00+00:00,0.056935708456895544,1.30211662867888,0.6593772384516355
2024-09-30 00:00:00+00:00,0.0560197818699038,1.3023164760473944,0.6595308099561417
2024-10-01 00:00:00+00:00,0.056948977087490735,1.3025196694478194,0.6596833931924576
2024-10-02 00:00:00+00:00,0.058326400630860656,1.30272780995212,0.6598349843460107
2024-10-03 00:00:00+00:00,0.05633246108146783,1.3029288671128154,0.6599855796270299
2024-10-04 00:00:00+00:00,0.05614497651811175,1.3031292860461,0.660135175270641
2024-10-05 00:00:00+00:00,0.05571499767107968,1.3033282006903113,0.6602837675369606
2024-10-06 00:00:00+00:00,0.05897602896865315,1.3035387900648856,0.66043135271119
2024-10-07 00:00:00+00:00,0.05610729206171699,1.3037391682336743,0.6605779271037074
2024-10-08 00:00:00+00:00,0.058353064886860845,1.3039475988536182,0.6607234870501607
2024-10-09 00:00:00+00:00,0.05562352794234398,1.3041463116363585,0.6608680289115586
2024-10-10 00:00:00+00:00,0.054361412346007075,1.30434054515802,0.6610115490743624
2024-10-11 00:00:00+00:00,0.05677754418223151,1.3045434417413937,0.6611540439505753
2024-10-12 00:00:00+00:00,0.05803482854581368,1.3047508635358376,0.6612955099778328
2024-10-13 00:00:00+00:00,0.059372445514349705,1.3049630998359885,0.6614359436194918
2024-10-14 00:00:00+00:00,0.05900749805941746,1.305174065884156,0.6615753413647183
2024-10-15 00:00:00+00:00,0.05836408282605884,1.3053827653013714,0.6617136997285762
2024-10-16 00:00:00+00:00,0.05421975004206396,1.3055766763349164,0.6618510152521133
2024-10-17 00:00:00+00:00,0.058736352865638754,1.3057867717112297,0.661987284502449
2024-10-18 00:00:00+00:00,0.055871118245942576,1.3059866505252744,0.6621225040728589
2024-10-19 00:00:00+00:00,0.057105914629645156,1.30619097809287,0.6622566705828609
2024-10-20 00:00:00+00:00,0.060891652609042134,1.3064088852908948,0.6623897806782991
2024-10-21 00:00:00+00:00,0.059784609045160406,1.306622866508594,0.6625218310314283
2024-10-22 00:00:00+00:00,0.05673926006895014,1.3068259810692375,0.6626528183409962
2024-10-23 00:00:00+00:00,0.057903628749027325,1.307033296045806,0.6627827393323271
2024-10-24 00:00:00+00:00,0.05966752006133641,1.307246960252416,0.6629115907574031
2024-10-25 00:00:00+00:00,0.05833800984774899,1.3074558977484179,0.6630393693949451
2024-10-26 00:00:00+00:00,0.058302804281618985,1.3076647425300982,0.6631660720504938
2024-10-27 00:00:00+00:00,0.05701408991524874,1.3078690036676588,0.6632916955564895
2024-10-28 00:00:00+00:00,0.05956411346695105,1.3080824339628214,0.6634162367723511
2024-10-29 00:00:00+00:00,0.05982987730034097,1.3082968515286373,0.6635396925845546
2024-10-30 00:00:00+00:00,0.057701590584265154,1.3085036756636772,0.6636620599067111
2024-10-31 00:00:00+00:00,0.05592767765558019,1.3087041731206188,0.6637833356796441
2024-11-01 00:00:00+00:00,0.06173182745481558,1.3089255120252885,0.6639035168714655
2024-11-02 00:00:00+00:00,0.0580459982036815,1.3091336706223289,0.6640226004776517
2024-11-03 00:00:00+00:00,0.05978561640264281,1.3093481017550732,0.6641405835211188
2024-11-04 00:00:00+00:00,0.05794911739730611,1.3095559800204501,0.6642574630522969
2024-11-05 00:00:00+00:00,0.058179222343811364,1.3097647168657467,0.6643732361492037
2024-11-06 00:00:00+00:00,0.060790117163337036,1.3099828559084719,0.664487899917518
2024-11-07 00:00:00+00:00,0.05894991200209399,1.3101944267963626,0.6646014514906513
2024-11-08 00:00:00+00:00,0.060642603857128115,1.3104121078966366,0.6647138880298205
2024-11-09 00:00:00+00:00,0.06074177418698031,1.3106301812017045,0.6648252067241176
2024-11-10 00:00:00+00:00,0.058848544362355565,1.310841492649269,0.6649354047905813
2024-11-11 00:00:00+00:00,0.06011992649291018,1.3110574041401784,0.6650444794742657
2024-11-12 00:00:00+00:00,0.06090131143012955,1.3112761578806502,0.6651524280483092
2024-11-13 00:00:00+00:00,0.0616643590976646,1.311497689398118,0.6652592478140033
2024-11-14 00:00:00+00:00,0.05946943705156848,1.3117113716701263,0.6653649361008592
2024-11-15 00:00:00+00:00,0.059945978008662644,1.3119268013168108,0.6654694902666753
2024-11-16 00:00:00+00:00,0.05858823479484949,1.31213738618111,0.665572907697603
2024-11-17 00:00:00+00:00,0.06122373708083225,1.312357479206714,0.6656751858082119
2024-11-18 00:00:00+00:00,0.06026580710923534,1.312574164912742,0.6657763220415545
2024-11-19 00:00:00+00:00,0.05818115304413206,1.3127833897849903,0.6658763138692302
2024-11-20 00:00:00+00:00,0.05971137229947638,1.312998151696596,0.6659751587914485
2024-11-21 00:00:00+00:00,0.06012139922953262,1.3132144237132146,0.6660728543370916
2024-11-22 00:00:00+00:00,0.059470440472938285,1.3134283893028411,0.666169398063776
2024-11-23 00:00:00+00:00,0.0593324667851212,1.3136418932652603,0.6662647875579133
2024-11-24 00:00:00+00:00,0.05802188176207446,1.3138507151135033,0.6663590204347714
2024-11-25 00:00:00+00:00,0.060668259041708084,1.3140690960327543,0.666452094338533
2024-11-26 00:00:00+00:00,0.05994286561078439,1.3142849016963893,0.6665440069423557
2024-11-27 00:00:00+00:00,0.062001956227857674,1.3145081571345973,0.6666347559484289
2024-11-28 00:00:00+00:00,0.060530701935360365,1.3147261519330937,0.6667243390880323
2024-11-29 00:00:00+00:00,0.061991790073470186,1.3149494457073807,0.666812754121592
2024-11-30 00:00:00+00:00,0.05900744355037832,1.31516202599557,0.666899998838737
2024-12-01 00:00:00+00:00,0.06140712541018964,1.3153832871447892,0.6669860710583535
2024-12-02 00:00:00+00:00,0.06198053682670106,1.3156066519729264,0.6670709686286409
2024-12-03 00:00:00+00:00,0.06205405977167474,1.31583031973681,0.6671546894271642
2024-12-04 00:00:00+00:00,0.06058269398786506,1.3160487212316059,0.6672372313609077
2024-12-05 00:00:00+00:00,0.05972015551659698,1.3162640489968096,0.6673185923663275
2024-12-06 00:00:00+00:00,0.06358642027924925,1.3164933545283657,0.6673987704094027
2024-12-07 00:00:00+00:00,0.06085144043583729,1.3167128353967144,0.6674777634856862
2024-12-08 00:00:00+00:00,0.05940689148468432,1.316927141743369,0.6675555696203554
2024-12-09 00:00:00+00:00,0.06092091842564893,1.317146945609053,0.667632186868261
2024-12-10 00:00:00+00:00,0.06177326851546573,1.3173698619705474,0.6677076133139758
2024-12-11 00:00:00+00:00,0.060262617835802904,1.3175873637692879,0.6677818470718424
2024-12-12 00:00:00+00:00,0.06198482088005945,1.3178111183356909,0.6678548862860209
2024-12-13 00:00:00+00:00,0.06275381494863418,1.3180376873084507,0.6679267291305346
2024-12-14 00:00:00+00:00,0.06139049391734841,1.3182593721978357,0.6679973738093163
2024-12-15 00:00:00+00:00,0.06300712213645014,1.3184869330999496,0.6680668185562526
2024-12-16 00:00:00+00:00,0.06136156785814182,1.318708589059992,0.6681350616352285
2024-12-17 00:00:00+00:00,0.0608729761918196,1.3189285170505285,0.6682021013401706
2024-12-18 00:00:00+00:00,0.06397734932848635,1.3191596993805959,0.6682679359950896
2024-12-19 00:00:00+00:00,0.0625888625704769,1.3193859040521934,0.6683325639541227
2024-12-20 00:00:00+00:00,0.061846373891101356,1.3196094635972033,0.6683959836015743
2024-12-21 00:00:00+00:00,0.05903023332740398,1.3198228796370313,0.6684581933519566
2024-12-22 00:00:00+00:00,0.05968696743918611,1.320038704911668,0.6685191916500287
2024-12-23 00:00:00+00:00,0.059288683108356596,1.32025312506637,0.6685789769708368
2024-12-24 00:00:00+00:00,0.06174463117859504,1.3204764635383415,0.6686375478197507
2024-12-25 00:00:00+00:00,0.061791732051845426,1.3207000101898914,0.6686949027325023
2024-12-26 00:00:00+00:00,0.06248164464149229,1.320926091035685,0.6687510402752218
2024-12-27 00:00:00+00:00,0.06343500033308117,1.3211556607535615,0.6688059590444735
2024-12-28 00:00:00+00:00,0.059636068810386016,1.3213715197395723,0.6688596576672912
2024-12-29 00:00:00+00:00,0.05992914599244401,1.3215884749908509,0.6689121348012118
2024-12-30 00:00:00+00:00,0.06059426501281004,1.3218078741204167,0.66896338913431
2024-12-31 00:00:00+00:00,0.0626662843164537,1.3220348132657629,0.66901341938523
2025-01-01 00:00:00+00:00,0.06243721432468695,1.3222609616794083,0.669062224303218
2025-01-02 00:00:00+00:00,0.06047292049878094,1.322480032863009,0.669109802668154
2025-01-03 00:00:00+00:00,0.0609940246041665,1.3227010284237295,0.669156153290581
2025-01-04 00:00:00+00:00,0.06262847924850945,1.3229279839138957,0.6692012750117359
2025-01-05 00:00:00+00:00,0.06217918305378978,1.3231533498900019,0.669245166703578
2025-01-06 00:00:00+00:00,0.06360982462855132,1.3233839404449148,0.6692878272688175
2025-01-07 00:00:00+00:00,0.06089251420496126,1.323604719007633,0.6693292556409423
2025-01-08 00:00:00+00:00,0.0619135410796142,1.3238292369669302,0.6693694507842453
2025-01-09 00:00:00+00:00,0.06065006079340549,1.3240492104565251,0.66940841169385
2025-01-10 00:00:00+00:00,0.0638595016939059,1.3242808628477525,0.6694461373957358
2025-01-11 00:00:00+00:00,0.06368300744505424,1.3245119154177472,0.6694826269467619
2025-01-12 00:00:00+00:00,0.06288779025698825,1.3247401226164586,0.6695178794346917
2025-01-13 00:00:00+00:00,0.0636246113011355,1.3249710433709148,0.6695518939782145
2025-01-14 00:00:00+00:00,0.06423563779582062,1.3252042224394955,0.6695846697269687
2025-01-15 00:00:00+00:00,0.06435848059573317,1.325437888549729,0.6696162058615623
2025-01-16 00:00:00+00:00,0.06472785554838052,1.3256729371858618,0.6696465015935936
2025-01-17 00:00:00+00:00,0.06112982629196778,1.3258949595320813,0.6696755561656708
2025-01-18 00:00:00+00:00,0.06101359953945457,1.3261165968583615,0.6697033688514311
2025-01-19 00:00:00+00:00,0.06412793054970284,1.3263495862091126,0.6697299389555588
2025-01-20 00:00:00+00:00,0.06157663882743732,1.3265733455226165,0.6697552658138027
2025-01-21 00:00:00+00:00,0.05957207555735628,1.3267898571050052,0.6697793487929927
2025-01-22 00:00:00+00:00,0.06152925688103669,1.327013518458279,0.6698021872910556
2025-01-23 00:00:00+00:00,0.06372976472215366,1.3272452177988665,0.66982378073703
2025-01-24 00:00:00+00:00,0.06150549731504523,1.3274688695171672,0.669844128591081
2025-01-25 00:00:00+00:00,0.06333614222190266,1.3276992167969341,0.6698632303445133
2025-01-26 00:00:00+00:00,0.06264394502120223,1.3279270861578705,0.669881085519784
2025-01-27 00:00:00+00:00,0.060169566033394364,1.3281459924496462,0.6698976936705147
2025-01-28 00:00:00+00:00,0.06284480818295662,1.3283746693815215,0.6699130543815024
2025-01-29 00:00:00+00:00,0.062174122370253396,1.328600944804118,0.6699271672687303
2025-01-30 00:00:00+00:00,0.06132607474612323,1.328824171874937,0.6699400319793767
2025-01-31 00:00:00+00:00,0.059993306723819334,1.3290425843574722,0.6699516481918248
2025-02-01 00:00:00+00:00,0.06451192860506595,1.3292774860021712,0.6699620156156697
2025-02-02 00:00:00+00:00,0.06073743281535854,1.3294986829939495,0.6699711339917264
2025-02-03 00:00:00+00:00,0.059034553114987565,1.329713714118929,0.669979003092036
2025-02-04 00:00:00+00:00,0.06331357948135145,1.3299443687351655,0.6699856227198713
2025-02-05 00:00:00+00:00,0.061378090034068376,1.3301680110507943,0.669990992709742
2025-02-06 00:00:00+00:00,0.06379916315698646,1.3304005140808306,0.6699951129273988
2025-02-07 00:00:00+00:00,0.06184657741538112,1.3306259407065502,0.6699979832698362
2025-02-08 00:00:00+00:00,0.06195787463086462,1.3308518112687826,0.669999603665296
2025-02-09 00:00:00+00:00,0.06283401544333644,1.3310809147297746,0.6699999740732682
2025-02-10 00:00:00+00:00,0.062105433888230664,1.3313074006414174,0.6699990944844928
2025-02-11 00:00:00+00:00,0.06207288933048305,1.331533806386472,0.6699969649209594
2025-02-12 00:00:00+00:00,0.06349740243608268,1.3317654473123937,0.6699935854359069
2025-02-13 00:00:00+00:00,0.060495962295112796,1.3319861772638637,0.6699889561138225
2025-02-14 00:00:00+00:00,0.06265182489661997,1.3322148111398708,0.6699830770704387
2025-02-15 00:00:00+00:00,0.06221943514743329,1.3324419060797177,0.6699759484527315
2025-02-16 00:00:00+00:00,0.059355445698906065,1.3326585846638364,0.6699675704389159
2025-02-17 00:00:00+00:00,0.06338566734622086,1.3328900133042023,0.6699579432384417
2025-02-18 00:00:00+00:00,0.06284302030663091,1.3331195005211134,0.6699470670919886
2025-02-19 00:00:00+00:00,0.06396003337820111,1.333353107008101,0.6699349422714596
2025-02-20 00:00:00+00:00,0.06096929322242945,1.3335758291904303,0.6699215690799746
2025-02-21 00:00:00+00:00,0.05993981808070181,1.3337948272523439,0.6699069478518627
2025-02-22 00:00:00+00:00,0.06614564383156278,1.334036538807379,0.6698910789526538
2025-02-23 00:00:00+00:00,0.05998501904746268,1.3342557777311883,0.6698739627790695
2025-02-24 00:00:00+00:00,0.06028091494098266,1.334476134331317,0.6698555997590133
2025-02-25 00:00:00+00:00,0.06225851042313622,1.3347037576089025,0.6698359903515599
2025-02-26 00:00:00+00:00,0.06073759706665266,1.3349258581541985,0.6698151350469432
2025-02-27 00:00:00+00:00,0.06196074247530371,1.3351524691057621,0.669793034366545
2025-02-28 00:00:00+00:00,0.0593132896271959,1.3353694342704103,0.669769688862881
2025-03-01 00:00:00+00:00,0.05870988817240611,1.3355842271201497,0.6697450991195876
2025-03-02 00:00:00+00:00,0.060388630256813486,1.3358051972628027,0.6697192657514071
2025-03-03 00:00:00+00:00,0.06217249697287021,1.3360327324534416,0.6696921894041723
2025-03-04 00:00:00+00:00,0.06106616285054011,1.3362562568162186,0.6696638707547905
2025-03-05 00:00:00+00:00,0.06285853600078234,1.3364863804108087,0.6696343105112266
2025-03-06 00:00:00+00:00,0.060624493311334286,1.3367083634508905,0.6696035094124849
2025-03-07 00:00:00+00:00,0.061250242093703375,1.336932674987521,0.6695714682285915
2025-03-08 00:00:00+00:00,0.059556975287828134,1.3371508220184407,0.6695381877605742
2025-03-09 00:00:00+00:00,0.05867662865182102,1.3373657795588108,0.669503668840443
2025-03-10 00:00:00+00:00,0.05899507226922336,1.337581938437757,0.6694679123311691
2025-03-11 00:00:00+00:00,0.05956909122202006,1.337800235809011,0.6694309191266634
2025-03-12 00:00:00+00:00,0.06364866386828136,1.3380335212817012,0.669392690151754
2025-03-13 00:00:00+00:00,0.0587240668410205,1.3382487946240005,0.6693532263621633
2025-03-14 00:00:00+00:00,0.05927459607329303,1.3384661210808413,0.6693125287444842
2025-03-15 00:00:00+00:00,0.06259201560842738,1.3386956479091756,0.6692705983161548
2025-03-16 00:00:00+00:00,0.0594847188154998,1.3389138175919029,0.6692274361254336
2025-03-17 00:00:00+00:00,0.06130660740287387,1.3391387059857696,0.6691830432513731
2025-03-18 00:00:00+00:00,0.056952353413779674,1.3393476569470117,0.6691374208037931
2025-03-19 00:00:00+00:00,0.05885132444834312,1.3395636086826503,0.6690905699232522
2025-03-20 00:00:00+00:00,0.06101379177579245,1.3397875315733094,0.6690424917810199
2025-03-21 00:00:00+00:00,0.05764102836583203,1.3399991116585468,0.6689931875790476
2025-03-22 00:00:00+00:00,0.06039350230320105,1.3402208301227558,0.6689426585499374
2025-03-23 00:00:00+00:00,0.06011513831908865,1.3404415631654434,0.6688909059569126
2025-03-24 00:00:00+00:00,0.05915799472514351,1.3406588175076986,0.6688379310937852
2025-03-25 00:00:00+00:00,0.05952637359738128,1.3408774601313633,0.6687837352849242
2025-03-26 00:00:00+00:00,0.0609306896297564,1.3411012973597327,0.6687283198852217
2025-03-27 00:00:00+00:00,0.05973181185647815,1.3413207669771967,0.6686716862800601
2025-03-28 00:00:00+00:00,0.061219778950635774,1.3415457405685838,0.6686138358852766
2025-03-29 00:00:00+00:00,0.06085051557436444,1.3417693946781186,0.6685547701471278
2025-03-30 00:00:00+00:00,0.06192096359459776,1.3419970211269958,0.6684944905422543
2025-03-31 00:00:00+00:00,0.058914670556199485,1.3422136329417549,0.6684329985776429
2025-04-01 00:00:00+00:00,0.059736868706195906,1.3424333031871432,0.6683702957905897
2025-04-02 00:00:00+00:00,0.05783580366374999,1.3426460174582524,0.668306383748661
2025-04-03 00:00:00+00:00,0.060277434188211236,1.342867746929363,0.6682412640496546
2025-04-04 00:00:00+00:00,0.05821623911103676,1.3430819296960745,0.6681749383215594
2025-04-05 00:00:00+00:00,0.06013841465388308,1.3433032196084094,0.6681074082225154
2025-04-06 00:00:00+00:00,0.05872929128997765,1.343519360008615,0.6680386754407712
2025-04-07 00:00:00+00:00,0.05882227001509234,1.3437358774293409,0.6679687416946432
2025-04-08 00:00:00+00:00,0.05935385444955007,1.3439543867545123,0.6678976087324712
2025-04-09 00:00:00+00:00,0.0578291777249969,1.3441673176506381,0.6678252783325754
2025-04-10 00:00:00+00:00,0.057869553611272787,1.3443804309729706,0.6677517523032124
2025-04-11 00:00:00+00:00,0.05786877503620301,1.3445935752160474,0.6676770324825287
2025-04-12 00:00:00+00:00,0.057920710127434036,1.3448069445714155,0.6676011207385162
2025-04-13 00:00:00+00:00,0.0595923281915857,1.3450265066996216,0.6675240189689644
2025-04-14 00:00:00+00:00,0.05800737533160829,1.3452402641171697,0.6674457291014136
2025-04-15 00:00:00+00:00,0.05765807833379996,1.3454527681405293,0.6673662530931065
2025-04-16 00:00:00+00:00,0.059676613618372724,1.3456727464007652,0.6672855929309389
2025-04-17 00:00:00+00:00,0.05941019427980961,1.3458917783988493,0.667203750631411
2025-04-18 00:00:00+00:00,0.05806820275504746,1.3461058976226148,0.6671207282405757
2025-04-19 00:00:00+00:00,0.06192222687498871,1.3463342644028622,0.6670365278339887
2025-04-20 00:00:00+00:00,0.05659325508297093,1.3465430135493068,0.6669511515166555
2025-04-21 00:00:00+00:00,0.0604985981146758,1.3467662024934735,0.6668646014229799
2025-04-22 00:00:00+00:00,0.05840713238861074,1.346981711402749,0.6667768797167095
2025-04-23 00:00:00+00:00,0.059454269963433386,1.347201119113175,0.6666879885908825
2025-04-24 00:00:00+00:00,0.057426995111143325,1.3474130799681916,0.6665979302677725
2025-04-25 00:00:00+00:00,0.05955647802576346,1.3476329352489826,0.6665067069988326
2025-04-26 00:00:00+00:00,0.056259715273268104,1.3478406542770098,0.66641432106464
2025-04-27 00:00:00+00:00,0.05886187086771707,1.3480580143387697,0.6663207747748383
2025-04-28 00:00:00+00:00,0.057985644801358725,1.3482721732790193,0.6662260704680797
2025-04-29 00:00:00+00:00,0.058877509924646805,1.348489660698919,0.666130210511967
2025-04-30 00:00:00+00:00,0.056732465705405105,1.348699258352151,0.6660331973029942
2025-05-01 00:00:00+00:00,0.05802153397334814,1.3489136517763656,0.6659350332664862
2025-05-02 00:00:00+00:00,0.05614578480880687,1.3491211471616211,0.6658357208565391
2025-05-03 00:00:00+00:00,0.05671367511468916,1.3493307735134854,0.6657352625559578
2025-05-04 00:00:00+00:00,0.0568109021824686,1.3495407918657756,0.6656336608761948
2025-05-05 00:00:00+00:00,0.05620625802004819,1.349748607312231,0.6655309183572865
2025-05-06 00:00:00+00:00,0.05631047630532087,1.3499568401532451,0.6654270375677908
2025-05-07 00:00:00+00:00,0.05514552425428389,1.3501607965304259,0.6653220211047217
2025-05-08 00:00:00+00:00,0.05672289118558936,1.3503706185138358,0.6652158715934856
2025-05-09 00:00:00+00:00,0.059015026765129035,1.3505889531938207,0.6651085916878147
2025-05-10 00:00:00+00:00,0.06103065749871558,1.3508147815001874,0.665000184069701
2025-05-11 00:00:00+00:00,0.05545642378739531,1.3510200180946563,0.6648906514493292
2025-05-12 00:00:00+00:00,0.05551011830574049,1.3512254846180476,0.6647799965650093
2025-05-13 00:00:00+00:00,0.05708175632697221,1.3514368005738167,0.6646682221831076
2025-05-14 00:00:00+00:00,0.05726452300227029,1.3516488262827278,0.6645553310979778
2025-05-15 00:00:00+00:00,0.05451578002343824,1.3518507062555567,0.6644413261318911
2025-05-16 00:00:00+00:00,0.05293527562572975,1.3520467626658048,0.6643262101349656
2025-05-17 00:00:00+00:00,0.056712522985661,1.3522568393318468,0.6642099859850956
2025-05-18 00:00:00+00:00,0.05826211596265447,1.35247268959153,0.6640926565878785
2025-05-19 00:00:00+00:00,0.05832773496002512,1.352688817450651,0.6639742248765432
2025-05-20 00:00:00+00:00,0.0561246762663857,1.3528968153190581,0.6638546938118763
2025-05-21 00:00:00+00:00,0.058159418284910946,1.3531123870773554,0.6637340663821483
2025-05-22 00:00:00+00:00,0.05576119520080889,1.3533191025950113,0.6636123456030384
2025-05-23 00:00:00+00:00,0.05386170831825593,1.3535188069203963,0.66348953451756
2025-05-24 00:00:00+00:00,0.05569420147159768,1.35372533609609,0.6633656361959837
2025-05-25 00:00:00+00:00,0.057385896728231245,1.3539381710065985,0.6632406537357611
2025-05-26 00:00:00+00:00,0.05597181992565587,1.3541457939750863,0.6631145902614473
2025-05-27 00:00:00+00:00,0.054870467714189984,1.3543493627780139,0.6629874489246224
2025-05-28 00:00:00+00:00,0.055742692009091585,1.354556198611992,0.6628592329038134
2025-05-29 00:00:00+00:00,0.05610931612153431,1.3547644266173409,0.662729945404414
2025-05-30 00:00:00+00:00,0.05575738314891488,1.354971380368605,0.6625995896586051
2025-05-31 00:00:00+00:00,0.05594904311491017,1.355179077223892,0.6624681689252734
2025-06-01 00:00:00+00:00,0.05600658012466975,1.3553870195405273,0.6623356864899305
2025-06-02 00:00:00+00:00,0.0569880694432319,1.355598638416122,0.6622021456646302
2025-06-03 00:00:00+00:00,0.05553300735637055,1.3558048862768328,0.6620675497878864
2025-06-04 00:00:00+00:00,0.05505493201998511,1.3560093896901104,0.6619319022245889
2025-06-05 00:00:00+00:00,0.055769104070292494,1.3562165771662036,0.6617952063659197
2025-06-06 00:00:00+00:00,0.056067349764924786,1.35642490447905,0.6616574656292683
2025-06-07 00:00:00+00:00,0.05252115129938262,1.3566200852944867,0.6615186834581457
2025-06-08 00:00:00+00:00,0.056802149366045315,1.3568312056690564,0.6613788633220992
2025-06-09 00:00:00+00:00,0.05757872666132899,1.3570452457049926,0.6612380087166247
2025-06-10 00:00:00+00:00,0.0550275717110404,1.357249834484645,0.6610961231630801
2025-06-11 00:00:00+00:00,0.05586377765247389,1.3574575635338848,0.6609532102085969
2025-06-12 00:00:00+00:00,0.05379110381138082,1.3576576159742124,0.6608092734259914
2025-06-13 00:00:00+00:00,0.05586295411541911,1.3578654043717622,0.6606643164136758
2025-06-14 00:00:00+00:00,0.05353626111817305,1.3580645688562876,0.6605183427955678
2025-06-15 00:00:00+00:00,0.05503956378009356,1.3582693559287673,0.6603713562210002
2025-06-16 00:00:00+00:00,0.055590550599650256,1.358476224261257,0.6602233603646297
2025-06-17 00:00:00+00:00,0.053508177318671454,1.358675373813835,0.6600743589263451
2025-06-18 00:00:00+00:00,0.05298750674922422,1.3588726144180543,0.6599243556311745
2025-06-19 00:00:00+00:00,0.05409190215641321,1.3590739952523065,0.6597733542291926
2025-06-20 00:00:00+00:00,0.05372626158169334,1.3592740444714237,0.6596213584954265
2025-06-21 00:00:00+00:00,0.054050556705349445,1.359475330824352,0.6594683722297614
2025-06-22 00:00:00+00:00,0.052851356540600476,1.3596721804556327,0.6593143992568464
2025-06-23 00:00:00+00:00,0.05608898868330846,1.3598811191886262,0.6591594434259976
2025-06-24 00:00:00+00:00,0.05402568943602298,1.3600824027914076,0.6590035086111027
2025-06-25 00:00:00+00:00,0.055060263807969655,1.3602875712733207,0.6588465987105239
2025-06-26 00:00:00+00:00,0.0519285753357728,1.3604810994805077,0.6586887176470007
2025-06-27 00:00:00+00:00,0.0534561618682814,1.3606803490637203,0.6585298693675512
2025-06-28 00:00:00+00:00,0.056699765068898365,1.3608917196284485,0.6583700578433743
2025-06-29 00:00:00+00:00,0.052963988389139766,1.361089194294852,0.6582092870697499
2025-06-30 00:00:00+00:00,0.05467888163412043,1.3612930924727926,0.6580475610659388
2025-07-01 00:00:00+00:00,0.057359760679781636,1.3615070197221057,0.6578848838750826
2025-07-02 00:00:00+00:00,0.054198290642522684,1.3617091878129737,0.6577212595641027
2025-07-03 00:00:00+00:00,0.05643427823363341,1.3619197277449693,0.6575566922235984
2025-07-04 00:00:00+00:00,0.05281110224523862,1.3621167811202892,0.6573911859677445
2025-07-05 00:00:00+00:00,0.05341594890094364,1.3623161201898164,0.6572247449341889
2025-07-06 00:00:00+00:00,0.05402262564396169,1.362517752775487,0.6570573732839488
2025-07-07 00:00:00+00:00,0.053282486262313244,1.3627166523191705,0.6568890752013066
2025-07-08 00:00:00+00:00,0.05458883108010008,1.362920458097646,0.6567198548937057
2025-07-09 00:00:00+00:00,0.05139508433578126,1.3631123688151443,0.6565497165916448
2025-07-10 00:00:00+00:00,0.05245138733425065,1.363308251376341,0.656378664548573
2025-07-11 00:00:00+00:00,0.055989587918147024,1.3635173775878477,0.656206703040782
2025-07-12 00:00:00+00:00,0.054192970022685014,1.3637198243176258,0.656033836367301
2025-07-13 00:00:00+00:00,0.05473157712374543,1.3639243134593788,0.6558600688497873
2025-07-14 00:00:00+00:00,0.05651174149258717,1.3641354853449066,0.6556854048324201
2025-07-15 00:00:00+00:00,0.05136143274778767,1.3643274413804942,0.6555098486817909
2025-07-16 00:00:00+00:00,0.0494933068050252,1.3645124415904635,0.6553334047867939
2025-07-17 00:00:00+00:00,0.056617673531678375,1.3647241005492248,0.6551560775585177
2025-07-18 00:00:00+00:00,0.051899286269234055,1.3649181504307946,0.6549778714301334
2025-07-19 00:00:00+00:00,0.05406731934705729,1.365120335267841,0.6547987908567853
2025-07-20 00:00:00+00:00,0.05150139241362809,1.3653129533447683,0.654618840315478
2025-07-21 00:00:00+00:00,0.05010237618478635,1.3655003654631204,0.654438024304966
2025-07-22 00:00:00+00:00,0.05381534310425587,1.3657016938759323,0.65425634734564
2025-07-23 00:00:00+00:00,0.05462705529053042,1.365906089114129,0.6540738139794146
2025-07-24 00:00:00+00:00,0.0526910948245555,1.3661032701751235,0.6538904287696143
2025-07-25 00:00:00+00:00,0.05011938646948992,1.366290854442946,0.6537061963008599
2025-07-26 00:00:00+00:00,0.05438982298050353,1.3664944498339406,0.6535211211789536
2025-07-27 00:00:00+00:00,0.056780825646662085,1.3667070270479218,0.6533352080307636
2025-07-28 00:00:00+00:00,0.05134262204303914,1.366899274506369,0.6531484615041092
2025-07-29 00:00:00+00:00,0.05508896494166326,1.367105578797361,0.6529608862676435
2025-07-30 00:00:00+00:00,0.054365727990412664,1.3673092053453915,0.6527724870107379
2025-07-31 00:00:00+00:00,0.05118380225143157,1.367500942561783,0.6525832684433639
2025-08-01 00:00:00+00:00,0.055484468130056634,1.3677088194452498,0.6523932352959759
2025-08-02 00:00:00+00:00,0.05425806238876416,1.3679121324054007,0.6522023923193926
2025-08-03 00:00:00+00:00,0.05378300771028963,1.3681136952239328,0.6520107442846785
2025-08-04 00:00:00+00:00,0.05592475542940739,1.3683233155631245,0.6518182959830247
2025-08-05 00:00:00+00:00,0.05407386826055346,1.368526029356833,0.6516250522256283
2025-08-06 00:00:00+00:00,0.05596104379179957,1.3687358489323374,0.6514310178435735
2025-08-07 00:00:00+00:00,0.05799041236445208,1.368953310730413,0.6512361976877096
2025-08-08 00:00:00+00:00,0.05440591728922545,1.3691573632251977,0.6510405966285304
2025-08-09 00:00:00+00:00,0.05476621087802831,1.3693627976385663,0.6508442195560522
2025-08-10 00:00:00+00:00,0.05327276507834712,1.3695626599471296,0.6506470713796916
2025-08-11 00:00:00+00:00,0.056458696368725254,1.369774505761858,0.6504491570281427
2025-08-12 00:00:00+00:00,0.05234043349456932,1.3699709292999989,0.6502504814492539
2025-08-13 00:00:00+00:00,0.053442754675620555,1.3701715183966763,0.6500510496099046
2025-08-14 00:00:00+00:00,0.05415429468702675,1.3703748079094955,0.64985086649588
2025-08-15 00:00:00+00:00,0.05400123302477631,1.3705775529213673,0.6496499371117478
2025-08-16 00:00:00+00:00,0.05323264750120013,1.3707774418850598,0.6494482664807321
2025-08-17 00:00:00+00:00,0.05564696715538695,1.3709864271105006,0.649245859644588
2025-08-18 00:00:00+00:00,0.05389474625086519,1.3711888626326993,0.6490427216634762
2025-08-19 00:00:00+00:00,0.05116288219689174,1.3713810653018734,0.6488388576158354
2025-08-20 00:00:00+00:00,0.05616330012583522,1.3715920825247705,0.6486342725982562
2025-08-21 00:00:00+00:00,0.05705150888101769,1.3718064699162151,0.6484289717253535
2025-08-22 00:00:00+00:00,0.05365192270911724,1.3720081139016833,0.6482229601296383
2025-08-23 00:00:00+00:00,0.05656075763398745,1.372220721623333,0.6480162429613897
2025-08-24 00:00:00+00:00,0.053759525801831916,1.372422831035086,0.6478088253885264
2025-08-25 00:00:00+00:00,0.053105652940758856,1.3726225116119433,0.6476007125964767
2025-08-26 00:00:00+00:00,0.05325133104558104,1.3728227690797965,0.6473919097880495
2025-08-27 00:00:00+00:00,0.05712880256445381,1.3730376395481,0.6471824221833045
2025-08-28 00:00:00+00:00,0.05676398580666092,1.3732511712990132,0.6469722550194205
2025-08-29 00:00:00+00:00,0.05579608242713442,1.3734610946840735,0.6467614135505658
2025-08-30 00:00:00+00:00,0.053277212128259636,1.3736615718843241,0.6465499030477662
2025-08-31 00:00:00+00:00,0.05603662554882566,1.3738724632792132,0.6463377287987733
2025-09-01 00:00:00+00:00,0.05325154413618197,1.3740729039096673,0.646124896107932
2025-09-02 00:00:00+00:00,0.05586302381653985,1.3742832049161242,0.6459114102960487
2025-09-03 00:00:00+00:00,0.054151810801284575,1.3744870951191377,0.6456972767002578
2025-09-04 00:00:00+00:00,0.05416190222611186,1.3746910535729924,0.6454825006738876
2025-09-05 00:00:00+00:00,0.05427886705252979,1.3748954828139106,0.6452670875863278
2025-09-06 00:00:00+00:00,0.052001301186201526,1.375091363236106,0.6450510428228943
2025-09-07 00:00:00+00:00,0.052526086357133295,1.3752892486270492,0.6448343717846949
2025-09-08 00:00:00+00:00,0.05498380035140804,1.3754964229543696,0.6446170798884945
2025-09-09 00:00:00+00:00,0.05364721178348716,1.3756985915787794,0.644399172566579
2025-09-10 00:00:00+00:00,0.05654338619673367,1.3759117057068724,0.64418065526662
2025-09-11 00:00:00+00:00,0.0571240278806532,1.3761270416483466,0.6439615334515387
2025-09-12 00:00:00+00:00,0.05307483619860001,1.3763271449834806,0.6437418125993694
2025-09-13 00:00:00+00:00,0.05320632079275299,1.3765277732124992,0.6435214982031214
2025-09-14 00:00:00+00:00,0.055266766638605865,1.3767362012651394,0.6433005957706436
2025-09-15 00:00:00+00:00,0.05849281814355873,1.3769568291562415,0.6430791108244849
2025-09-16 00:00:00+00:00,0.05444700955896047,1.3771622296538837,0.6428570489017578
2025-09-17 00:00:00+00:00,0.056428576291081486,1.3773751373359144,0.6426344155539985
2025-09-18 00:00:00+00:00,0.05325656862321344,1.377576107948302,0.6424112163470292
2025-09-19 00:00:00+00:00,0.054425622778676304,1.3777815201061105,0.6421874568608187
2025-09-20 00:00:00+00:00,0.05656759529801109,1.3779950482908734,0.6419631426893421
2025-09-21 00:00:00+00:00,0.05553325366901468,1.3782047045883292,0.6417382794404421
2025-09-22 00:00:00+00:00,0.05670282006345394,1.37841880895374,0.6415128727356885
2025-09-23 00:00:00+00:00,0.05619716227130157,1.3786310369687662,0.6412869282102368
2025-09-24 00:00:00+00:00,0.056048166105829016,1.3788427348902967,0.6410604515126886
2025-09-25 00:00:00+00:00,0.05607549558522808,1.3790545685606888,0.6408334483049495
2025-09-26 00:00:00+00:00,0.05824515719940621,1.3792746322596814,0.6406059242620878
2025-09-27 00:00:00+00:00,0.056150187732895276,1.3794868145323844,0.6403778850721928
2025-09-28 00:00:00+00:00,0.05760017809969744,1.3797045095630784,0.6401493364362324
2025-09-29 00:00:00+00:00,0.05597031705935287,1.3799160780530741,0.6399202840679105
2025-09-30 00:00:00+00:00,0.056568513076886165,1.3801299405207628,0.6396907336935244
2025-10-01 00:00:00+00:00,0.054883177967328466,1.3803374635814303,0.6394606910518215
2025-10-02 00:00:00+00:00,0.05340752045444826,1.3805394372836775,0.639230161893856
2025-10-03 00:00:00+00:00,0.05597944291745382,1.3807511683210052,0.6389991519828445
2025-10-04 00:00:00+00:00,0.05682420593661234,1.3809661274682268,0.6387676670940231
2025-10-05 00:00:00+00:00,0.05602391784405957,1.3811780922158179,0.6385357130145018
2025-10-06 00:00:00+00:00,0.05761783810575163,1.3813961209711945,0.6383032955431206
2025-10-07 00:00:00+00:00,0.05566830769564101,1.38160680585972,0.638070420490304
2025-10-08 00:00:00+00:00,0.054841139469589316,1.381814391863918,0.6378370936779164
2025-10-09 00:00:00+00:00,0.054784127020366245,1.3820217932205277,0.637603320939116
2025-10-10 00:00:00+00:00,0.05804221948893792,1.3822415620212416,0.6373691081182087
2025-10-11 00:00:00+00:00,0.055881830039519874,1.3824531844542347,0.6371344610705032
2025-10-12 00:00:00+00:00,0.05719758750005675,1.382669822774735,0.6368993856621634
2025-10-13 00:00:00+00:00,0.05513019729562212,1.3828786634874042,0.6366638877700621
2025-10-14 00:00:00+00:00,0.0560104014799948,1.3830908705809386,0.6364279732816346
2025-10-15 00:00:00+00:00,0.05733987275951269,1.3833081479906206,0.6361916480947306
2025-10-16 00:00:00+00:00,0.059053132717461786,1.3835319525924081,0.6359549181174676
2025-10-17 00:00:00+00:00,0.055896029270047526,1.3837438264075264,0.6357177892680825
2025-10-18 00:00:00+00:00,0.055384088415421806,1.3839537918607483,0.6354802674747846
2025-10-19 00:00:00+00:00,0.05760609302878942,1.384172214246725,0.6352423586756059
2025-10-20 00:00:00+00:00,0.057919912156406635,1.3843918611866113,0.6350040688182542
2025-10-21 00:00:00+00:00,0.05710410867752453,1.3846084487572785,0.6347654038599635
2025-10-22 00:00:00+00:00,0.0596495464442075,1.3848347261982956,0.6345263697673453
2025-10-23 00:00:00+00:00,0.05530906742271598,1.3850445725469,0.6342869725162397
2025-10-24 00:00:00+00:00,0.056717930529296634,1.3852597968259295,0.6340472180915651
2025-10-25 00:00:00+00:00,0.05802067616575832,1.3854799987713462,0.6338071124871699
2025-10-26 00:00:00+00:00,0.05677158574446759,1.3856954943783257,0.6335666617056817
2025-10-27 00:00:00+00:00,0.05865658591623009,1.385918179766873,0.6333258717583574
2025-10-28 00:00:00+00:00,0.05822688390888455,1.3861392693475867,0.6330847486649331
2025-10-29 00:00:00+00:00,0.05791255556730134,1.3863592004913132,0.6328432984534739
2025-10-30 00:00:00+00:00,0.06197008743534337,1.3865945780279467,0.632601527160222
2025-10-31 00:00:00+00:00,0.05693288402738107,1.3868108597493272,0.6323594408294476
2025-11-01 00:00:00+00:00,0.058093173089940324,1.3870315837036242,0.6321170455132962
2025-11-02 00:00:00+00:00,0.05928773658027585,1.3872568822328384,0.6318743472716379
2025-11-03 00:00:00+00:00,0.05749129726921366,1.3874753896240855,0.6316313521719165
2025-11-04 00:00:00+00:00,0.05888938331027207,1.3876992459803954,0.6313880662889965
2025-11-05 00:00:00+00:00,0.060034002613578726,1.387927490200012,0.6311444957050124
2025-11-06 00:00:00+00:00,0.05914241266530157,1.3881523816530943,0.6309006465092161
2025-11-07 00:00:00+00:00,0.05999706404275432,1.3883805599197876,0.6306565247978247
2025-11-08 00:00:00+00:00,0.05838511970508224,1.3886026442079715,0.6304121366738685
2025-11-09 00:00:00+00:00,0.05862069120103509,1.388825660226621,0.6301674882470377
2025-11-10 00:00:00+00:00,0.061962059974159524,1.389061425976902,0.6299225856335304
2025-11-11 00:00:00+00:00,0.059852478859214554,1.3892892034279498,0.629677434955899
2025-11-12 00:00:00+00:00,0.060656043880970845,1.3895200768166798,0.6294320423428977
2025-11-13 00:00:00+00:00,0.05828982546374323,1.3897419806050524,0.6291864139293292
2025-11-14 00:00:00+00:00,0.05900477828279581,1.3899666420226848,0.6289405558558908
2025-11-15 00:00:00+00:00,0.06114185457951014,1.390199478018019,0.6286944742690217
2025-11-16 00:00:00+00:00,0.059595810338749236,1.3904264644958955,0.6284481753207486
2025-11-17 00:00:00+00:00,0.05765507783815953,1.390646095032988,0.6282016651685327
2025-11-18 00:00:00+00:00,0.05823072260916247,1.3908679534631452,0.6279549499751146
2025-11-19 00:00:00+00:00,0.05953940534713161,1.391094834150448,0.6277080359083616
2025-11-20 00:00:00+00:00,0.06205547638620111,1.3913313411439592,0.6274609291411121
2025-11-21 00:00:00+00:00,0.060561702392192246,1.3915621942798806,0.6272136358510229
2025-11-22 00:00:00+00:00,0.05867580284595649,1.3917858957290847,0.6269661622204129
2025-11-23 00:00:00+00:00,0.05985288748837466,1.3920141214951807,0.6267185144361105
2025-11-24 00:00:00+00:00,0.06003450183395623,1.3922430773152623,0.6264706986892968
2025-11-25 00:00:00+00:00,0.057484619545993355,1.3924623446128377,0.626222721175353
2025-11-26 00:00:00+00:00,0.060002049630597805,1.3926912503517699,0.6259745880937041
2025-11-27 00:00:00+00:00,0.059582082257637184,1.3929185912959834,0.6257263056476638
2025-11-28 00:00:00+00:00,0.059936120769393225,1.393147320438202,0.6254778800442807
2025-11-29 00:00:00+00:00,0.05887354381644721,1.3933720314513873,0.6252293174941818
2025-11-30 00:00:00+00:00,0.060832062516070616,1.3936042552720047,0.6249806242114179
2025-12-01 00:00:00+00:00,0.059702249998999,1.3938322040655606,0.6247318064133079
2025-12-02 00:00:00+00:00,0.05921381038813159,1.3940583249308878,0.6244828703202843
2025-12-03 00:00:00+00:00,0.06320461790449651,1.3942997247220215,0.6242338221557361
2025-12-04 00:00:00+00:00,0.059912935487927574,1.3945285920903998,0.6239846681458544
2025-12-05 00:00:00+00:00,0.05847481866052649,1.3947520025192748,0.6237354145194768
2025-12-06 00:00:00+00:00,0.062402968718172955,1.39499045913731,0.6234860675079306
2025-12-07 00:00:00+00:00,0.06273680544355506,1.3952302324113661,0.6232366333448783
2025-12-08 00:00:00+00:00,0.05921693121520598,1.3954565920078101,0.6229871182661609
2025-12-09 00:00:00+00:00,0.060059532743381404,1.3956862097362477,0.6227375285096426
2025-12-10 00:00:00+00:00,0.06048428655679882,1.3959174894202286,0.6224878703150539
2025-12-11 00:00:00+00:00,0.06019112282646078,1.396147686245054,0.622238149923837
2025-12-12 00:00:00+00:00,0.05875882461850939,1.3963724424013215,0.6219883735789886
2025-12-13 00:00:00+00:00,0.05925710432363581,1.3965991409971954,0.6217385475249043
2025-12-14 00:00:00+00:00,0.06412517218501575,1.3968445030804555,0.6214886780072224
2025-12-15 00:00:00+00:00,0.0600405229396643,1.3970742764350592,0.6212387712726679
2025-12-16 00:00:00+00:00,0.0601947373989091,1.397304677857516,0.6209888335688961
2025-12-17 00:00:00+00:00,0.06218992354797148,1.3975427553125548,0.6207388711443365
2025-12-18 00:00:00+00:00,0.060345000586386935,1.3977738093355379,0.6204888902480369
2025-12-19 00:00:00+00:00,0.06009490238930804,1.3980039438030292,0.6202388971295064
2025-12-20 00:00:00+00:00,0.059563568361760355,1.3982320810728284,0.6199888980385602
2025-12-21 00:00:00+00:00,0.061965333714584195,1.3984694561893056,0.6197388992251625
2025-12-22 00:00:00+00:00,0.061504890521246754,1.398705107451772,0.6194889069392704
2025-12-23 00:00:00+00:00,0.06291108368762131,1.3989461870519615,0.6192389274306784
2025-12-24 00:00:00+00:00,0.06062089683210207,1.3991785305382052,0.6189889669488609
2025-12-25 00:00:00+00:00,0.06324384114078617,1.3994209673182407,0.6187390317428171
2025-12-26 00:00:00+00:00,0.06154727234119507,1.3996569414097355,0.6184891280609139
2025-12-27 00:00:00+00:00,0.06055148227927727,1.399889136759009,0.6182392621507306
2025-12-28 00:00:00+00:00,0.06206031095584093,1.4001271574579979,0.6179894402589018
2025-12-29 00:00:00+00:00,0.061921170204921154,1.4003646848882045,0.6177396686309617
2025-12-30 00:00:00+00:00,0.06183896718879512,1.400601937232865,0.6174899535111883
2025-12-31 00:00:00+00:00,0.060317387644974935,1.4008333910684385,0.6172403011424463
2026-01-01 00:00:00+00:00,0.06132071493197235,1.4010687338219754,0.616990717766032
2026-01-02 00:00:00+00:00,0.061198788505547455,1.401303648093545,0.6167412096215168
2026-01-03 00:00:00+00:00,0.06261094131157528,1.4015440232729162,0.6164917829465913
2026-01-04 00:00:00+00:00,0.06345826306173281,1.4017876932710573,0.6162424439769095
2026-01-05 00:00:00+00:00,0.0627974750522656,1.4020288678674866,0.6159931989459325
2026-01-06 00:00:00+00:00,0.06268768362992454,1.4022696622294288,0.6157440540847733
2026-01-07 00:00:00+00:00,0.06323948617481058,1.4025126178812588,0.6154950156220401
2026-01-08 00:00:00+00:00,0.06344707529794195,1.4027564132885824,0.6152460897836819
2026-01-09 00:00:00+00:00,0.061028583629301726,1.4029909564038698,0.6149972827928315
2026-01-10 00:00:00+00:00,0.059876349420994145,1.4032211097648017,0.6147486008696507
2026-01-11 00:00:00+00:00,0.061876205347092685,1.4034589892101035,0.6145000502311745
2026-01-12 00:00:00+00:00,0.06390987884895362,1.4037047286456374,0.6142516370911563
2026-01-13 00:00:00+00:00,0.0597740297842199,1.4039346055997697,0.6140033676599113
2026-01-14 00:00:00+00:00,0.06022544245946068,1.404166256511568,0.6137552481441624
2026-01-15 00:00:00+00:00,0.061761426696843945,1.4044038546247783,0.6135072847468848
2026-01-16 00:00:00+00:00,0.0608434730166582,1.4046379609481574,0.6132594836671502
2026-01-17 00:00:00+00:00,0.0631682643975674,1.4048810528443219,0.613011851099973
2026-01-18 00:00:00+00:00,0.061799496088726875,1.40511891843646,0.6127643932361543
2026-01-19 00:00:00+00:00,0.06294643569825485,1.4053612396080977,0.6125171162621278
2026-01-20 00:00:00+00:00,0.062133388527333126,1.4056004720900752,0.6122700263598051
2026-01-21 00:00:00+00:00,0.06229263644142247,1.405840358553609,0.6120231297064207
2026-01-22 00:00:00+00:00,0.05991566274912107,1.4060711307640261,0.6117764324743782
2026-01-23 00:00:00+00:00,0.06070997151234755,1.4063050007319522,0.6115299408310956
2026-01-24 00:00:00+00:00,0.058728156064397075,1.4065312738814237,0.611283660938851
2026-01-25 00:00:00+00:00,0.06051322481065239,1.4067644622189022,0.611037598954629
2026-01-26 00:00:00+00:00,0.06084067139814161,1.406998951244602,0.6107917610299664
2026-01-27 00:00:00+00:00,0.06216828175484265,1.407238597017834,0.6105461533107983
2026-01-28 00:00:00+00:00,0.05991881336802859,1.4074696108996396,0.6103007819373051
2026-01-29 00:00:00+00:00,0.06429943364166174,1.407717554732102,0.6100556530437583
2026-01-30 00:00:00+00:00,0.06345345279960449,1.4079622794976208,0.6098107727583675
2026-01-31 00:00:00+00:00,0.06008570797598795,1.40819405596438,0.6095661472031271
2026-02-01 00:00:00+00:00,0.05883944554187341,1.4084210624231972,0.6093217824936631
2026-02-02 00:00:00+00:00,0.05918133469585809,1.4086494247198766,0.6090776847390806
2026-02-03 00:00:00+00:00,0.06202858770143208,1.408888812485306,0.6088338600418108
2026-02-04 00:00:00+00:00,0.0596955494819407,1.4091192354765942,0.6085903144974584
2026-02-05 00:00:00+00:00,0.061095974031038815,1.409355102633354,0.6083470541946493
2026-02-06 00:00:00+00:00,0.06235549633509893,1.4095958725975652,0.6081040852148785
2026-02-07 00:00:00+00:00,0.06207926694551962,1.409835616922114,0.6078614136323576
2026-02-08 00:00:00+00:00,0.0625734137986006,1.4100773106959377,0.6076190455138636
2026-02-09 00:00:00+00:00,0.059516866172084966,1.4103072377715349,0.6073769869185871
2026-02-10 00:00:00+00:00,0.06241282111146747,1.4105483918902835,0.6071352438979801
2026-02-11 00:00:00+00:00,0.062437036105581926,1.4107896808241824,0.6068938224956056
2026-02-12 00:00:00+00:00,0.0627989543928075,1.4110324099113714,0.6066527287469862
2026-02-13 00:00:00+00:00,0.06258729098136916,1.411274362503216,0.6064119686794529
2026-02-14 00:00:00+00:00,0.05940901827621915,1.4115040677755304,0.6061715483119948
2026-02-15 00:00:00+00:00,0.05763032230528999,1.4117269319792594,0.6059314736551087
2026-02-16 00:00:00+00:00,0.06181026545742347,1.411965998325613,0.6056917507106486
2026-02-17 00:00:00+00:00,0.06362580652338305,1.4122121283952762,0.6054523854716755
2026-02-18 00:00:00+00:00,0.060042871416411826,1.412444438727435,0.6052133839223078
2026-02-19 00:00:00+00:00,0.05999296623052643,1.4126765941562434,0.604974752037572
2026-02-20 00:00:00+00:00,0.061392046068864795,1.412914202667336,0.6047364957832527
2026-02-21 00:00:00+00:00,0.06271824907322707,1.4131569848724923,0.6044986211157438
2026-02-22 00:00:00+00:00,0.06216041742678348,1.4133976490589835,0.6042611339818997
2026-02-23 00:00:00+00:00,0.05924880764907284,1.413627079539643,0.6040240403188863
2026-02-24 00:00:00+00:00,0.060332068709051126,1.4138607426796204,0.6037873460540328
2026-02-25 00:00:00+00:00,0.06009991928891266,1.4140935451906362,0.6035510571046836
2026-02-26 00:00:00+00:00,0.06176487217965689,1.4143328364428793,0.60331517937805
2026-02-27 00:00:00+00:00,0.06199641002942197,1.4145730653701292,0.603079718771063
2026-02-28 00:00:00+00:00,0.05949848530560735,1.414803654287235,0.6028446811702255
2026-03-01 00:00:00+00:00,0.05956401270351314,1.415034534788158,0.6026100724514653
2026-03-02 00:00:00+00:00,0.06116647904070738,1.4152716654188815,0.6023758984799878
2026-03-03 00:00:00+00:00,0.060362978603512585,1.415505720249725,0.6021421651101307
2026-03-04 00:00:00+00:00,0.059490376501405096,1.4157364297517456,0.6019088781852155
2026-03-05 00:00:00+00:00,0.05991964720745853,1.4159688418816345,0.6016760435374036
2026-03-06 00:00:00+00:00,0.06145446588246951,1.416207246289536,0.6014436669875488
2026-03-07 00:00:00+00:00,0.05997297071404874,1.4164399426065408,0.6012117543450529
2026-03-08 00:00:00+00:00,0.06027086293118025,1.416673833175393,0.6009803114077198
2026-03-09 00:00:00+00:00,0.059239584724367134,1.416903759667358,0.6007493439616108
2026-03-10 00:00:00+00:00,0.06124246792577044,1.417141498525044,0.6005188577809003
2026-03-11 00:00:00+00:00,0.05952094971883035,1.4173725933411485,0.6002888586277305
2026-03-12 00:00:00+00:00,0.06064056198170693,1.4176080735345669,0.6000593522520684
2026-03-13 00:00:00+00:00,0.06044734275626325,1.417842842414334,0.5998303443915615
2026-03-14 00:00:00+00:00,0.05955544253142125,1.4180741855867174,0.5996018407713942
2026-03-15 00:00:00+00:00,0.05883040308975779,1.418302749630414,0.5993738471041453
2026-03-16 00:00:00+00:00,0.059911558277905654,1.4185355516244968,0.5991463690896445
2026-03-17 00:00:00+00:00,0.05950981622987351,1.4187668305011893,0.5989194124148304
2026-03-18 00:00:00+00:00,0.0614333347962669,1.41900562386474,0.5986929827536078
2026-03-19 00:00:00+00:00,0.058584834024888253,1.4192333833413275,0.5984670857667068
2026-03-20 00:00:00+00:00,0.06093455415111898,1.419470315816534,0.5982417271015401
2026-03-21 00:00:00+00:00,0.061552235995359805,1.419709689986034,0.5980169123920624
2026-03-22 00:00:00+00:00,0.060669376248775726,1.4199456705376663,0.5977926472586302
2026-03-23 00:00:00+00:00,0.06074056586037038,1.4201819672596374,0.5975689373078599
2026-03-24 00:00:00+00:00,0.05918756553255693,1.4204122607206109,0.5973457881324885
2026-03-25 00:00:00+00:00,0.06018692699621011,1.4206464805809957,0.597123205311234
2026-03-26 00:00:00+00:00,0.06013926019308039,1.4208805535353466,0.5969011944086551
2026-03-27 00:00:00+00:00,0.056977977704339884,1.4211023587421954,0.596679760975013
2026-03-28 00:00:00+00:00,0.05884592298034214,1.421331471290003,0.5964589105461319
2026-03-29 00:00:00+00:00,0.057460733510609235,1.421555226766447,0.596238648643261
2026-03-30 00:00:00+00:00,0.056417912831216104,1.421774956023621,0.5960189807729365
2026-03-31 00:00:00+00:00,0.059116324873741084,1.4220052302981352,0.5957999124268437
2026-04-01 00:00:00+00:00,0.05974546664413469,1.4222379929448599,0.5955814490816798
2026-04-02 00:00:00+00:00,0.058028061522888044,1.4224641017496675,0.595363596199017
2026-04-03 00:00:00+00:00,0.05973727300829737,1.4226969075753957,0.595146359225166
2026-04-04 00:00:00+00:00,0.059754188890782725,1.4229298174377234,0.5949297435910401
2026-04-05 00:00:00+00:00,0.058978673016862736,1.4231597421293087,0.5947137547120186
2026-04-06 00:00:00+00:00,0.058028353949734095,1.4233859986149069,0.5944983979878122
2026-04-07 00:00:00+00:00,0.05971514607928378,1.4236188690336316,0.5942836788023281
2026-04-08 00:00:00+00:00,0.061285764410749635,1.4238579034736818,0.5940696025235345
2026-04-09 00:00:00+00:00,0.05550252622950351,1.4240744177493934,0.5938561745033273
2026-04-10 00:00:00+00:00,0.05960364723705465,1.4243069657746943,0.5936434000773957
2026-04-11 00:00:00+00:00,0.05671081027640229,1.4245282633147256,0.5934312845650895
2026-04-12 00:00:00+00:00,0.059645266614850014,1.424761047884769,0.5932198332692854
2026-04-13 00:00:00+00:00,0.05980115992526313,1.4249944790170423,0.5930090514762548
2026-04-14 00:00:00+00:00,0.05763576520854768,1.4252194944888672,0.5927989444555315
2026-04-15 00:00:00+00:00,0.057527931876763035,1.425444124434041,0.5925895174597801
2026-04-16 00:00:00+00:00,0.05808021967781538,1.425670946647426,0.5923807757246645
2026-04-17 00:00:00+00:00,0.058221096740700314,1.4258983552120976,0.5921727244687174
2026-04-18 00:00:00+00:00,0.0576698068758645,1.4261236463977678,0.5919653688932092
2026-04-19 00:00:00+00:00,0.05961215666047465,1.4263565623052368,0.5917587141820185
2026-04-20 00:00:00+00:00,0.05548259865027168,1.4265733786577808,0.5915527655015024
2026-04-21 00:00:00+00:00,0.057011651602126616,1.4267962041494215,0.591347528000367
2026-04-22 00:00:00+00:00,0.05867264321334414,1.4270255573127757,0.5911430068095395
2026-04-23 00:00:00+00:00,0.05719585891669418,1.4272491736208486,0.5909392070420386
2026-04-24 00:00:00+00:00,0.05718480893342446,1.42747278176138,0.5907361337928482
2026-04-25 00:00:00+00:00,0.057035468776384095,1.4276958408826768,0.5905337921387888
2026-04-26 00:00:00+00:00,0.05884617194367895,1.4279260174167474,0.5903321871383912
2026-04-27 00:00:00+00:00,0.05839141131972195,1.4281544519795342,0.5901313238317699
2026-04-28 00:00:00+00:00,0.05529197512631782,1.4283707957615488,0.5899312072404972
2026-04-29 00:00:00+00:00,0.05550478691594874,1.4285880051222493,0.5897318423674774
2026-04-30 00:00:00+00:00,0.056521115193894245,1.4288092253611593,0.5895332341968219
2026-05-01 00:00:00+00:00,0.05686766089089914,1.4290318364255583,0.5893353876937247
2026-05-02 00:00:00+00:00,0.05836622203391314,1.4292603492733893,0.5891383078043382
2026-05-03 00:00:00+00:00,0.0567624548112084,1.4294826186596608,0.588941999455649
2026-05-04 00:00:00+00:00,0.05885269812227875,1.4297131088213788,0.5887464675553559
2026-05-05 00:00:00+00:00,0.05960037309177232,1.4299465648068583,0.588551716991746
2026-05-06 00:00:00+00:00,0.05543337386874791,1.4301637340192948,0.5883577526335736
2026-05-07 00:00:00+00:00,0.05692555190095153,1.4303867829504393,0.5881645793299372
2026-05-08 00:00:00+00:00,0.05815036362377124,1.4306146665437303,0.5879722019101594
2026-05-09 00:00:00+00:00,0.05688995647714507,1.4308376462865118,0.5877806251836658
2026-05-10 00:00:00+00:00,0.05699125075724677,1.4310610578675869,0.5875898539398645
2026-05-11 00:00:00+00:00,0.055724640707178336,1.4312795383149286,0.5873998929480267
2026-05-12 00:00:00+00:00,0.05551822665891633,1.4314972427034778,0.5872107469571674
2026-05-13 00:00:00+00:00,0.056589270991297014,1.431719180745644,0.5870224206959263
2026-05-14 00:00:00+00:00,0.05771237972701588,1.4319455586114567,0.5868349188724501
2026-05-15 00:00:00+00:00,0.05457942998853006,1.4321596812754667,0.5866482461742749
2026-05-16 00:00:00+00:00,0.0558789250358627,1.4323789348192184,0.5864624072682082
2026-05-17 00:00:00+00:00,0.05873213522012904,1.432609418855619,0.586277406800213
2026-05-18 00:00:00+00:00,0.055676438433537825,1.4328279464997513,0.5860932493952915
2026-05-19 00:00:00+00:00,0.05615857975581641,1.4330484001504633,0.585909939657369
2026-05-20 00:00:00+00:00,0.05704710260532703,1.4332723762028516,0.5857274821691798
2026-05-21 00:00:00+00:00,0.05664660700861592,1.4334948146056765,0.5855458814921511
2026-05-22 00:00:00+00:00,0.055492204858266926,1.4337127537506502,0.5853651421662908
2026-05-23 00:00:00+00:00,0.05534068348651532,1.4339301308567212,0.5851852687100723
2026-05-24 00:00:00+00:00,0.05789715322963221,1.4341575842060548,0.5850062656203229
2026-05-25 00:00:00+00:00,0.05413436691148918,1.4343702888988556,0.5848281373721103
2026-05-26 00:00:00+00:00,0.05346280237048134,1.4345803860366133,0.5846508884186316
2026-05-27 00:00:00+00:00,0.057106759695826605,1.4348048360020098,0.5844745231911013
2026-05-28 00:00:00+00:00,0.057275314280803506,1.4350299836675267,0.5842990460986409
2026-05-29 00:00:00+00:00,0.053880618396103024,1.4352418201139294,0.5841244615281687
2026-05-30 00:00:00+00:00,0.056596703708241575,1.4354643679387038,0.5839507738442897
2026-05-31 00:00:00+00:00,0.055772510853849294,1.4356837089032,0.5837779873891871
2026-06-01 00:00:00+00:00,0.0550112592009766,1.4359000890912579,0.5836061064825132
2026-06-02 00:00:00+00:00,0.0552949730814814,1.4361176180139263,0.5834351354212817
2026-06-03 00:00:00+00:00,0.05785528472307608,1.436345253613066,0.5832650784797602
2026-06-04 00:00:00+00:00,0.056155105454695424,1.436566234761521,0.5830959399093635
2026-06-05 00:00:00+00:00,0.05587549303241698,1.4367861494098524,0.582927723938547
2026-06-06 00:00:00+00:00,0.05572755525902963,1.4370055153811856,0.5827604347727011
2026-06-07 00:00:00+00:00,0.05400493423937233,1.4372181328835412,0.5825940765940464
2026-06-08 00:00:00+00:00,0.05437594334651128,1.4374322427240076,0.5824286535615286
2026-06-09 00:00:00+00:00,0.054588949808078394,1.4376472233172968,0.5822641698107149
2026-06-10 00:00:00+00:00,0.05344052891829528,1.4378577127091103,0.5821006294536906
2026-06-11 00:00:00+00:00,0.05550862650187652,1.4380763798508573,0.5819380365789559
2026-06-12 00:00:00+00:00,0.05639687761366585,1.4382985798990588,0.5817763952513245
2026-06-13 00:00:00+00:00,0.054485138546195654,1.4385132809878167,0.5816157095118208
2026-06-14 00:00:00+00:00,0.053356932265401134,1.4387235677157526,0.5814559833775803
2026-06-15 00:00:00+00:00,0.05335924852048842,1.4389338943141143,0.5812972208417478
2026-06-16 00:00:00+00:00,0.056897176644435075,1.4391581991797704,0.5811394258733785
2026-06-17 00:00:00+00:00,0.05358398944755698,1.4393694754476012,0.5809826024173385
2026-06-18 00:00:00+00:00,0.05259209728629914,1.4395768712270087,0.5808267543942057
2026-06-19 00:00:00+00:00,0.05215561764571458,1.4397825753937685,0.5806718857001729
2026-06-20 00:00:00+00:00,0.05364033599014521,1.4399941655885546,0.5805180002069492
2026-06-21 00:00:00+00:00,0.05613700879135919,1.4402156367259058,0.580365101761664
2026-06-22 00:00:00+00:00,0.05615542769922119,1.440437214602781,0.5802131941867704
2026-06-23 00:00:00+00:00,0.05513316427960728,1.4406547923057595,0.58006228127995
2026-06-24 00:00:00+00:00,0.053104922261527875,1.4408643974037076,0.5799123668140174
2026-06-25 00:00:00+00:00,0.0554217811509435,1.441083178968916,0.5797634545368267
2026-06-26 00:00:00+00:00,0.053863948866146594,1.4412958431625156,0.5796155481711768
2026-06-27 00:00:00+00:00,0.055043039466893075,1.4415131946802653,0.5794686514147193
2026-06-28 00:00:00+00:00,0.05737016853496871,1.441739769625263,0.5793227679398654
2026-06-29 00:00:00+00:00,0.053738806700192016,1.4419520364055147,0.5791779013936944
2026-06-30 00:00:00+00:00,0.05200956363921942,1.442157502970452,0.5790340553978625
2026-07-01 00:00:00+00:00,0.05689430922245116,1.442382299011333,0.5788912335485119
2026-07-02 00:00:00+00:00,0.053770114562332647,1.442594784111225,0.5787494394161815
2026-07-03 00:00:00+00:00,0.05371901480895724,1.4428070985511454,0.5786086765457173
2026-07-04 00:00:00+00:00,0.051512242272626955,1.4430107210958392,0.5784689484561837
2026-07-05 00:00:00+00:00,0.05507555280447276,1.4432284597620506,0.5783302586407755
2026-07-06 00:00:00+00:00,0.05551941740591197,1.443447986346351,0.5781926105667311
2026-07-07 00:00:00+00:00,0.05430622114136722,1.4436627485533442,0.578056007675245
2026-07-08 00:00:00+00:00,0.05555073940127506,1.4438824650824627,0.5779204533813824
2026-07-09 00:00:00+00:00,0.05330177312468369,1.44409331849499,0.5777859510739938
2026-07-10 00:00:00+00:00,0.05590911459042573,1.4443145184369708,0.5776525041156295
2026-07-11 00:00:00+00:00,0.05503654221901884,1.4445322994697694,0.5775201158424568
2026-07-12 00:00:00+00:00,0.056511032350376814,1.4447559488163624,0.5773887895641755
2026-07-13 00:00:00+00:00,0.05134623533260422,1.4449591893066256,0.5772585285639359
2026-07-14 00:00:00+00:00,0.051967592607451166,1.445164918212062,0.5771293360982559
2026-07-15 00:00:00+00:00,0.055170616926748156,1.4453833583219216,0.5770012153969407
2026-07-16 00:00:00+00:00,0.05439593145785755,1.4455987637303862,0.5768741696630011
2026-07-17 00:00:00+00:00,0.05245045553464256,1.4458064960966273,0.5767482020725737
2026-07-18 00:00:00+00:00,0.0539663506580156,1.4460202629469068,0.5766233157748418
2026-07-19 00:00:00+00:00,0.05521757500607623,1.4462390183779466,0.5764995138919563
2026-07-20 00:00:00+00:00,0.05553367768690083,1.446459059395768,0.5763767995189579
2026-07-21 00:00:00+00:00,0.054224958894231956,1.4466739475684747,0.5762551757236996
2026-07-22 00:00:00+00:00,0.053970033197679505,1.44688785726978,0.5761346455467697
2026-07-23 00:00:00+00:00,0.05453729631956794,1.4471040472747474,0.5760152120014165
2026-07-24 00:00:00+00:00,0.05376322050661496,1.4473172006281436,0.5758968780734723
2026-07-25 00:00:00+00:00,0.056704799855068155,1.447542049483454,0.5757796467212795
2026-07-26 00:00:00+00:00,0.05320045130974215,1.447753035484337,0.5756635208756152
2026-07-27 00:00:00+00:00,0.053870897108361224,1.4479667115249204,0.57554850343962
2026-07-28 00:00:00+00:00,0.05356628776346381,1.4481792107072258,0.5754345972887236
2026-07-29 00:00:00+00:00,0.05618742376325652,1.4484021407318755,0.5753218052705739
2026-07-30 00:00:00+00:00,0.05306760928902459,1.4486127249480338,0.5752101302049654
2026-07-31 00:00:00+00:00,0.055202528482194355,1.4488318128527151,0.5750995748837691
2026-08-01 00:00:00+00:00,0.0538008277626343,1.4490453699782502,0.574990142070862
2026-08-02 00:00:00+00:00,0.053215961971438096,1.4492566366722328,0.5748818345020588
2026-08-03 00:00:00+00:00,0.05077598098371733,1.449458246062436,0.5747746548850433
2026-08-04 00:00:00+00:00,0.05382916947688273,1.4496720080722358,0.5746686058993001
2026-08-05 00:00:00+00:00,0.05645193762584347,1.4498962184661472,0.5745636901960485
2026-08-06 00:00:00+00:00,0.05290534584156815,1.4501063753452494,0.5744599103981755
2026-08-07 00:00:00+00:00,0.04957537724090387,1.4503033330729127,0.5743572691001706
2026-08-08 00:00:00+00:00,0.05442108202675723,1.4505195716390848,0.574255768868061
2026-08-09 00:00:00+00:00,0.052194659746443814,1.450726994585653,0.5741554122393472
2026-08-10 00:00:00+00:00,0.051337735348851145,1.4509310412665062,0.5740562017229397
2026-08-11 00:00:00+00:00,0.05323514055849666,1.4511426591238281,0.5739581397990962
2026-08-12 00:00:00+00:00,0.052027277467347574,1.4513495057040224,0.5738612289193596
2026-08-13 00:00:00+00:00,0.05562695903366781,1.4515706951820972,0.5737654715064971
2026-08-14 00:00:00+00:00,0.05438864083257749,1.4517869936949284,0.5736708699544388
2026-08-15 00:00:00+00:00,0.05502101893457974,1.452005839721419,0.5735774266282188
2026-08-16 00:00:00+00:00,0.05316569609829698,1.4522173380808918,0.5734851438639152
2026-08-17 00:00:00+00:00,0.05398293846343312,1.4524321187910212,0.5733940239685923
2026-08-18 00:00:00+00:00,0.05332143614716584,1.4526442989731587,0.5733040692202428
2026-08-19 00:00:00+00:00,0.05457637417444931,1.4528615046137152,0.5732152818677307
2026-08-20 00:00:00+00:00,0.050841614943750196,1.4530638767375075,0.5731276641307353
2026-08-21 00:00:00+00:00,0.054161949694174254,1.45327949529256,0.5730412181996953
2026-08-22 00:00:00+00:00,0.055790324679702824,1.4535016293607594,0.5729559462357546
2026-08-23 00:00:00+00:00,0.05682933548045683,1.4537279349271055,0.5728718503707078
2026-08-24 00:00:00+00:00,0.05555755293278313,1.4539492104522962,0.5727889327069471
2026-08-25 00:00:00+00:00,0.05456277958922466,1.4541665570558684,0.5727071953174098
2026-08-26 00:00:00+00:00,0.05182595485859054,1.4543730325910542,0.5726266402455263
2026-08-27 00:00:00+00:00,0.05464885877071636,1.4545907855402542,0.5725472695051694
2026-08-28 00:00:00+00:00,0.051514491808953226,1.454796080074794,0.5724690850806035
2026-08-29 00:00:00+00:00,0.05315277150043138,1.4550079333449968,0.5723920889264349
2026-08-30 00:00:00+00:00,0.054224776351083345,1.4552240908238316,0.5723162829675635
2026-08-31 00:00:00+00:00,0.05416915132818265,1.4554400586429883,0.5722416690991345
