open_time,open,high,low,close,volume,close_time,quote_asset_volume,number_of_trades,taker_buy_base_volume,taker_buy_quote_volume,ignore,timestamp,log_return,simple_return,rolling_vol_30d
1603324800000,3.9574,4.4904,3.9511,4.3385,741499.28,1603411199999,3221997.415673,14349,359151.91000000,1559131.46961100,0,2020-10-22 00:00:00+00:00,0.09166350062205583,0.09599595806492345,2.037261054176892
1603411200000,4.3406,4.4872,4.1354,4.2568,324892.94,1603497599999,1398999.508028,7122,164162.21000000,707551.23863300,0,2020-10-23 00:00:00+00:00,-0.01901096195138474,-0.018831393338711422,1.4339859818495795
1603497600000,4.2539,4.362,4.14,4.1821,218601.98,1603583999999,933338.630134,4589,96393.06000000,412546.94346700,0,2020-10-24 00:00:00+00:00,-0.017704191575642087,-0.017548393159180553,1.066482990035805
1603584000000,4.1803,4.2526,4.1,4.1479,209663.9,1603670399999,877035.365953,4185,100772.01000000,421594.68291500,0,2020-10-25 00:00:00+00:00,-0.008211330651559398,-0.008177709763037777,1.0643889373390922
1603670400000,4.1409,4.4897,4.0141,4.148,661155.33,1603756799999,2796040.229951,11278,328373.02000000,1392392.97553100,0,2020-10-26 00:00:00+00:00,2.4108294459917824e-05,2.4108585067184052e-05,1.0557406654045247
1603756800000,4.1454,4.35,4.0343,4.1217,292754.21,1603843199999,1224513.041938,6096,123717.88000000,517535.18463400,0,2020-10-27 00:00:00+00:00,-0.006360590751405674,-0.006340405014464756,1.0498807131275785
1603843200000,4.1214,4.1792,3.9308,4.0596,359147.72,1603929599999,1446616.723493,6470,166854.28000000,672307.16741600,0,2020-10-28 00:00:00+00:00,-0.015181253023349179,-0.015066598733532333,0.9912024002335301
1603929600000,4.0607,4.1051,3.7296,3.7758,422589.86,1604015999999,1634343.735545,9672,202856.69000000,783999.01811800,0,2020-10-29 00:00:00+00:00,-0.0724721658137202,-0.06990836535619271,1.0211249630538837
1604016000000,3.7744,3.8226,3.5781,3.7224,850092.33,1604102399999,3139921.291919,14192,458298.05000000,1694334.61913700,0,2020-10-30 00:00:00+00:00,-0.01424365923050409,-0.014142698236135343,1.0069271038234096
1604102400000,3.7116,3.7612,3.5876,3.6456,346114.94,1604188799999,1268757.589933,5536,142312.91000000,521611.37306200,0,2020-10-31 00:00:00+00:00,-0.020847660580765946,-0.02063185041908444,0.9996899970923868
1604188800000,3.6355,3.7142,3.5521,3.6814,295468.18,1604275199999,1075668.74943,4647,137627.99000000,501410.06539700,0,2020-11-01 00:00:00+00:00,0.009772153648948952,0.009820057055080156,0.9808128422585445
1604275200000,3.6851,3.8775,3.6145,3.617,322604.28,1604361599999,1196807.923252,4773,146569.86000000,545043.18651600,0,2020-11-02 00:00:00+00:00,-0.01764816164652371,-0.01749334492312704,0.9767101865154382
1604361600000,3.6174,3.6513,3.2368,3.323,664899.75,1604447999999,2257175.605092,11493,247246.54000000,837769.84119600,0,2020-11-03 00:00:00+00:00,-0.08477696359750371,-0.08128283107547696,1.0167480507733062
1604448000000,3.3299,3.3759,3.0,3.1718,466205.93,1604534399999,1474605.416323,7338,215871.40000000,681767.36930800,0,2020-11-04 00:00:00+00:00,-0.046568739290093676,-0.04550105326512177,1.025772018899493
1604534400000,3.1736,3.3841,3.0211,3.3348,644688.78,1604620799999,2097043.285141,10486,316861.32000000,1031916.58207300,0,2020-11-05 00:00:00+00:00,0.05011345747195772,0.05139037770351207,0.9655300968284434
1604620800000,3.335,3.6666,3.3194,3.5913,910038.31,1604707199999,3199980.724892,14871,464885.26000000,1634658.09011700,0,2020-11-06 00:00:00+00:00,0.07410154638897554,0.07691615689096798,0.9958558461801813
1604707200000,3.594,3.9193,3.37,3.4126,832528.78,1604793599999,3034525.372528,15264,397352.15000000,1450663.64243800,0,2020-11-07 00:00:00+00:00,-0.051039789832269325,-0.049759140144237435,0.8994107430027123
1604793600000,3.4093,3.67,3.3613,3.4754,543130.62,1604879999999,1902820.877792,9342,238477.71000000,838857.12761600,0,2020-11-08 00:00:00+00:00,0.018235116194989506,0.01840239113872122,0.8482426026054483
1604880000000,3.4674,3.5399,3.2619,3.4125,534923.49,1604966399999,1828111.811395,9459,279152.21000000,956963.68720500,0,2020-11-09 00:00:00+00:00,-0.018264419794938886,-0.018098636128215495,0.831666230917797
1604966400000,3.421,3.63,3.369,3.5713,482731.01,1605052799999,1695101.155963,10551,227742.50000000,800527.43000500,0,2020-11-10 00:00:00+00:00,0.045484514653793814,0.04653479853479858,0.8468281695054807
1605052800000,3.5775,3.82,3.46,3.4842,389355.68,1605139199999,1409573.371887,9822,180495.30000000,656049.08793500,0,2020-11-11 00:00:00+00:00,-0.024691212540949754,-0.024388877999607983,0.8004446035461755
1605139200000,3.4918,3.5691,3.32,3.4243,314355.65,1605225599999,1075162.171426,8465,116810.59000000,401182.93148200,0,2020-11-12 00:00:00+00:00,-0.017341391360126114,-0.017191894839561406,0.7964230685699719
1605225600000,3.4268,3.7018,3.3911,3.6745,585394.03,1605311999999,2067256.881649,12430,324847.37000000,1148406.68788400,0,2020-11-13 00:00:00+00:00,0.0705199977229928,0.07306602809333285,0.8069722872352749
1605312000000,3.6779,3.7042,3.396,3.4894,443020.54,1605398399999,1558296.058204,10363,217644.14000000,766226.04931600,0,2020-11-14 00:00:00+00:00,-0.05168726732312461,-0.05037420057150643,0.8238226959733859
1605398400000,3.484,3.6415,3.4101,3.5453,438362.91,1605484799999,1550016.688202,10309,219843.42000000,777961.68347000,0,2020-11-15 00:00:00+00:00,0.01589298097396127,0.01601994612254254,0.8253217143706643
1605484800000,3.5348,3.82,3.455,3.7,658000.76,1605571199999,2430446.327836,15685,331737.48000000,1225908.26627300,0,2020-11-16 00:00:00+00:00,0.04271003701255304,0.04363523538205505,0.8293205576712023
1605571200000,3.7062,3.9333,3.6881,3.8355,490826.18,1605657599999,1866137.895597,13282,241464.62000000,918823.99994700,0,2020-11-17 00:00:00+00:00,0.035966984767035096,0.036621621621621525,0.8392913142047946
1605657600000,3.8476,3.8739,3.55,3.7445,531913.49,1605743999999,1983620.132666,14573,247337.18000000,923839.86374900,0,2020-11-18 00:00:00+00:00,-0.024011707709929265,-0.023725720245078907,0.841179489718285
1605744000000,3.7498,3.8272,3.5563,3.6399,386309.17,1605830399999,1423279.115023,11531,183203.35000000,675234.20660800,0,2020-11-19 00:00:00+00:00,-0.028331887963484795,-0.027934303645346548,0.8185522769021434
1605830400000,3.6432,4.0111,3.6224,3.715,657029.12,1605916799999,2485341.377474,17727,320393.99000000,1213740.63470900,0,2020-11-20 00:00:00+00:00,0.0204224694259226,0.020632434957004397,0.8089826894400031
1605916800000,3.7124,4.0983,3.67,4.0281,557225.0,1606003199999,2180220.32288,15953,278733.49000000,1091013.22314800,0,2020-11-21 00:00:00+00:00,0.08091612259491258,0.0842799461641992,0.7940323616057512
1606003200000,4.0291,4.0602,3.71,3.8892,562448.53,1606089599999,2174569.093522,15568,279512.87000000,1081102.59083300,0,2020-11-22 00:00:00+00:00,-0.03509131981127006,-0.03448275862068961,0.800204405382282
1606089600000,3.9066,4.2575,3.8519,4.0747,611842.99,1606175999999,2502647.908188,17388,322974.93000000,1322860.90309300,0,2020-11-23 00:00:00+00:00,0.046593643397501015,0.04769618430525546,0.8166054230903167
1606176000000,4.0748,4.3334,3.865,4.26,855854.35,1606262399999,3523674.519833,23606,452826.20000000,1867320.63525400,0,2020-11-24 00:00:00+00:00,0.04447203593041287,0.04547574054531611,0.8311882588610026
1606262400000,4.26,4.3989,3.9001,4.0453,763623.28,1606348799999,3224315.913486,21340,386869.64000000,1636793.44132700,0,2020-11-25 00:00:00+00:00,-0.05171344688437039,-0.050399061032863735,0.8512153749810276
1606348800000,4.0363,4.089,3.28,3.5447,1011308.69,1606435199999,3583580.90367,22311,466116.65000000,1651748.01146600,0,2020-11-26 00:00:00+00:00,-0.1321021832279521,-0.1237485476973278,0.9666548947602938
1606435200000,3.5399,3.7581,3.4178,3.5942,382067.49,1606521599999,1370077.828289,10723,200025.62000000,719798.56263900,0,2020-11-27 00:00:00+00:00,0.013867904946828222,0.013964510395802154,0.9681236769238823
1606521600000,3.5903,3.6998,3.4752,3.6271,256600.45,1606607999999,921787.753979,7168,140621.01000000,504410.60548500,0,2020-11-28 00:00:00+00:00,0.009111995800220781,0.009153636414223065,0.9368809554641726
1606608000000,3.6299,3.7662,3.531,3.7013,222772.03,1606694399999,812005.098106,6625,106312.64000000,387553.39197100,0,2020-11-29 00:00:00+00:00,0.020250678376092613,0.020457114499186524,0.938625384799028
1606694400000,3.7124,3.82,3.6418,3.7024,266744.6,1606780799999,993718.709584,7540,126559.69000000,472230.06070700,0,2020-11-30 00:00:00+00:00,0.00029714872512221147,0.00029719287817786544,0.9356611153655879
1606780800000,3.7044,3.8128,3.4501,3.5543,453003.61,1606867199999,1646953.635854,12892,210779.46000000,766110.43692400,0,2020-12-01 00:00:00+00:00,-0.040823119917027785,-0.04000108038029382,0.9459478995782215
1606867200000,3.55,3.8458,3.5059,3.74,255368.39,1606953599999,957259.825327,8016,131646.71000000,494356.72619000,0,2020-12-02 00:00:00+00:00,0.05092747332624801,0.05224657457164561,0.9610357880101544
1606953600000,3.7384,3.8966,3.7103,3.8123,217818.87,1607039999999,826292.006775,6870,115322.64000000,437781.02706100,0,2020-12-03 00:00:00+00:00,0.01914707011467364,0.019331550802138997,0.9112069480415299
1607040000000,3.8076,3.86,3.5091,3.5348,306354.06,1607126399999,1127218.753559,9455,139323.43000000,513416.38261700,0,2020-12-04 00:00:00+00:00,-0.07557596087940184,-0.07279070377462415,0.9369537789404969
1607126400000,3.5337,3.7182,3.5059,3.6382,176697.58,1607212799999,643773.565038,6446,82230.78000000,299659.91533500,0,2020-12-05 00:00:00+00:00,0.028832333184266434,0.029252008600203716,0.926542902999568
1607212800000,3.6384,3.6733,3.5077,3.6055,198916.73,1607299199999,712690.464158,6687,91116.93000000,326877.06336500,0,2020-12-06 00:00:00+00:00,-0.009028596471301492,-0.008987961079654716,0.8908259706550353
1607299200000,3.6036,3.6096,3.3,3.3895,319608.12,1607385599999,1099574.281482,11476,132801.75000000,457116.87037000,0,2020-12-07 00:00:00+00:00,-0.061778039485793974,-0.059908473165996456,0.8993363392197121
1607385600000,3.3896,3.3948,3.085,3.1172,947986.45,1607471999999,3046976.727632,27211,398761.63000000,1282461.30829500,0,2020-12-08 00:00:00+00:00,-0.0837472549016144,-0.08033633279244723,0.9423113891428693
1607472000000,3.1185,3.4411,2.8001,3.2652,1491988.4,1607558399999,4695416.740569,40039,744021.16000000,2342287.11685600,0,2020-12-09 00:00:00+00:00,0.04638585360779517,0.047478506351854355,0.9565460472338438
1607558400000,3.2644,3.3583,3.0643,3.1499,1121704.58,1607644799999,3565572.16802,30763,556006.11000000,1769505.52796400,0,2020-12-10 00:00:00+00:00,-0.035950310293184115,-0.03531177263261054,0.9483727905119647
1607644800000,3.1482,3.307,3.0131,3.2375,740274.35,1607731199999,2337159.33137,18198,375021.14000000,1187000.94377000,0,2020-12-11 00:00:00+00:00,0.027430720723776295,0.027810406679577016,0.9516089584859491
1607731200000,3.232,3.45,3.2318,3.3332,695480.54,1607817599999,2344805.084184,18346,342484.67000000,1155954.88408700,0,2020-12-12 00:00:00+00:00,0.029131376500258547,0.029559845559845588,0.9562496029609376
1607817600000,3.3409,3.4173,3.2806,3.3405,598125.27,1607903999999,2004392.173293,15841,223142.39000000,748612.50615500,0,2020-12-13 00:00:00+00:00,0.0021876928574802983,0.0021900876035041428,0.9210735364818098
1607904000000,3.3401,3.3424,3.1357,3.1433,1041542.84,1607990399999,3373687.913547,23943,512720.23000000,1660539.96212500,0,2020-12-14 00:00:00+00:00,-0.060847292916236737,-0.0590330788804071,0.9276760831333047
1607990400000,3.1439,3.5441,3.06,3.3014,899508.23,1608076799999,2892716.328494,16415,508637.16000000,1641720.00547100,0,2020-12-15 00:00:00+00:00,0.04907341746414538,0.05029745808545161,0.9434830178532448
1608076800000,3.3012,3.3844,3.1451,3.3409,660892.42,1608163199999,2159766.50723,13102,309865.96000000,1012100.63792100,0,2020-12-16 00:00:00+00:00,0.011893610837034068,0.01196462106984919,0.9309887709721838
1608163200000,3.3444,3.3823,3.1761,3.2079,634136.04,1608249599999,2081508.250754,16032,316164.35000000,1037263.49713900,0,2020-12-17 00:00:00+00:00,-0.040623714319754006,-0.0398096321350534,0.9285510100206644
1608249600000,3.2068,3.4737,3.1424,3.4081,642895.11,1608335999999,2155784.994686,14710,289015.50000000,971626.17224600,0,2020-12-18 00:00:00+00:00,0.060538433811001144,0.0624084291904361,0.9543347724213067
1608336000000,3.4081,3.6076,3.3783,3.4651,506114.81,1608422399999,1766889.229229,11814,268843.28000000,938339.91836600,0,2020-12-19 00:00:00+00:00,0.016586540994699327,0.01672486135970197,0.9522688685483672
1608422400000,3.458,3.498,3.2755,3.304,415890.15,1608508799999,1410347.259046,10563,178547.58000000,606161.66180600,0,2020-12-20 00:00:00+00:00,-0.04760763659555243,-0.046492164728290764,0.9619470202488608
1608508800000,3.3041,3.3564,2.925,3.0892,827256.68,1608595199999,2612957.516764,15173,455241.24000000,1445061.63580300,0,2020-12-21 00:00:00+00:00,-0.06722169794575981,-0.0650121065375302,0.9359640464919361
1608595200000,3.0922,3.1331,2.9198,3.0761,488812.87,1608681599999,1491311.874349,12708,240418.22000000,734113.10178400,0,2020-12-22 00:00:00+00:00,-0.004249596845078903,-0.0042405800854590225,0.9312497033431179
1608681600000,3.0705,3.6937,2.7501,2.9465,2874448.39,1608767999999,9261933.812551,45448,1438690.93000000,4672678.04470900,0,2020-12-23 00:00:00+00:00,-0.04304453557206188,-0.0421312701147557,0.9177201128562495
1608768000000,2.9525,3.1153,2.7679,3.1006,910977.44,1608854399999,2685159.915499,17310,508763.97000000,1500885.29283500,0,2020-12-24 00:00:00+00:00,0.05097761585429371,0.05229933819786181,0.9229179378197349
1608854400000,3.1171,3.1301,2.84,2.9517,870245.85,1608940799999,2616820.76836,13945,459837.99000000,1385185.77965000,0,2020-12-25 00:00:00+00:00,-0.0492143655924323,-0.04802296329742628,0.9215565420421864
1608940800000,2.9497,2.9975,2.85,2.9178,475916.53,1609027199999,1389240.084468,9761,243720.06000000,711413.34834600,0,2020-12-26 00:00:00+00:00,-0.011551367902034365,-0.011484907002744182,0.8106094392880963
1609027200000,2.9223,3.0759,2.8401,2.9026,566733.02,1609113599999,1671043.032388,11940,295642.23000000,872446.13799900,0,2020-12-27 00:00:00+00:00,-0.005223020601532718,-0.005209404345740021,0.8073040949226962
1609113600000,2.9168,3.0496,2.8685,2.9577,932674.77,1609199999999,2756574.760554,16135,469657.22000000,1387466.24294900,0,2020-12-28 00:00:00+00:00,0.01880505221284288,0.01898298077585614,0.810459453099523
1609200000000,2.9609,3.01,2.8322,2.9248,831346.83,1609286399999,2414759.350668,14790,389996.12000000,1133287.34815300,0,2020-12-29 00:00:00+00:00,-0.01118583698927457,-0.01112350813131835,0.8046500031310465
1609286400000,2.925,2.94,2.8327,2.9162,443153.2,1609372799999,1281341.750208,8325,228012.77000000,660065.25422300,0,2020-12-30 00:00:00+00:00,-0.002944703377645875,-0.0029403719912471926,0.8043163299227887
1609372800000,2.9166,3.2997,2.78,3.1859,861034.14,1609459199999,2566199.289135,11933,450938.90000000,1351080.02584800,0,2020-12-31 00:00:00+00:00,0.08845342477569387,0.09248336876757435,0.862151464312454
1609459200000,3.1859,3.86,3.0178,3.6497,3817118.74,1609545599999,13320352.515239,70279,2050029.52000000,7147803.24453300,0,2021-01-01 00:00:00+00:00,0.13591014875990706,0.14557895728051728,0.9736124425641173
1609545600000,3.6544,3.939,3.2851,3.4956,1768205.15,1609631999999,6320501.643065,33883,888531.89000000,3168661.82938200,0,2021-01-02 00:00:00+00:00,-0.04313993766439656,-0.04222264843685786,0.9817461635474323
1609632000000,3.5005,3.83,3.3916,3.4691,989465.26,1609718399999,3561844.037362,23131,500701.58000000,1804771.08428400,0,2021-01-03 00:00:00+00:00,-0.007609840447897149,-0.00758095891978483,0.9464002338481228
1609718400000,3.477,3.83,3.2283,3.5999,1242545.27,1609804799999,4375481.173986,27560,662167.67000000,2338914.41671300,0,2021-01-04 00:00:00+00:00,0.037010872975121865,0.03770430370989586,0.950027251630388
1609804800000,3.5999,4.3556,3.4703,4.2501,2403396.82,1609891199999,9663679.904451,51826,1219410.53000000,4894284.23329500,0,2021-01-05 00:00:00+00:00,0.16603644477280102,0.1806161282257841,1.1122950290800224
1609891200000,4.2502,4.9773,4.1361,4.5788,2925158.25,1609977599999,13394273.806017,59158,1558815.17000000,7133637.15827300,0,2021-01-06 00:00:00+00:00,0.0744944429909063,0.07733935672101833,1.110140716136039
1609977600000,4.5803,4.8205,4.1827,4.4707,1471492.75,1610063999999,6716608.549059,37538,722760.31000000,3310245.50662400,0,2021-01-07 00:00:00+00:00,-0.023891959144564042,-0.023608805800646504,1.065229692958066
1610064000000,4.4728,5.9,4.0,5.7,3037659.66,1610150399999,15644301.381812,62970,1596143.14000000,8232276.77326400,0,2021-01-08 00:00:00+00:00,0.2429211789228844,0.27496812579685526,1.3321715661237938
1610150400000,5.6999,7.487,5.5761,7.1877,4060100.24,1610236799999,26852840.184141,99912,2283782.49000000,15088168.75648200,0,2021-01-09 00:00:00+00:00,0.2319050569827826,0.2610000000000001,1.5099602170004072
1610236800000,7.2115,7.4969,6.15,6.5416,1865913.15,1610323199999,12731233.063482,56837,944368.42000000,6447537.98595600,0,2021-01-10 00:00:00+00:00,-0.0941894479576566,-0.08988967263519632,1.5684880734646152
1610323200000,6.541,7.0,5.72,6.4713,2065598.3,1610409599999,12871574.114444,48106,1034230.47000000,6473904.74563000,0,2021-01-11 00:00:00+00:00,-0.010804768178986636,-0.01074660633484159,1.5728458172881719
1610409600000,6.4623,8.2356,6.4198,7.72,3138438.02,1610495999999,23895551.546819,73633,1678610.39000000,12759412.64631300,0,2021-01-12 00:00:00+00:00,0.17643734835004102,0.19295968352572124,1.6600764361310236
1610496000000,7.7254,8.5,7.1356,8.4695,1712008.71,1610582399999,13278110.425443,50326,903958.69000000,7039475.87338500,0,2021-01-13 00:00:00+00:00,0.09265711100761476,0.09708549222797935,1.6430242162850333
1610582400000,8.4693,9.6004,8.21,9.3177,2550051.08,1610668799999,23016359.067242,77752,1297926.72000000,11723869.67993800,0,2021-01-14 00:00:00+00:00,0.0954443420818502,0.10014758840545479,1.6566247216060621
1610668800000,9.3192,9.89,8.57,9.3794,1991192.96,1610755199999,18532898.363093,59886,963079.79000000,8961755.31397700,0,2021-01-15 00:00:00+00:00,0.006599977961217707,0.006621805810446801,1.6576399494255027
1610755200000,9.3795,13.4991,9.1629,12.8421,3898717.61,1610841599999,46191726.755625,125110,2120071.03000000,25047952.17585400,0,2021-01-16 00:00:00+00:00,0.31421304120324445,0.36918139753075896,1.8998587699585863
1610841600000,12.8222,14.69,12.3231,13.1746,3568856.68,1610927999999,47561869.480933,131618,1834429.18000000,24485846.74834900,0,2021-01-17 00:00:00+00:00,0.025561897144614536,0.02589140405385404,1.900462047704543
1610928000000,13.1748,13.858,12.5737,12.7035,1317372.42,1611014399999,17372363.7981,57946,643543.70000000,8502271.42169300,0,2021-01-18 00:00:00+00:00,-0.036413187387600104,-0.035758201387518396,1.9193577234908297
1611014400000,12.6825,14.0,11.3433,11.7367,1846921.9,1611100799999,22865911.298781,74209,892663.76000000,11104031.58771800,0,2021-01-19 00:00:00+00:00,-0.07915686145056425,-0.07610501043019635,1.9411965223707108
1611100800000,11.7346,13.0765,11.03,12.3768,1515429.53,1611187199999,18387717.907916,57307,735998.24000000,8949654.66204600,0,2021-01-20 00:00:00+00:00,0.05310306782565965,0.05453832849097262,1.9007392771059537
1611187200000,12.3768,13.0147,11.0659,11.3225,1717139.33,1611273599999,20754780.147084,61519,880915.09000000,10666141.61221500,0,2021-01-21 00:00:00+00:00,-0.08903185597448987,-0.08518356925861281,1.9514272712387546
1611273600000,11.3329,13.3899,10.673,12.7097,2250602.42,1611359999999,27350603.585194,83743,1178908.87000000,14366200.15743300,0,2021-01-22 00:00:00+00:00,0.1155735850127236,0.12251711194524173,1.9413582991080318
1611360000000,12.7153,13.48,12.5059,12.8669,1224349.08,1611446399999,15877090.571723,55714,638505.71000000,8290574.27109300,0,2021-01-23 00:00:00+00:00,0.012292640892313984,0.012368505944278851,1.9454783800813324
1611446400000,12.8914,13.1725,12.2,12.4801,907179.12,1611532799999,11543137.090721,36740,439336.09000000,5589172.14649300,0,2021-01-24 00:00:00+00:00,-0.030522746623577464,-0.03006163100669157,1.9348544858403762
1611532800000,12.4801,12.95,12.0598,12.1816,613873.67,1611619199999,7718176.262325,29776,309492.60000000,3902705.69977800,0,2021-01-25 00:00:00+00:00,-0.024208759185306322,-0.02391807757950659,1.940258696865642
1611619200000,12.1816,12.7333,11.3804,12.2088,873414.18,1611705599999,10551226.821743,38305,447967.75000000,5417760.28939500,0,2021-01-26 00:00:00+00:00,0.0022303866501423956,0.0022328758127012627,1.9378756879019288
1611705600000,12.178,12.215,10.77,11.158,740335.46,1611791999999,8456320.862451,40059,346256.01000000,3958374.71743400,0,2021-01-27 00:00:00+00:00,-0.09000027377119141,-0.08606906493676703,1.9947544550945662
1611792000000,11.1379,12.7524,10.8,11.9615,1091962.84,1611878399999,13283239.240784,51411,530818.89000000,6444238.08712900,0,2021-01-28 00:00:00+00:00,0.06953642929516236,0.07201111310270658,1.9863694484528527
1611878400000,11.9596,12.6757,11.3145,11.6158,1470197.45,1611964799999,17407967.391372,63114,773950.28000000,9158670.61473600,0,2021-01-29 00:00:00+00:00,-0.029326918415137723,-0.02890105755967054,1.9968140597070654
1611964800000,11.6158,12.65,11.293,12.0433,1122825.05,1612051199999,13368057.501101,48377,551628.18000000,6568312.26229700,0,2021-01-30 00:00:00+00:00,0.03614224840124189,0.03680331961638461,1.9911677169022015
1612051200000,12.0125,15.3728,11.83,13.4704,5017946.71,1612137599999,67959449.929635,163369,2729829.75000000,36985611.84119400,0,2021-01-31 00:00:00+00:00,0.11198619689665942,0.11849742180299416,1.9790296285538589
1612137600000,13.4704,13.6408,12.5741,13.2153,1820891.9,1612223999999,23742473.719995,62456,920980.83000000,12039310.97685300,0,2021-02-01 00:00:00+00:00,-0.019119436327088672,-0.018937819218434515,1.9675299077038368
1612224000000,13.2105,13.725,12.765,13.4703,748745.41,1612310399999,9847127.110127,30074,368051.27000000,4848253.85149500,0,2021-02-02 00:00:00+00:00,0.01911201261500995,0.019295816213025896,1.9608479764168412
1612310400000,13.47,14.9409,13.1814,14.84,1267446.12,1612396799999,17830836.174235,49972,636006.98000000,8964397.79323800,0,2021-02-03 00:00:00+00:00,0.09683897585005073,0.10168296177516467,1.968784265333904
1612396800000,14.84,15.8795,13.7978,15.2697,1649348.48,1612483199999,24697727.374142,67281,848257.37000000,12729494.54334600,0,2021-02-04 00:00:00+00:00,0.028544234932891988,0.02895552560646908,1.922203349374191
1612483200000,15.2738,18.0321,15.1206,17.8973,1654441.43,1612569599999,27800463.324706,68904,911720.85000000,15340955.44836000,0,2021-02-05 00:00:00+00:00,0.15877939080856274,0.17207934668002656,1.9618614970240689
1612569600000,17.8971,18.6228,15.8,18.1216,1547693.33,1612655999999,26968310.688584,83787,763242.15000000,13330737.03614200,0,2021-02-06 00:00:00+00:00,0.01245473345665983,0.012532616651673711,1.9497536098642183
1612656000000,18.1232,24.4268,17.8802,23.705,4884650.65,1612742399999,105018387.333709,233259,2558829.93000000,54984331.76478600,0,2021-02-07 00:00:00+00:00,0.26858139941673265,0.3081074518806284,1.984017727106893
1612742400000,23.7374,33.8167,23.55,30.056,5774862.08,1612828799999,168277152.423643,318147,3023553.29000000,87976802.36819800,0,2021-02-08 00:00:00+00:00,0.23737631191758618,0.2679181607255854,1.9904990999444165
1612828800000,30.0564,33.0,27.4769,31.9194,2664482.65,1612915199999,80005562.719643,147921,1345994.58000000,40499846.45865900,0,2021-02-09 00:00:00+00:00,0.060151667140793265,0.06199760447165281,1.9237179843673982
1612915200000,31.8487,60.3035,31.3408,54.6861,9715755.01,1613001599999,472308716.500874,656159,5099925.13000000,247786913.30850500,0,2021-02-10 00:00:00+00:00,0.5383955883776865,0.7132558882685767,2.547669724587368
1613001600000,54.6872,56.4998,41.6728,46.9673,4310924.37,1613087999999,209524738.667644,364231,2078173.80000000,101060135.47217500,0,2021-02-11 00:00:00+00:00,-0.15215794890359005,-0.14114738480162237,2.6331261558624384
1613088000000,46.9726,54.4775,43.5,48.2978,3209807.22,1613174399999,157898795.678381,259664,1601713.64000000,78889136.07738000,0,2021-02-12 00:00:00+00:00,0.027934396080353755,0.028328219846574187,2.632759043640587
1613174400000,48.2961,51.9,43.4014,44.0832,1890974.72,1613260799999,88751004.95806,168992,914680.69000000,42996203.01280200,0,2021-02-13 00:00:00+00:00,-0.09130725347585554,-0.08726277387375836,2.679526947881953
1613260800000,44.0691,45.75,38.3724,39.1711,2829524.14,1613347199999,118907734.085721,238354,1393200.87000000,58565704.86552700,0,2021-02-14 00:00:00+00:00,-0.11813952749126333,-0.1114279362659697,2.7406426603511123
1613347200000,39.17,44.98,33.5,38.309,3933303.2,1613433599999,152184241.319979,318181,2025390.29000000,78559141.84656000,0,2021-02-15 00:00:00+00:00,-0.022254374473130258,-0.022008572646670777,2.5750309959059354
1613433600000,38.3362,40.0,35.1417,36.5402,2556745.82,1613519999999,95755859.45082,200167,1348219.69000000,50574265.23651600,0,2021-02-16 00:00:00+00:00,-0.047271831138031614,-0.04617191782609831,2.591380865546997
1613520000000,36.5402,42.1299,34.1386,37.3003,3076680.22,1613606399999,115394864.044632,225075,1596723.03000000,59932284.83518400,0,2021-02-17 00:00:00+00:00,0.0205883451242376,0.020801747116873992,2.5794858144366013
1613606400000,37.3046,44.4907,36.19,40.9656,3097214.68,1613692799999,128006105.539334,239426,1620033.36000000,66917893.75099900,0,2021-02-18 00:00:00+00:00,0.09373132062322763,0.09826462521749169,2.5527760901030154
1613692800000,41.023,41.2754,37.5,38.7274,2047933.74,1613779199999,80331238.931351,132298,1001146.83000000,39288778.34730100,0,2021-02-19 00:00:00+00:00,-0.05618533028551955,-0.05463608491026617,2.57498016117847
1613779200000,38.7264,42.8463,31.9376,35.9985,3400687.05,1613865599999,131944005.24296,227659,1665713.96000000,64828984.73680600,0,2021-02-20 00:00:00+00:00,-0.07307008892921267,-0.07046432241771983,2.565652357684166
1613865600000,35.9553,38.0037,34.7906,36.1855,1516510.61,1613951999999,55466645.903334,113209,773764.84000000,28315741.45674400,0,2021-02-21 00:00:00+00:00,0.005181215181598509,0.005194660888648173,2.552806606376729
1613952000000,36.1932,36.2941,25.47,32.1502,2970210.71,1614038399999,95725194.549657,186467,1418298.25000000,45801605.89444100,0,2021-02-22 00:00:00+00:00,-0.11823981459886973,-0.11151704411988228,2.6073611619876687
1614038400000,32.1504,32.4108,22.51,27.5924,3657984.88,1614124799999,99042615.361096,189462,1798858.79000000,48818209.35429800,0,2021-02-23 00:00:00+00:00,-0.1528782990189931,-0.14176583660443787,2.6774064227382413
1614124800000,27.5966,32.2699,25.2501,29.7396,3233830.55,1614211199999,94109405.711572,186756,1701166.87000000,49468733.77614600,0,2021-02-24 00:00:00+00:00,0.07493911855733326,0.0778185297400733,2.6761317912043943
1614211200000,29.732,32.1836,26.4439,26.7,2431285.39,1614297599999,72135109.505137,142184,1301455.85000000,38662007.87213000,0,2021-02-25 00:00:00+00:00,-0.10781592563622866,-0.10220715813259085,2.7175834566908588
1614297600000,26.7718,28.0474,24.7703,25.9695,1804008.06,1614383999999,47862698.958584,123493,925634.53000000,24579164.51621000,0,2021-02-26 00:00:00+00:00,-0.02774079290110038,-0.02735955056179773,2.6926737162663223
1614384000000,25.9695,27.4999,25.0,25.7616,1690910.72,1614470399999,44679099.439782,95506,917488.73000000,24258139.56244200,0,2021-02-27 00:00:00+00:00,-0.008037761396566347,-0.00800554496621031,2.6912652363751337
1614470400000,25.7423,25.9299,22.1237,23.9566,1816997.15,1614556799999,43076550.45175,104376,950925.71000000,22565267.81497800,0,2021-02-28 00:00:00+00:00,-0.07264115110244942,-0.07006552388050435,2.7065833604445952
1614556800000,23.9698,27.8227,23.6073,27.5107,2250036.68,1614643199999,58489792.632801,130200,1224273.81000000,31839062.43839700,0,2021-03-01 00:00:00+00:00,0.1383311598992904,0.14835577669619227,2.735607121722664
1614643200000,27.5189,31.99,25.8604,27.1101,5223868.87,1614729599999,147909795.027557,255505,2653418.22000000,75161569.17863300,0,2021-03-02 00:00:00+00:00,-0.014668667725841675,-0.014561606938391258,2.7220343635663533
1614729600000,27.1144,29.4503,26.5202,27.22,2841940.87,1614815999999,79768539.272512,139135,1518338.19000000,42615933.79809900,0,2021-03-03 00:00:00+00:00,0.0040456450437834955,0.00405383971287443,2.7186865024817624
1614816000000,27.2126,28.82,24.2222,25.7781,3087747.13,1614902399999,82004242.211919,162558,1632026.14000000,43402093.70619200,0,2021-03-04 00:00:00+00:00,-0.05442670297135382,-0.052972079353416635,2.732445848665792
1614902400000,25.7781,25.7781,23.5269,24.2414,2367099.9,1614988799999,58170274.49893,123808,1250602.54000000,30723223.00755800,0,2021-03-05 00:00:00+00:00,-0.061463378943075506,-0.05961261691125408,2.7333997542383726
1614988800000,24.2708,25.5,23.8267,24.911,1483862.28,1615075199999,36645391.399763,86554,763534.47000000,18848329.75873100,0,2021-03-06 00:00:00+00:00,0.027247557679701887,0.02762216703655751,2.7333307344157647
1615075200000,24.9225,27.95,24.9225,26.6863,3010972.81,1615161599999,80354448.919578,159138,1536256.13000000,41012538.83467700,0,2021-03-07 00:00:00+00:00,0.06884085211810638,0.07126570591305037,2.6920208759405155
1615161600000,26.6884,27.1147,24.8921,25.6179,2182937.86,1615247999999,56470863.507841,116108,1043472.27000000,27027867.71138800,0,2021-03-08 00:00:00+00:00,-0.04085899921072102,-0.04003552384556874,2.6986506140571973
1615248000000,25.6178,34.7857,23.4102,34.314,10511803.75,1615334399999,301188369.888395,489391,5505554.15000000,158138236.13236500,0,2021-03-09 00:00:00+00:00,0.2922621082652564,0.3394540536109518,2.7281423547373302
1615334400000,34.3007,35.8,28.691,29.5858,8435059.85,1615420799999,268928184.723011,462938,4286916.80000000,136863064.08813800,0,2021-03-10 00:00:00+00:00,-0.14825891766807098,-0.13779215480561868,2.65847749082392
1615420800000,29.6171,32.8333,28.4,30.8005,5275313.55,1615507199999,163000352.000262,255614,2631855.17000000,81303712.97004800,0,2021-03-11 00:00:00+00:00,0.04023640712083334,0.04105685835772577,2.6536596715398257
1615507200000,30.798,31.5823,26.7837,27.9561,4025302.52,1615593599999,117715647.478242,194576,1990430.14000000,58260138.93054500,0,2021-03-12 00:00:00+00:00,-0.09689550095586202,-0.09234915017613354,1.8230116276726016
1615593600000,27.9469,33.2249,26.8568,30.8799,4641909.98,1615679999999,139834255.841717,238869,2369671.79000000,71459952.84144400,0,2021-03-13 00:00:00+00:00,0.09947006415122857,0.10458540354341261,1.808759146426875
1615680000000,30.9086,32.3,28.8,28.8423,2905962.81,1615766399999,88838731.688974,163449,1454812.75000000,44553428.57444700,0,2021-03-14 00:00:00+00:00,-0.06826242722576385,-0.06598466963947414,1.8118240193233626
1615766400000,28.8383,30.6472,27.0,28.9472,3223256.17,1615852799999,93338211.247749,167631,1601154.82000000,46418410.61068100,0,2021-03-15 00:00:00+00:00,0.0036304212777330063,0.003637019239103534,1.793105607466245
1615852800000,28.9221,33.25,27.5189,33.036,3919260.34,1615939199999,119092720.441898,218134,2069395.23000000,63040546.00802300,0,2021-03-16 00:00:00+00:00,0.13212439508713833,0.14125027636524434,1.8224503252612267
1615939200000,33.036,33.9899,30.5307,32.6789,3711302.21,1616025599999,119320054.289377,220858,1827124.20000000,58800071.89774500,0,2021-03-17 00:00:00+00:00,-0.010868266253892084,-0.01080942002663765,1.8215793912045415
1616025600000,32.6789,35.6073,31.8187,33.2132,3784343.49,1616111999999,127302178.876503,219036,1977893.91000000,66656347.15180800,0,2021-03-18 00:00:00+00:00,0.016217777571206363,0.01634999954098837,1.8166213855942908
1616112000000,33.2131,38.4866,31.3409,37.3166,4561567.37,1616198399999,165120789.347487,286375,2359510.46000000,85488569.90403000,0,2021-03-19 00:00:00+00:00,0.11649088059743797,0.12354726434068386,1.8626320357421997
1616198400000,37.3219,39.3,34.1701,34.2022,2545309.31,1616284799999,93664051.040244,177971,1253766.19000000,46227647.32798200,0,2021-03-20 00:00:00+00:00,-0.0871482983782071,-0.08345883601399917,1.8549262242516709
1616284800000,34.1783,35.4516,32.0001,32.8117,2817582.7,1616371199999,94243400.622074,187105,1456343.54000000,48707322.01533700,0,2021-03-21 00:00:00+00:00,-0.0415048103827742,-0.040655279484945295,1.8506304841038468
1616371200000,32.8109,33.5892,28.6202,29.17,2819087.11,1616457599999,88760164.341783,187930,1362735.57000000,43020530.90219700,0,2021-03-22 00:00:00+00:00,-0.1176443752226112,-0.1109878488466004,1.8774436697624448
1616457600000,29.1805,30.8899,28.1111,28.4704,2208298.0,1616543999999,65350105.5135,148014,1068702.08000000,31665227.84101800,0,2021-03-23 00:00:00+00:00,-0.02427583281131885,-0.023983544737744222,1.8778474954024618
1616544000000,28.4541,30.4914,24.6652,25.8387,2924723.82,1616630399999,82857014.158355,172076,1423542.46000000,40460553.56092100,0,2021-03-24 00:00:00+00:00,-0.09699158301700356,-0.09243635495110714,1.863554866633053
1616630400000,25.8,27.5152,24.3291,25.825,2616910.89,1616716799999,67993951.527,146899,1357319.81000000,35297343.95536300,0,2021-03-25 00:00:00+00:00,-0.000530353045605438,-0.000530212433288102,1.787981524597789
1616716800000,25.8109,28.8782,25.7873,28.2527,2119177.62,1616803199999,58791812.936873,123714,1105426.57000000,30669002.42652300,0,2021-03-26 00:00:00+00:00,0.08984601324096614,0.09400580832526617,1.7968110363186147
1616803200000,28.2744,28.6667,26.789,27.6225,1664560.96,1616889599999,46300539.749855,94170,836853.89000000,23289717.79345900,0,2021-03-27 00:00:00+00:00,-0.022558370241475487,-0.022305832716873142,1.7576259254776991
1616889600000,27.6226,29.5578,27.22,28.7167,2149098.9,1616975999999,61369232.964129,127699,1099845.49000000,31433584.37288800,0,2021-03-28 00:00:00+00:00,0.0388481770660678,0.03961263462756803,1.7592043317774837
1616976000000,28.7392,30.3702,28.2,29.5,1936628.46,1617062399999,57274429.928677,114464,999688.35000000,29572531.58510700,0,2021-03-29 00:00:00+00:00,0.02691142827451331,0.027276811054194994,1.7605796534666
1617062400000,29.5,30.9802,28.6023,29.6009,1916568.91,1617148799999,57190846.019576,112663,963050.65000000,28746352.59569600,0,2021-03-30 00:00:00+00:00,0.003414502927410856,0.003420338983050719,1.738476064555097
1617148800000,29.6009,29.9641,25.9,28.7218,1991045.26,1617235199999,56337213.745501,133106,981043.53000000,27766173.50406000,0,2021-03-31 00:00:00+00:00,-0.030148349962393153,-0.029698421331783798,1.6765722632534519
1617235200000,28.7217,29.373,27.6921,28.2456,1556653.75,1617321599999,44363776.976768,95137,778423.43000000,22189380.08712200,0,2021-04-01 00:00:00+00:00,-0.01671872306136686,-0.01657974082404312,1.6768353432315632
1617321600000,28.2686,29.5805,27.9429,29.0353,1502764.68,1617407999999,43378511.818109,89352,737253.40000000,21289312.22867900,0,2021-04-02 00:00:00+00:00,0.027574637878709167,0.027958336873707745,1.6793148870788832
1617408000000,29.0137,32.8727,27.8274,28.1787,4011015.62,1617494399999,123148734.451418,258134,2026381.14000000,62358162.30808100,0,2021-04-03 00:00:00+00:00,-0.02994595773023074,-0.02950201995502033,1.6710846841150546
1617494400000,28.1709,29.9171,27.5607,29.1573,1645442.99,1617580799999,47959269.949845,110434,818513.16000000,23862037.61758200,0,2021-04-04 00:00:00+00:00,0.03413893686300248,0.03472835865387691,1.657910766688076
1617580800000,29.174,33.0,28.5455,31.2559,3914406.49,1617667199999,122497268.103825,266630,2039246.59000000,63883228.55526400,0,2021-04-05 00:00:00+00:00,0.0695028481010275,0.07197511429384762,1.6711754891726822
1617667200000,31.2913,34.5578,30.0,31.4635,3854943.21,1617753599999,125832561.857241,247138,1926836.02000000,62976339.73875900,0,2021-04-06 00:00:00+00:00,0.006619985464090435,0.006641946000595089,1.6564884678639544
1617753600000,31.4838,34.15,28.6023,29.5068,3026403.42,1617839999999,92723601.16042,222581,1513852.01000000,46546894.01860400,0,2021-04-07 00:00:00+00:00,-0.06420739856867011,-0.062189521191221675,1.6666814920885489
1617840000000,29.54,31.6137,29.2287,30.751,1585910.41,1617926399999,48670912.618876,101494,804664.01000000,24701561.95331400,0,2021-04-08 00:00:00+00:00,0.04130176879160197,0.042166551438990396,1.3143655796072837
1617926400000,30.7475,32.482,30.3031,31.5178,2411521.93,1618012799999,75504333.059866,136667,1244016.65000000,38977265.37053200,0,2021-04-09 00:00:00+00:00,0.024629951550487025,0.024935774446359416,1.209091391072648
1618012800000,31.5178,33.97,30.865,31.776,3316903.42,1618099199999,108430389.727581,212421,1713895.14000000,56076794.19938600,0,2021-04-10 00:00:00+00:00,0.008158822263319253,0.008192196155823117,1.2015132432450557
1618099200000,31.7628,32.33,30.8928,31.5976,1817836.56,1618185599999,57506834.78195,123679,958293.09000000,30319168.04009400,0,2021-04-11 00:00:00+00:00,-0.005630119521283514,-0.005614300100704961,1.1489047685866287
1618185600000,31.5853,35.6418,31.1,33.8055,4048871.8,1618271999999,134405366.702851,255408,2121156.18000000,70467475.66718500,0,2021-04-12 00:00:00+00:00,0.06754234280321435,0.06987556016912677,1.1205896019917152
1618272000000,33.8125,34.888,31.7,33.6462,3077724.42,1618358399999,102492762.395189,186013,1474901.24000000,49182755.82561100,0,2021-04-13 00:00:00+00:00,-0.004723388622390577,-0.004712250965079656,1.0912531723135044
1618358400000,33.6426,39.45,32.8907,38.3391,7610260.01,1618444799999,278784648.510291,464448,3841527.80000000,140911259.83962600,0,2021-04-14 00:00:00+00:00,0.13057014064126957,0.13947786079854496,1.175616841467346
1618444800000,38.3892,40.759,36.21,37.0174,4740728.24,1618531199999,180469601.547405,304260,2354316.50000000,89624649.67542100,0,2021-04-15 00:00:00+00:00,-0.03508219079148546,-0.03447394435445794,1.097972779118797
1618531200000,37.0256,37.5412,33.0618,35.45,3675610.8,1618617599999,130494095.609654,235915,1825234.97000000,64822171.14415200,0,2021-04-16 00:00:00+00:00,-0.043264819393949806,-0.0423422498608762,1.1091752999871172
1618617600000,35.4383,36.9062,33.51,33.9342,2447216.38,1618703999999,86641993.558154,164439,1205063.77000000,42696487.66977000,0,2021-04-17 00:00:00+00:00,-0.04369989758092214,-0.04275881523272229,1.1196343298832707
1618704000000,33.9673,34.3,22.5473,29.3348,5871628.96,1618790399999,166326205.421928,355080,2770501.76000000,78469268.39026700,0,2021-04-18 00:00:00+00:00,-0.14564883083707594,-0.1355387779879884,1.1513806028140403
1618790400000,29.323,30.5796,25.5472,26.1827,3255981.02,1618876799999,90979934.53238,170020,1569660.02000000,43964704.12598200,0,2021-04-19 00:00:00+00:00,-0.11367563723418471,-0.10745258191635876,1.1777419244118386
1618876800000,26.2029,29.9752,23.8766,27.4058,3447186.95,1618963199999,90912258.538809,171486,1747924.95000000,46206178.02128700,0,2021-04-20 00:00:00+00:00,0.04565578249938472,0.04671405164478837,1.1865847901216553
1618963200000,27.4059,28.4899,25.75,25.8131,2761857.45,1619049599999,74969648.927418,146335,1384246.78000000,37610740.42683300,0,2021-04-21 00:00:00+00:00,-0.059872554822179236,-0.05811543541877995,1.1341219878895046
1619049600000,25.8131,27.7519,22.87,23.9703,3474222.21,1619135999999,89712278.562338,167755,1669949.22000000,43229725.46313700,0,2021-04-22 00:00:00+00:00,-0.07406655099063048,-0.07139010812339464,1.158323642217531
1619136000000,23.9692,26.557,19.8,23.5317,4749135.19,1619222399999,105328377.185681,214708,2305309.73000000,51280086.67583700,0,2021-04-23 00:00:00+00:00,-0.01846711568923746,-0.01829764333362538,1.1119136861526289
1619222400000,23.55,23.9381,21.3801,21.8523,2231443.96,1619308799999,50480605.992091,91691,1092164.91000000,24715448.13503600,0,2021-04-24 00:00:00+00:00,-0.07404226916357481,-0.0713675595048382,1.138996617707892
1619308800000,21.8429,23.75,20.359,21.624,1711011.135,1619395199999,37881647.721139,88693,847233.55900000,18785180.24399400,0,2021-04-25 00:00:00+00:00,-0.010502370185569983,-0.010447412858143101,1.0857313608615942
1619395200000,21.628,26.5,21.39,26.451,3025256.65,1619481599999,75465416.01002,146288,1553530.21300000,38741795.21785200,0,2021-04-26 00:00:00+00:00,0.2014901557988532,0.2232241953385128,1.3086608226628613
1619481600000,26.441,28.0,25.7,27.949,2350750.048,1619567999999,63681712.666516,118589,1206978.36500000,32699321.65853000,0,2021-04-27 00:00:00+00:00,0.05508745601274127,0.05663301954557487,1.3161582767368405
1619568000000,27.961,29.077,25.826,28.233,2546834.944,1619654399999,70419912.590106,134669,1297674.17600000,35916758.90414000,0,2021-04-28 00:00:00+00:00,0.010110085759019437,0.010161365344019346,1.3129902543297083
1619654400000,28.246,29.765,26.6,27.912,2274429.724,1619740799999,63709226.532376,117411,1160719.44300000,32570793.67428000,0,2021-04-29 00:00:00+00:00,-0.011434802660287558,-0.011369673785995182,1.313317515262337
1619740800000,27.926,33.0,27.501,32.8,3368373.696,1619827199999,103924073.253361,203516,1798787.75200000,55451796.80453900,0,2021-04-30 00:00:00+00:00,0.16137181150562493,0.1751218114072799,1.4265941301653364
1619827200000,32.819,35.68,31.722,31.805,3589503.042,1619913599999,120606500.597681,221956,1816901.71700000,61084258.88552100,0,2021-05-01 00:00:00+00:00,-0.030805005259330435,-0.03033536585365848,1.4300638050417167
1619913600000,31.815,32.681,30.383,31.28,2177846.529,1619999999999,68800524.699142,134885,1082293.80500000,34197245.49449900,0,2021-05-02 00:00:00+00:00,-0.01664459445365722,-0.016506838547398206,1.42918951121896
1620000000000,31.262,37.36,30.697,35.871,5397490.383,1620086399999,184269843.68859,342233,2697332.82900000,92254584.69835500,0,2021-05-03 00:00:00+00:00,0.1369502539284423,0.14677109974424551,1.4984126833760958
1620086400000,35.885,36.194,29.501,30.287,4452223.237,1620172799999,145089846.105217,266018,2135487.17000000,69655963.52395000,0,2021-05-04 00:00:00+00:00,-0.16921059205976083,-0.1556689247581613,1.6170273213502084
1620172800000,30.307,35.616,29.7,35.258,3289567.944,1620259199999,109473038.552794,197654,1707037.43000000,56942372.82997100,0,2021-05-05 00:00:00+00:00,0.15197387631775988,0.16412982467725445,1.6849883160948325
1620259200000,35.225,39.3,34.66,38.003,6195375.726,1620345599999,230357016.406106,415675,3213589.95100000,119627329.47397100,0,2021-05-06 00:00:00+00:00,0.07497265011507565,0.07785467128027679,1.7030882310580424
1620345600000,38.002,43.885,35.969,37.875,6802609.557,1620431999999,273821708.0802122,462203,3452531.17200000,139203359.91549920,0,2021-05-07 00:00:00+00:00,-0.0033738401490940972,-0.0033681551456463676,1.6845098323278942
1620432000000,37.852,39.844,37.157,38.399,2493215.197,1620518399999,95715259.478128,160167,1231033.72900000,47272222.70262800,0,2021-05-08 00:00:00+00:00,0.013740153758391143,0.013834983498349773,1.6804567310166574
1620518400000,38.399,39.5,35.017,38.969,2403153.534,1620604799999,89501364.024665,152065,1194631.73000000,44582168.22912500,0,2021-05-09 00:00:00+00:00,0.014735040668759514,0.01484413656605632,1.6795342636716721
1620604800000,38.988,41.8,29.69,34.652,4334618.088,1620691199999,159738078.072145,302308,2050020.60700000,75829142.08574700,0,2021-05-10 00:00:00+00:00,-0.11741101422879015,-0.11078036387898071,1.7347181528074904
1620691200000,34.65,37.3,32.575,36.8,2729477.604,1620777599999,95271679.573013,187315,1373663.37700000,47996358.57936200,0,2021-05-11 00:00:00+00:00,0.060142401146991264,0.06198776405402273,1.7457883855269218
1620777600000,36.768,41.47,32.0,32.8,5512564.2,1620863999999,210662204.128678,342613,2725856.45700000,104437945.24416500,0,2021-05-12 00:00:00+00:00,-0.11506932978478723,-0.10869565217391308,1.7794314598248933
1620864000000,32.872,37.17,30.739,35.075,4599017.978,1620950399999,156789885.05229,299266,2345319.38200000,80074197.24171200,0,2021-05-13 00:00:00+00:00,0.06706011059842677,0.06935975609756118,1.795091445343457
1620950400000,35.036,38.0,33.276,36.999,2531482.455,1621036799999,90688909.497188,164699,1283020.17700000,45977161.10926600,0,2021-05-14 00:00:00+00:00,0.05340225926343606,0.054853884533143216,1.744667441079286
1621036800000,36.993,39.99,34.031,34.439,4984162.837,1621123199999,184846636.834314,307713,2555670.46600000,94976989.44345700,0,2021-05-15 00:00:00+00:00,-0.07170124211862947,-0.06919105921781676,1.7582447546788438
1621123200000,34.464,39.7,32.5,36.6,5278663.199,1621209599999,190808554.560567,321182,2659655.32200000,96414562.48052000,0,2021-05-16 00:00:00+00:00,0.06085859727398919,0.06274862800894332,1.7652877665359903
1621209600000,36.597,37.936,31.75,33.67,4761781.536,1621295999999,165234150.122183,273521,2371156.07500000,82496584.56747800,0,2021-05-17 00:00:00+00:00,-0.08344100723433741,-0.08005464480874314,1.7833220272892367
1621296000000,33.684,37.7,33.268,36.875,3692884.156,1621382399999,132738977.364077,209409,1870711.08900000,67290132.06206900,0,2021-05-18 00:00:00+00:00,0.09092658148700072,0.09518859518859513,1.7307131302569891
1621382400000,36.907,38.535,17.775,23.052,7854204.012,1621468799999,223825127.909845,431631,3696461.26000000,105815831.45329400,0,2021-05-19 00:00:00+00:00,-0.46978128108556394,-0.3748610169491525,2.371831417278955
1621468800000,23.064,28.2,20.809,25.086,4667836.199,1621555199999,115628255.554879,254939,2277571.11300000,56575861.16736600,0,2021-05-20 00:00:00+00:00,0.08455738802806297,0.08823529411764697,2.3859718358603095
1621555200000,25.042,26.712,18.368,21.827,3781391.334,1621641599999,85878210.507207,197862,1849878.95300000,42205107.34382900,0,2021-05-21 00:00:00+00:00,-0.13916218604554237,-0.12991309893964753,2.4254829640596745
1621641600000,21.825,22.474,18.3,18.797,2628918.371,1621727999999,52186116.315863,136771,1241570.76000000,24714965.95395100,0,2021-05-22 00:00:00+00:00,-0.14945045292248219,-0.13881889403032943,2.4661804665736597
1621728000000,18.809,19.668,12.086,15.606,5463994.514,1621814399999,82687662.979507,231450,2523954.17900000,38087440.48505300,0,2021-05-23 00:00:00+00:00,-0.18604182693988894,-0.16976113209554722,2.5431115334669547
1621814400000,15.603,20.5,15.034,19.395,4361327.481,1621900799999,78219280.060304,184795,2329374.29800000,41800511.28169400,0,2021-05-24 00:00:00+00:00,0.21735984519736093,0.24279123414071502,2.6566610101977868
1621900800000,19.395,20.243,17.001,19.446,2878326.676,1621987199999,53730357.65711,138929,1433995.26200000,26851902.56142300,0,2021-05-25 00:00:00+00:00,0.0026260924955348614,0.0026295436968291064,2.656649778312513
1621987200000,19.431,21.453,18.918,20.797,3101870.521,1622073599999,62721216.864848,138994,1707695.54300000,34581166.19509300,0,2021-05-26 00:00:00+00:00,0.06716735214831862,0.06947444204463649,2.5659417026716094
1622073600000,20.794,21.198,18.717,19.118,1878833.966,1622159999999,37144061.899197,89922,910365.86000000,18028249.15052800,0,2021-05-27 00:00:00+00:00,-0.08417844589421312,-0.08073279799971156,2.5688147879063217
1622160000000,19.133,19.568,16.015,16.727,2318888.923,1622246399999,40285104.078717,109965,1175666.37700000,20423635.17392300,0,2021-05-28 00:00:00+00:00,-0.13360611931169905,-0.1250653834083062,2.6014870557669703
1622246400000,16.727,17.592,15.169,16.168,1260980.209,1622332799999,20444938.263963,66801,626369.93900000,10166327.40056300,0,2021-05-29 00:00:00+00:00,-0.03399020022855189,-0.033419023136246895,2.6020203670899136
1622332800000,16.194,17.468,15.101,16.518,1133881.014,1622419199999,18967076.153113,52207,588416.07900000,9847153.96438200,0,2021-05-30 00:00:00+00:00,0.02141671528720547,0.021647699158832356,2.525111519420967
1622419200000,16.504,18.198,15.671,18.14,1357131.015,1622505599999,23344234.822886,58931,679453.65400000,11683934.62218600,0,2021-05-31 00:00:00+00:00,0.09366874929846536,0.09819590749485418,2.55730708107329
1622505600000,18.153,18.583,17.066,17.748,1195464.415,1622591999999,21252314.196346,55191,593051.82000000,10553715.53288100,0,2021-06-01 00:00:00+00:00,-0.02184661117032746,-0.02160970231532522,2.5573183999577904
1622592000000,17.748,19.419,17.145,18.687,1696639.301,1622678399999,31441233.733131,72378,844661.04200000,15653408.27281000,0,2021-06-02 00:00:00+00:00,0.0515552614234551,0.052907369844489516,2.5087060593594424
1622678400000,18.686,20.7,18.219,20.268,1754635.671,1622764799999,34768091.119694,77913,904421.94100000,17926285.71479300,0,2021-06-03 00:00:00+00:00,0.08121519267354513,0.08460427034837048,2.4752709109578666
1622764800000,20.247,20.55,17.41,18.243,1844859.941,1622851199999,34131796.222186,79063,888465.11800000,16437364.61434400,0,2021-06-04 00:00:00+00:00,-0.1052618428075811,-0.09991119005328608,2.4210061804126064
1622851200000,18.236,19.142,16.86,17.23,1557214.89,1622937599999,28105158.818739,63405,739881.47300000,13384905.45849900,0,2021-06-05 00:00:00+00:00,-0.05712939426624402,-0.05552814778271109,2.39817549902059
1622937600000,17.233,18.0,17.09,17.383,747036.541,1623023999999,13149046.690523,31513,365914.50100000,6447241.54227000,0,2021-06-06 00:00:00+00:00,0.008840666599565065,0.008879860708067344,2.4000272136542145
1623024000000,17.38,18.053,15.304,15.536,2846106.846,1623110399999,48358814.14306,95659,1445949.49600000,24629622.96115600,0,2021-06-07 00:00:00+00:00,-0.11233280559043424,-0.1062532359201519,2.4140260334888417
1623110400000,15.533,16.048,13.639,14.792,2622746.581,1623196799999,38874804.232429,94670,1295857.32300000,19214638.67476800,0,2021-06-08 00:00:00+00:00,-0.049073417464145355,-0.04788877445932027,2.4093450741673155
1623196800000,14.803,15.765,13.65,15.4,2507532.953,1623283199999,37197544.87271,86605,1369634.88400000,20322393.23926400,0,2021-06-09 00:00:00+00:00,0.040281015334759834,0.04110329908058419,2.4019991425776053
1623283200000,15.403,15.578,13.73,14.193,2406206.41,1623369599999,34900914.841877,76800,1239059.42400000,17988004.34138400,0,2021-06-10 00:00:00+00:00,-0.08161862410246282,-0.07837662337662343,2.388099912515447
1623369600000,14.193,14.616,13.14,13.408,1985298.581,1623455999999,27700725.962896,60148,1016905.15400000,14198101.53011300,0,2021-06-11 00:00:00+00:00,-0.056897341577393463,-0.05530895511872047,2.3711174923771376
1623456000000,13.423,14.0,12.638,13.545,1721108.689,1623542399999,22830447.284661,57398,851529.55000000,11316969.55511500,0,2021-06-12 00:00:00+00:00,0.01016593179733114,0.010217780429594203,2.350071049100292
1623542400000,13.551,14.999,13.241,14.761,1905070.736,1623628799999,26854958.58503,63885,1002960.55400000,14144793.82260100,0,2021-06-13 00:00:00+00:00,0.08597109201780118,0.08977482465854547,2.367598414682715
1623628800000,14.762,15.419,14.371,15.113,1753753.579,1623715199999,26069796.797901,54409,885054.77200000,13163217.86273000,0,2021-06-14 00:00:00+00:00,0.02356673303312394,0.02384662285753003,2.370116659577813
1623715200000,15.111,15.632,14.581,14.714,1618961.454,1623801599999,24356226.181043,52398,819286.03500000,12335861.83506200,0,2021-06-15 00:00:00+00:00,-0.026755879077910903,-0.02640111162575265,2.3486328516067756
1623801600000,14.715,14.951,13.913,14.078,1593156.605,1623887999999,22971491.583113,57080,782269.55300000,11280530.30674100,0,2021-06-16 00:00:00+00:00,-0.04418612632413295,-0.04322414027456856,2.341449925821574
1623888000000,14.081,15.498,14.02,14.844,2176578.341,1623974399999,32446965.985472,74881,1115847.17200000,16653122.53858300,0,2021-06-17 00:00:00+00:00,0.0529824480124112,0.054411137945730825,2.3206236214416904
1623974400000,14.858,15.3,13.1,13.64,1646645.548,1624060799999,23345824.085955,54114,813155.14900000,11542768.42568400,0,2021-06-18 00:00:00+00:00,-0.08458909078303509,-0.08111021288062514,1.7115771511082383
1624060800000,13.635,14.04,13.209,13.383,677502.975,1624147199999,9272511.487663,25832,341123.95700000,4671624.96174500,0,2021-06-19 00:00:00+00:00,-0.01902140760107871,-0.018841642228739075,1.671511953538352
1624147200000,13.374,14.188,12.783,13.917,1178226.514,1624233599999,15764150.005714,39488,566918.77700000,7582552.15048700,0,2021-06-20 00:00:00+00:00,0.03912586962347905,0.03990136740641126,1.6279232296937136
1624233600000,13.914,14.069,11.077,11.2,2203255.627,1624319999999,27106302.10066,69229,1057785.44100000,13041877.22423600,0,2021-06-21 00:00:00+00:00,-0.21719733613666747,-0.19522885679384927,1.71325946917901
1624320000000,11.19,11.764,9.325,10.578,3283390.301,1624406399999,34589702.599776,94310,1642171.21500000,17313789.65535500,0,2021-06-22 00:00:00+00:00,-0.05713740565726064,-0.055535714285714244,1.6092708167714707
1624406400000,10.585,11.899,10.15,11.456,2090766.333,1624492799999,23569095.293188,59085,1127476.99200000,12727722.99239200,0,2021-06-23 00:00:00+00:00,0.0797372375745016,0.08300245793155603,1.4220704620737863
1624492800000,11.467,11.757,10.822,11.493,1288733.896,1624579199999,14628465.687494,39267,681190.87900000,7726364.68339800,0,2021-06-24 00:00:00+00:00,0.0032245441683319883,0.0032297486033521228,1.42217885639565
1624579200000,11.499,11.756,10.2,10.235,1369495.419,1624665599999,14874246.007903,42377,690586.69700000,7508013.87942500,0,2021-06-25 00:00:00+00:00,-0.11592493527336886,-0.10945793091446976,1.4283183355744598
1624665600000,10.238,10.6,9.784,10.318,1136001.579,1624751999999,11552426.253932,34190,566193.75800000,5758063.29265200,0,2021-06-26 00:00:00+00:00,0.008076723709205298,0.008109428431851473,1.4152881667227755
1624752000000,10.317,10.98,10.087,10.941,692604.829,1624838399999,7234629.500748,23037,351672.62700000,3676165.60935700,0,2021-06-27 00:00:00+00:00,0.0586272576721947,0.060379918588873815,1.3804369879085705
1624838400000,10.953,11.469,10.694,11.322,1022964.874,1624924799999,11386590.081316,30175,484767.47700000,5396682.33636500,0,2021-06-28 00:00:00+00:00,0.03423053511981523,0.034823142308746835,1.3885820067554921
1624924800000,11.333,12.348,11.077,11.92,1388415.123,1625011199999,16385766.890554,42564,729376.38700000,8599422.18941100,0,2021-06-29 00:00:00+00:00,0.05146992602273568,0.05281752340575885,1.4015474872747617
1625011200000,11.921,12.166,11.035,11.949,1137246.751,1625097599999,13240407.457508,36422,583539.66300000,6805763.25307500,0,2021-06-30 00:00:00+00:00,0.0024299312304131896,0.002432885906040294,1.3511153090226122
1625097600000,11.94,12.08,11.0,11.181,717086.767,1625183999999,8116281.301654,22868,341791.27200000,3871062.66813900,0,2021-07-01 00:00:00+00:00,-0.06643168370238584,-0.0642731609339694,1.36330435608024
1625184000000,11.19,11.355,10.572,11.112,979100.755,1625270399999,10654044.470948,26843,519253.11700000,5655096.25120400,0,2021-07-02 00:00:00+00:00,-0.006190303713188375,-0.0061711832573114744,1.3423265326959881
1625270400000,11.117,11.676,10.878,11.509,737397.368,1625356799999,8372964.610254,23470,347369.05600000,3938730.33652500,0,2021-07-03 00:00:00+00:00,0.03510373253431144,0.035727141828653775,1.3089418798633734
1625356800000,11.499,12.9,11.21,12.345,1361790.033,1625443199999,16615785.979942,42459,707381.58800000,8634854.40628400,0,2021-07-04 00:00:00+00:00,0.07012178481078887,0.072638804413937,1.3061913346418086
1625443200000,12.342,12.44,11.519,12.042,1408712.788,1625529599999,17011192.524855,43689,676148.46800000,8169042.10775400,0,2021-07-05 00:00:00+00:00,-0.02485058375488678,-0.0245443499392467,1.2972934041170932
1625529600000,12.041,14.226,12.026,13.384,2391422.133,1625615999999,32055829.006775,76797,1187564.05900000,15913598.56430700,0,2021-07-06 00:00:00+00:00,0.10565942464226682,0.11144328184686936,1.3592898821224566
1625616000000,13.369,14.2,13.04,13.105,2048553.788,1625702399999,27867267.41859,67875,1018530.36800000,13858040.20053300,0,2021-07-07 00:00:00+00:00,-0.021066126909153167,-0.020845786013150014,1.3080364651715441
1625702400000,13.091,13.118,11.838,12.098,1467700.322,1625788799999,18101804.61805,52512,689160.74100000,8503189.74669600,0,2021-07-08 00:00:00+00:00,-0.0799536870906472,-0.07684090041968716,1.3252541361076935
1625788800000,12.093,12.88,11.639,12.552,1365886.913,1625875199999,16789649.409472,44074,691130.22600000,8498664.52394100,0,2021-07-09 00:00:00+00:00,0.03683986574600883,0.03752686394445348,1.3237722129251037
1625875200000,12.559,12.851,11.838,12.015,729693.403,1625961599999,8962435.359847,30824,360690.83000000,4427615.13359200,0,2021-07-10 00:00:00+00:00,-0.043724146242299186,-0.0427820267686424,1.3032614682096035
1625961600000,12.023,12.49,11.912,12.433,574831.74,1626047999999,7017301.605893,21481,313592.74300000,3829613.33089800,0,2021-07-11 00:00:00+00:00,0.03419835878236813,0.03478984602580093,1.2968104081045
1626048000000,12.437,12.841,11.7,12.157,1105226.312,1626134399999,13650203.060664,33430,566934.18700000,7008790.48758500,0,2021-07-12 00:00:00+00:00,-0.02244909239714355,-0.022198986568004453,1.2977854508491278
1626134400000,12.162,12.434,11.744,11.91,937209.081,1626220799999,11351440.840701,30668,459074.06700000,5565286.89861400,0,2021-07-13 00:00:00+00:00,-0.020526752206448166,-0.020317512544213212,1.2578179294622271
1626220800000,11.916,12.11,11.111,11.793,916149.504,1626307199999,10660796.483208,31786,443321.42000000,5158949.32692200,0,2021-07-14 00:00:00+00:00,-0.009872248259375884,-0.009823677581864088,1.252937228950041
1626307200000,11.791,12.102,11.128,11.391,799151.217,1626393599999,9211057.898789,27111,399362.14100000,4601778.05560000,0,2021-07-15 00:00:00+00:00,-0.034682565190057954,-0.0340880183159501,1.2547131370189635
1626393600000,11.391,11.82,10.8,10.814,869808.847,1626479999999,9833877.123021,31933,414701.51900000,4696954.60607000,0,2021-07-16 00:00:00+00:00,-0.05198197895796184,-0.05065402510754102,1.2577921794077636
1626480000000,10.816,11.144,10.716,10.958,588168.81,1626566399999,6416594.543441,19891,313430.65200000,3419721.18352900,0,2021-07-17 00:00:00+00:00,0.013228192156410936,0.013316071758831205,1.2407460026148582
1626566400000,10.956,11.275,10.65,10.69,669471.278,1626652799999,7325338.198701,18543,296212.09700000,3241556.00630200,0,2021-07-18 00:00:00+00:00,-0.024761058079270246,-0.024457017703960693,1.2127838108295286
1626652800000,10.69,10.757,10.01,10.183,613091.689,1626739199999,6325661.84891,22340,271841.76300000,2810070.09857200,0,2021-07-19 00:00:00+00:00,-0.04858906184742549,-0.04742750233863424,1.220488674399684
1626739200000,10.186,10.366,9.327,9.639,784232.566,1626825599999,7538086.817337,28856,372585.06400000,3580206.63120500,0,2021-07-20 00:00:00+00:00,-0.05490229438769729,-0.05342237061769617,1.2177824814677662
1626825600000,9.647,10.752,9.473,10.425,994914.755,1626911999999,10267860.303233,35835,528620.37200000,5457841.73492900,0,2021-07-21 00:00:00+00:00,0.07838939888303412,0.08154372860255221,1.0104580766551579
1626912000000,10.44,10.96,10.238,10.833,879782.503,1626998399999,9345434.272266,31615,451242.96000000,4793473.93170200,0,2021-07-22 00:00:00+00:00,0.038390263278565165,0.03913669064748193,1.0002021940588806
1626998400000,10.84,11.174,10.53,11.086,695996.732,1627084799999,7538887.710933,24854,357228.52900000,3871040.98075800,0,2021-07-23 00:00:00+00:00,0.02308602003418255,0.023354564755838636,0.962743393500773
1627084800000,11.092,11.447,10.954,11.142,839109.691,1627171199999,9397797.989064,30075,416702.79900000,4665587.19257800,0,2021-07-24 00:00:00+00:00,0.005038700601010637,0.0050514162006132235,0.9628666127446447
1627171200000,11.142,11.339,10.765,11.247,601383.149,1627257599999,6648354.32815,23214,318316.48200000,3520687.10686400,0,2021-07-25 00:00:00+00:00,0.009379674823260924,0.009423801830910072,0.8693401668977047
1627257600000,11.247,12.7,11.213,11.46,2057987.325,1627343999999,24821128.422901,81027,1047014.37100000,12629251.66464200,0,2021-07-26 00:00:00+00:00,0.018761284864708953,0.018938383568951833,0.8709008222604009
1627344000000,11.455,12.352,11.175,11.917,977794.901,1627430399999,11458152.582638,37861,516159.29600000,6056694.59873500,0,2021-07-27 00:00:00+00:00,0.039103240822075495,0.039877835951134255,0.8579116309425983
1627430400000,11.921,12.485,11.691,12.32,1510307.384,1627516799999,18422159.012941,51346,823093.31500000,10052008.01320800,0,2021-07-28 00:00:00+00:00,0.033258005996704657,0.03381723588151386,0.8574704707226812
1627516800000,12.331,12.65,11.98,12.433,1634174.61,1627603199999,20162756.484915,51288,803791.45700000,9947579.39591800,0,2021-07-29 00:00:00+00:00,0.009130269865426725,0.00917207792207786,0.8397684638863625
1627603200000,12.433,13.0,11.93,12.978,1572248.756,1627689599999,19599467.042656,50237,826253.59900000,10315537.67156200,0,2021-07-30 00:00:00+00:00,0.04290138822817624,0.04383495536073356,0.8521642730259249
1627689600000,12.978,13.63,12.585,13.525,1248768.221,1627775999999,16272148.753603,47007,652676.40500000,8521298.83437300,0,2021-07-31 00:00:00+00:00,0.0412842085335686,0.04214825088611507,0.8244734926974991
1627776000000,13.535,14.077,12.617,12.853,1860616.438,1627862399999,25152192.029074,65591,955319.27000000,12922571.63439200,0,2021-08-01 00:00:00+00:00,-0.050962577604550495,-0.04968576709796679,0.8475092606383613
1627862400000,12.846,13.374,12.616,12.993,928801.989,1627948799999,12133849.919658,37628,470477.51300000,6150210.04678900,0,2021-08-02 00:00:00+00:00,0.010833503772604534,0.010892398661791036,0.8408070396536528
1627948800000,12.992,13.522,12.325,12.557,1198368.484,1628035199999,15258298.677645,39397,613323.36100000,7824130.14798200,0,2021-08-03 00:00:00+00:00,-0.03413247189377246,-0.03355653043946738,0.8159546533784039
1628035200000,12.568,13.78,12.41,13.696,1246721.964,1628121599999,16255550.766165,45201,642173.44900000,8387115.38133500,0,2021-08-04 00:00:00+00:00,0.08682554039255941,0.09070637891216049,0.8637504431468843
1628121600000,13.696,14.0,12.849,13.834,1372439.967,1628207999999,18478805.541988,54152,685033.93200000,9236402.60406600,0,2021-08-05 00:00:00+00:00,0.010025510779006664,0.010075934579439227,0.7831406218009921
1628208000000,13.834,15.08,13.388,14.77,2108094.949,1628294399999,29965356.386631,72992,1048201.19700000,14950111.73093700,0,2021-08-06 00:00:00+00:00,0.06546876636489536,0.06765938990891995,0.8100169120425055
1628294400000,14.774,15.952,14.612,15.834,2346816.422,1628380799999,35897227.532009,94332,1164971.78900000,17826495.16984100,0,2021-08-07 00:00:00+00:00,0.06956143020595365,0.0720379146919432,0.7824239594514462
1628380800000,15.85,16.1,14.557,14.826,1318372.027,1628467199999,20289977.62886,51900,645208.65100000,9930451.70317800,0,2021-08-08 00:00:00+00:00,-0.06577713051471393,-0.06366047745358083,0.8175058406112572
1628467200000,14.83,16.759,14.424,16.169,2569371.614,1628553599999,40344963.226697,101119,1317768.31600000,20735214.80755700,0,2021-08-09 00:00:00+00:00,0.08671343252314943,0.09058410899770664,0.8447074028079213
1628553600000,16.167,17.184,15.801,16.42,2076458.198,1628639999999,34191887.711393,87917,1048854.75200000,17270284.92174000,0,2021-08-10 00:00:00+00:00,0.015404275266604687,0.015523532686004149,0.8404354585670988
1628640000000,16.43,17.547,16.378,16.688,1849892.045,1628726399999,31656313.725367,82229,945817.80700000,16189341.88612500,0,2021-08-11 00:00:00+00:00,0.016189794234134386,0.016321559074299552,0.8328526841961146
1628726400000,16.674,17.538,15.429,16.575,1704787.841,1628812799999,27961277.713874,65337,845652.15500000,13877980.12905200,0,2021-08-12 00:00:00+00:00,-0.006794362186490362,-0.006771332694151422,0.8277633439152415
1628812800000,16.574,18.291,16.389,18.031,1519296.777,1628899199999,26964549.423894,75881,785309.89300000,13946646.60089400,0,2021-08-13 00:00:00+00:00,0.0841969627223051,0.087843137254902,0.8622006412593042
1628899200000,18.044,18.433,17.169,18.093,1428803.971,1628985599999,25525639.096533,61967,698122.95600000,12469908.14976700,0,2021-08-14 00:00:00+00:00,0.0034326243427282893,0.003438522544506828,0.8451094926037556
1628985600000,18.09,18.855,17.058,18.762,1404168.533,1629071999999,24987998.0113,63538,708522.50300000,12601163.55603400,0,2021-08-15 00:00:00+00:00,0.03630842456679989,0.03697562593268122,0.8119386375273908
1629072000000,18.762,21.13,18.441,19.071,3800908.89,1629158399999,75257840.612995,184536,2033824.26900000,40316674.20899700,0,2021-08-16 00:00:00+00:00,0.016335308918622275,0.01646945954589074,0.8117634707631298
1629158400000,19.071,25.46,18.418,23.446,10172036.374,1629244799999,232692122.493749,511785,5179283.76500000,118736389.03968900,0,2021-08-17 00:00:00+00:00,0.20653104802725517,0.22940590425253005,1.0286542427255851
1629244800000,23.452,30.885,21.454,29.993,12872464.953,1629331199999,329590346.415974,711659,6544966.15700000,168173112.56275200,0,2021-08-18 00:00:00+00:00,0.24626411645272783,0.27923739657084345,1.2493733719553959
1629331200000,29.992,33.755,28.714,30.653,11884539.989,1629417599999,367827425.346071,725134,5933281.65900000,183699687.95764200,0,2021-08-19 00:00:00+00:00,0.021766515772210185,0.022005134531390746,1.2070622105255786
1629417600000,30.653,39.229,29.943,39.155,8246852.137,1629503999999,292804357.411783,676833,4208889.50200000,149501399.63886800,0,2021-08-20 00:00:00+00:00,0.2447975913283264,0.27736273774181974,1.400264297378491
1629504000000,39.148,50.27,37.676,43.676,13275218.253,1629590399999,603282807.718998,1244473,6838728.82200000,310536630.47180600,0,2021-08-21 00:00:00+00:00,0.10927062394891883,0.11546418081981868,1.4183297047995513
1629590400000,43.693,45.03,40.537,43.663,8717113.46,1629676799999,373450451.668828,656362,4655586.07300000,199636243.10158800,0,2021-08-22 00:00:00+00:00,-0.0002976906100598242,-0.0002976463046067135,1.425509816717933
1629676800000,43.682,53.623,43.614,46.451,11058622.436,1629763199999,538289839.352156,922963,5710692.40900000,277992063.68733300,0,2021-08-23 00:00:00+00:00,0.06189693201164827,0.06385268992052784,1.4188809617827212
1629763200000,46.407,58.977,44.151,55.474,13474170.156,1629849599999,688067868.650391,1264512,6542766.95500000,334956399.73408400,0,2021-08-24 00:00:00+00:00,0.1775164489648767,0.19424770187939977,1.4817071885308464
1629849600000,55.475,57.584,45.65,46.208,11480697.369,1629935999999,580655281.693017,918410,5610727.31300000,284257911.85144900,0,2021-08-25 00:00:00+00:00,-0.18276149924792376,-0.16703320474456496,1.6924040784155947
1629936000000,46.211,48.463,41.2,41.32,9280721.696,1630022399999,411045221.739697,627615,4915757.54900000,217626965.89136000,0,2021-08-26 00:00:00+00:00,-0.11180629901892324,-0.1057825484764543,1.780258427607911
1630022400000,41.32,50.47,40.3,50.14,10990447.098,1630108799999,499580728.291962,706713,5645394.21400000,256593270.18069800,0,2021-08-27 00:00:00+00:00,0.19347244847870962,0.21345595353339797,1.8570406693059487
1630108800000,50.12,51.79,46.12,50.2,7177328.364,1630195199999,349338313.789823,521462,3549244.40900000,172677969.44504300,0,2021-08-28 00:00:00+00:00,0.001195933967536278,0.0011966493817312518,1.8592705364301643
1630195200000,50.2,52.4,46.66,47.39,5176181.901,1630281599999,254017057.608153,403399,2552623.55800000,125214108.91895300,0,2021-08-29 00:00:00+00:00,-0.05760379071818662,-0.05597609561752992,1.8944513799465088
1630281600000,47.43,48.33,41.0,41.44,6827433.15,1630367999999,302290628.1456,475847,3596434.43000000,159170165.14430000,0,2021-08-30 00:00:00+00:00,-0.13416463802826933,-0.1255539143279173,1.9929377106228126
1630368000000,41.42,44.22,38.17,39.5,6855430.916,1630454399999,285271157.082566,497201,3287480.23800000,136791512.70475200,0,2021-08-31 00:00:00+00:00,-0.047945926044151425,-0.046814671814671804,1.9912828291955662
1630454400000,39.51,45.71,38.55,42.47,7820541.217,1630540799999,337278992.787608,538884,3982958.34700000,171826174.36570800,0,2021-09-01 00:00:00+00:00,0.07249727241810353,0.07518987341772143,1.9925349313850995
1630540800000,42.5,47.98,41.0,47.58,6481497.68,1630627199999,285384060.939202,523633,3381220.44900000,149192738.48348200,0,2021-09-02 00:00:00+00:00,0.11361456054963173,0.12032022604191184,1.990479761706798
1630627200000,47.6,51.66,44.45,45.89,9097559.66,1630713599999,438178527.6242,877686,4433156.62000000,213804550.69250000,0,2021-09-03 00:00:00+00:00,-0.036165276468069406,-0.03551912568306004,2.003675898458998
1630713600000,45.9,49.88,44.07,47.15,6077749.28,1630799999999,285561090.4884,567762,2997370.42000000,140919239.08410000,0,2021-09-04 00:00:00+00:00,0.02708678067272434,0.027456962301154908,2.001313200010154
1630800000000,47.19,49.4,45.44,48.15,5904540.19,1630886399999,279244419.5175,468959,2990517.42000000,141305974.97890000,0,2021-09-05 00:00:00+00:00,0.020987129164668127,0.021208907741251393,2.0004469761514128
1630886400000,48.14,51.36,42.45,47.1,7931732.22,1630972799999,378046443.8192,705606,3878632.34000000,185118819.58760000,0,2021-09-06 00:00:00+00:00,-0.022048137221762385,-0.02180685358255441,2.0085616760416047
1630972800000,47.11,47.2,32.23,37.93,12849059.617,1631059199999,517373750.968375,937571,6287107.65700000,253318011.82494400,0,2021-09-07 00:00:00+00:00,-0.21653064532156457,-0.1946921443736731,2.167563940042679
1631059200000,37.97,39.5,33.08,37.0,7464147.83,1631145599999,270862112.8693,516669,3748839.47000000,136146360.77370000,0,2021-09-08 00:00:00+00:00,-0.024824443056583156,-0.024518850514104962,2.1665977691997225
1631145600000,37.03,44.6,36.21,40.77,10152448.674,1631231999999,423030611.972678,815604,5139808.57400000,214396528.62037800,0,2021-09-09 00:00:00+00:00,0.09702860418693775,0.10189189189189207,2.1794863030097478
1631232000000,40.75,49.7,40.38,49.3,17253541.93,1631318399999,796849170.9461,1550272,8688696.52000000,401726741.16840000,0,2021-09-10 00:00:00+00:00,0.18997756421748233,0.20922246750061313,2.248516865544166
1631318400000,49.33,59.25,48.11,57.02,16295853.416,1631404799999,855169399.891395,1666314,8376614.43900000,440664802.64094500,0,2021-09-11 00:00:00+00:00,0.14547800243588152,0.15659229208924952,2.274530355298943
1631404800000,57.02,64.9,53.59,59.22,16140497.309,1631491199999,975563399.097365,1544605,8052124.67000000,487613892.15149500,0,2021-09-12 00:00:00+00:00,0.03785723918891917,0.03858295334970174,2.269237817442733
1631491200000,59.21,60.92,47.66,53.15,17195092.8,1631577599999,916467701.7916,1318399,8558589.57000000,456512400.23310000,0,2021-09-13 00:00:00+00:00,-0.10814121788548828,-0.10249915569064505,2.324346798026171
1631577600000,53.14,57.63,48.8,51.5,8170590.05,1631663999999,433586433.9301,650142,3992469.86000000,211969390.22660000,0,2021-09-14 00:00:00+00:00,-0.031536297118266485,-0.031044214487300104,2.3362205175602333
1631664000000,51.51,58.18,50.3,57.84,6756093.54,1631750399999,363330100.7397,616300,3444947.64000000,185554837.65310000,0,2021-09-15 00:00:00+00:00,0.11609877018081881,0.12310679611650488,2.352767547781534
1631750400000,57.83,68.33,57.17,67.56,15000080.374,1631836799999,944283890.775114,1767106,7572991.22800000,476789740.77005400,0,2021-09-16 00:00:00+00:00,0.15533551408909013,0.1680497925311204,2.312770102958495
1631836800000,67.59,70.9,60.36,70.11,10905615.525,1631923199999,714550797.021389,1144809,5633101.92900000,369809902.41318900,0,2021-09-17 00:00:00+00:00,0.037049345279276974,0.03774422735346361,2.184101751564472
1631923200000,70.15,75.59,67.16,69.02,10521283.488,1632009599999,751508106.45512,1147215,5414339.40900000,386724867.86396000,0,2021-09-18 00:00:00+00:00,-0.015669119549018933,-0.015546997575238919,2.189408855748262
1632009600000,69.02,76.27,66.42,70.07,9524488.551,1632095999999,682471352.199357,1041226,4703991.66700000,337182251.31305700,0,2021-09-19 00:00:00+00:00,0.015098424712585025,0.01521298174442176,2.0436346695176275
1632096000000,70.06,70.45,55.0,57.33,15410116.45,1632182399999,955076944.9607,1249381,7642041.18000000,474010237.75510000,0,2021-09-20 00:00:00+00:00,-0.2006706954621511,-0.18181818181818177,2.155003486433864
1632182400000,57.34,66.24,52.55,58.98,15940591.44,1632268799999,963082835.4461,1236028,7965966.48000000,481617865.21800000,0,2021-09-21 00:00:00+00:00,0.028374356466838755,0.02878074306645728,2.1557557359708674
1632268800000,59.0,74.69,57.72,74.07,13033656.1,1632355199999,855939922.6208,1239279,6608588.23000000,433543785.20140000,0,2021-09-22 00:00:00+00:00,0.22781218863806768,0.25584944048830116,2.28009978876051
1632355200000,74.04,79.8,72.76,76.44,11366707.86,1632441599999,861656035.008667,1371889,5684513.62300000,430965207.33210700,0,2021-09-23 00:00:00+00:00,0.031495527346874545,0.03199675982179029,2.2052092684658877
1632441600000,76.43,78.86,66.59,72.31,11472906.45,1632527999999,825634622.9975,1166292,5850748.01000000,421160154.87850000,0,2021-09-24 00:00:00+00:00,-0.05554368718521172,-0.05402930402930395,2.107217178907179
1632528000000,72.3,72.6,67.5,68.28,4943069.71,1632614399999,346671054.9957,515569,2456810.29000000,172392182.26840000,0,2021-09-25 00:00:00+00:00,-0.05734553426062066,-0.055732263863919274,2.0742975876312917
1632614400000,68.28,71.44,61.59,66.77,6395395.4,1632700799999,425416235.9497,612229,3134208.14000000,208599900.70110000,0,2021-09-26 00:00:00+00:00,-0.022363020056462516,-0.022114821323960254,1.9771954228007065
1632700800000,66.77,72.69,65.31,66.33,5974772.52,1632787199999,414345004.839,662188,3014841.64000000,209146188.33640000,0,2021-09-27 00:00:00+00:00,-0.006611594332312818,-0.00658978583196046,1.977797973269522
1632787200000,66.34,69.44,61.11,61.51,4765761.77,1632873599999,312378413.1031,441886,2363123.99000000,154873856.13290000,0,2021-09-28 00:00:00+00:00,-0.07544252031718772,-0.07266696818935625,1.9863518474253394
1632873600000,61.51,69.5,61.26,65.46,6780246.71,1632959999999,440348766.5383,653135,3496771.66000000,227162127.51370000,0,2021-09-29 00:00:00+00:00,0.06223950585275742,0.0642172004552104,1.9257815804591274
1632960000000,65.46,68.91,64.28,66.63,5085384.45,1633046399999,336103596.2054,449522,2619412.83000000,173139474.75300000,0,2021-09-30 00:00:00+00:00,0.017715657501411387,0.01787351054078834,1.912237817698407
1633046400000,66.64,69.58,63.12,67.67,6973676.03,1633132799999,466411655.7906,704231,3567141.57000000,238585750.38620000,0,2021-10-01 00:00:00+00:00,0.015488023669688482,0.015608584721596985,1.9018855776017658
1633132800000,67.66,73.41,65.8,69.08,6536616.52,1633219199999,453535406.4539,762679,3315140.22000000,229964078.80790000,0,2021-10-02 00:00:00+00:00,0.020622303034343703,0.020836411999408888,1.868897058859896
1633219200000,69.09,71.61,67.55,68.69,4467356.39,1633305599999,312043278.0175,505721,2236690.23000000,156259945.84680000,0,2021-10-03 00:00:00+00:00,-0.005661625052687636,-0.005645628257093249,1.8619302534582929
1633305600000,68.69,68.76,63.3,65.29,4826593.69,1633391999999,319552435.7766,524920,2336444.88000000,154697459.05340000,0,2021-10-04 00:00:00+00:00,-0.05076474302724806,-0.0494977434852234,1.87451092355038
1633392000000,65.26,66.78,62.7,64.6,3831519.71,1633478399999,248341576.1326,404791,1881313.00000000,121977100.47740000,0,2021-10-05 00:00:00+00:00,-0.010624474409986175,-0.010568234032777069,1.875602004599388
1633478400000,64.6,65.76,58.16,60.01,5068720.14,1633564799999,311318968.6329,502430,2441487.53000000,150010223.93650000,0,2021-10-06 00:00:00+00:00,-0.07370319578713469,-0.07105263157894737,1.895192200801189
1633564800000,60.0,62.29,57.39,61.52,4761648.55,1633651199999,284932245.8332,507118,2411354.51000000,144273240.31060000,0,2021-10-07 00:00:00+00:00,0.02485111019596715,0.0251624729211799,1.713449265955239
1633651200000,61.53,64.94,59.76,60.51,4392451.39,1633737599999,275489109.8078,477094,2159522.93000000,135401089.55340000,0,2021-10-08 00:00:00+00:00,-0.016553684563158564,-0.016417425227568394,1.7112031113199118
1633737600000,60.52,62.04,59.7,60.63,1985268.84,1633823999999,120928905.5406,188297,983810.89000000,59926952.91650000,0,2021-10-09 00:00:00+00:00,0.001981179449409357,0.001983143282102251,1.6867754349020425
1633824000000,60.63,61.01,55.39,56.51,2515959.37,1633910399999,148339876.3637,266235,1188574.61000000,70150873.91550000,0,2021-10-10 00:00:00+00:00,-0.07037220644188741,-0.06795315850239159,1.5847843698551685
1633910400000,56.5,59.23,53.76,55.3,3407191.2,1633996799999,192868511.7575,278824,1766737.18000000,99936392.99570000,0,2021-10-11 00:00:00+00:00,-0.021644705113462878,-0.021412139444346168,1.5028267082231876
1633996800000,55.3,55.31,51.04,54.34,4070051.4,1634083199999,216938819.8222,329753,2006304.69000000,106921597.86610000,0,2021-10-12 00:00:00+00:00,-0.017512304530087317,-0.017359855334538765,1.497197597166148
1634083200000,54.33,57.09,53.23,55.01,3632007.14,1634169599999,200467343.6212,308283,1813802.70000000,100109627.06460000,0,2021-10-13 00:00:00+00:00,0.012254382889164923,0.012329775487670114,1.4487606697550746
1634169600000,55.0,58.46,54.92,56.18,3000941.32,1634255999999,170145411.6033,279737,1442075.65000000,81755187.37620000,0,2021-10-14 00:00:00+00:00,0.02104583478873091,0.021268860207235063,1.4454366809272405
1634256000000,56.18,57.61,54.44,56.36,2963326.33,1634342399999,165216496.137,270204,1420902.76000000,79228894.77340000,0,2021-10-15 00:00:00+00:00,0.0031988653543818324,0.003203987184051238,1.3865999929587352
1634342400000,56.33,62.11,55.68,57.61,3914987.29,1634428799999,231345309.9484,432902,1944547.20000000,115010594.77800000,0,2021-10-16 00:00:00+00:00,0.021936476713812207,0.022178850248403048,1.2706906702051555
1634428800000,57.62,58.55,53.27,56.1,2134508.3,1634515199999,120837657.8891,201480,1047846.64000000,59310954.82900000,0,2021-10-17 00:00:00+00:00,-0.026560351215641084,-0.026210727304287418,1.2633511834696256
1634515200000,56.11,56.46,54.05,55.48,1553173.47,1634601599999,85853005.2004,136860,764157.83000000,42233902.14110000,0,2021-10-18 00:00:00+00:00,-0.011113217082019844,-0.011051693404634633,1.2630771840649981
1634601600000,55.47,58.1,55.12,56.8,1873629.97,1634687999999,106037197.7897,181723,925229.08000000,52361951.25900000,0,2021-10-19 00:00:00+00:00,0.02351373028047477,0.023792357606344572,1.2652928119222016
1634688000000,56.81,61.64,56.7,59.66,2707834.23,1634774399999,158948106.6834,316839,1352892.52000000,79413401.81360000,0,2021-10-20 00:00:00+00:00,0.04912545335949689,0.05035211267605644,1.0688022956095662
1634774400000,59.66,64.35,58.78,61.48,3959021.69,1634860799999,243518064.3992,541923,1969864.90000000,121227494.51270000,0,2021-10-21 00:00:00+00:00,0.030050139583792726,0.030506201810258204,1.0693518726129714
1634860800000,61.48,68.83,61.36,65.54,5522607.5,1634947199999,362476810.848,791026,2755981.17000000,180871092.02030000,0,2021-10-22 00:00:00+00:00,0.06394872460027351,0.0660377358490567,0.7322723224356704
1634947200000,65.54,69.18,64.51,65.38,2978489.66,1635033599999,197843936.3295,400236,1480517.43000000,98343976.24020000,0,2021-10-23 00:00:00+00:00,-0.0024442419746040903,-0.0024412572474825645,0.7210029493576253
1635033600000,65.39,67.61,61.94,64.53,2184761.84,1635119999999,141733731.8693,269881,1075041.56000000,69751600.37510000,0,2021-10-24 00:00:00+00:00,-0.013086169348316124,-0.013000917711838422,0.6985574245360235
1635120000000,64.53,69.9,64.35,69.73,2270486.65,1635206399999,151807987.9515,350486,1151803.94000000,77056263.02800000,0,2021-10-25 00:00:00+00:00,0.07750040928517093,0.08058267472493408,0.726250889316796
1635206400000,69.74,73.01,67.61,68.66,3840473.4,1635292799999,271666008.6071,600928,1967185.95000000,139162687.82950000,0,2021-10-26 00:00:00+00:00,-0.015463853203373477,-0.015344901763946761,0.7238881581303045
1635292800000,68.68,69.82,57.02,61.57,4273308.61,1635379199999,270961725.0828,521106,2098837.27000000,132978162.29070000,0,2021-10-27 00:00:00+00:00,-0.10899204910642724,-0.10326245266530731,0.8191331659312513
1635379200000,61.58,64.98,61.44,64.34,2484514.38,1635465599999,157045788.6442,295480,1252581.25000000,79219084.85660000,0,2021-10-28 00:00:00+00:00,0.044006782887761595,0.04498944291050844,0.79069328529348
1635465600000,64.34,66.19,63.43,64.87,1513107.96,1635551999999,98234754.8459,191656,742797.37000000,48235154.05020000,0,2021-10-29 00:00:00+00:00,0.008203745414083707,0.008237488343176835,0.760329885106965
1635552000000,64.87,64.96,60.89,62.35,1483432.23,1635638399999,93282368.9957,163046,740509.38000000,46568993.80720000,0,2021-10-30 00:00:00+00:00,-0.0396215950989186,-0.038846924618467726,0.7694772795252544
1635638400000,62.33,64.5,60.09,64.5,1531085.26,1635724799999,95846366.2233,203026,776480.45000000,48612563.31320000,0,2021-10-31 00:00:00+00:00,0.033901551675681416,0.034482758620689724,0.7774478519839827
1635724800000,64.5,66.85,62.19,64.93,2515107.85,1635811199999,163029154.0346,349757,1237174.46000000,80216261.71140000,0,2021-11-01 00:00:00+00:00,0.006644542718668732,0.006666666666666821,0.7739402526587507
1635811200000,64.94,68.04,64.26,67.74,1746644.56,1635897599999,115527073.8785,276001,864642.19000000,57212567.40080000,0,2021-11-02 00:00:00+00:00,0.042367080869230044,0.04327737563529932,0.7891140349761047
1635897600000,67.75,75.57,67.09,75.55,4504183.21,1635983999999,323636741.7245,873404,2351662.36000000,169188250.50050000,0,2021-11-03 00:00:00+00:00,0.10911784132912301,0.1152937702981991,0.8551430628083233
1635984000000,75.56,80.91,73.91,78.97,4700338.465,1636070399999,365119419.932956,922503,2467088.67900000,191722819.96457600,0,2021-11-04 00:00:00+00:00,0.04427334479074114,0.04526803441429528,0.8640207538368996
1636070400000,78.96,81.0,72.13,74.19,2367154.9,1636156799999,181860826.7275,429939,1227654.53000000,94371573.19250000,0,2021-11-05 00:00:00+00:00,-0.062438663308055066,-0.060529314929720135,0.8516327289333868
1636156800000,74.19,78.72,72.32,78.72,1708791.07,1636243199999,128788048.0346,324528,887700.33000000,66975252.21520000,0,2021-11-06 00:00:00+00:00,0.05926788254256339,0.0610594419733117,0.868961502425252
1636243200000,78.7,88.88,78.0,87.57,4847020.516,1636329599999,409094905.986622,1142243,2579192.10800000,217667699.96225200,0,2021-11-07 00:00:00+00:00,0.10654122079013499,0.11242378048780477,0.9288115190186556
1636329600000,87.56,96.92,83.61,91.18,6890764.661,1636415999999,630273009.147919,1487957,3556897.87100000,325689964.10011900,0,2021-11-08 00:00:00+00:00,0.040397101251162436,0.041224163526321966,0.9330848702523397
1636416000000,91.18,91.49,87.0,88.33,2716240.59,1636502399999,242197974.2358,531304,1356295.65000000,120951977.57640000,0,2021-11-09 00:00:00+00:00,-0.031755774028254614,-0.03125685457337146,0.8984221800578688
1636502400000,88.35,94.0,78.31,85.23,4363326.07,1636588799999,387688057.0591,846206,2177532.55000000,193772804.74000000,0,2021-11-10 00:00:00+00:00,-0.03572631622283454,-0.035095663987320225,0.9069315882432601
1636588800000,85.19,89.56,83.73,87.88,2085731.8,1636675199999,182214801.0188,397496,1057253.27000000,92358249.64050000,0,2021-11-11 00:00:00+00:00,0.030618762982203094,0.031092338378505113,0.9011229657995227
1636675200000,87.86,89.88,81.11,84.78,2247279.59,1636761599999,190900107.5021,438268,1137146.70000000,96636472.77340000,0,2021-11-12 00:00:00+00:00,-0.03591258159191832,-0.035275375512061835,0.9191410099250982
1636761600000,84.81,98.69,84.79,97.54,3519352.278,1636847999999,326031351.049076,956436,1819376.17300000,168549935.05465600,0,2021-11-13 00:00:00+00:00,0.14020288435741554,0.15050719509318244,1.0185513995724926
1636848000000,97.56,99.9,91.65,95.4,3548704.679,1636934399999,339169506.43396,742996,1733611.78000000,165957126.24304000,0,2021-11-14 00:00:00+00:00,-0.0221839718276657,-0.02193971703916342,1.0271281161793302
1636934400000,95.4,101.7,92.0,93.9,3770997.004,1637020799999,367311805.62845,825655,1905137.53400000,185737146.55495000,0,2021-11-15 00:00:00+00:00,-0.015848192240023616,-0.01572327044025157,1.0335300823291884
1637020800000,93.86,101.82,83.5,97.84,5618799.05,1637107199999,519762762.9634,1185528,2808076.43000000,260294461.80300000,0,2021-11-16 00:00:00+00:00,0.04110310516469957,0.0419595314164003,1.0251400155493378
1637107200000,97.8,110.0,91.5,107.63,7144221.098,1637193599999,724754711.624415,1664007,3746510.85400000,380456394.25503500,0,2021-11-17 00:00:00+00:00,0.09536592789728983,0.10006132461161066,1.0532687100429083
1637193600000,107.62,110.41,92.0,100.63,5656362.447,1637279999999,574610818.889144,1132789,2768983.93700000,281440812.63914400,0,2021-11-18 00:00:00+00:00,-0.06724899533096497,-0.06503762891387155,1.0983386713401482
1637280000000,100.54,112.35,95.89,111.93,4039089.13,1637366399999,426489727.93466,1021316,2065952.37000000,218309191.33186000,0,2021-11-19 00:00:00+00:00,0.10642325195593441,0.11229255689158313,1.1356276233281284
1637366400000,111.91,129.94,111.57,125.83,5546998.32,1637452799999,669094804.752146,1742540,2951885.42600000,356127778.68624600,0,2021-11-20 00:00:00+00:00,0.11705811370270035,0.12418475833109976,1.1839069388926806
1637452800000,125.86,147.0,123.23,128.47,7608661.934,1637539199999,1024944849.480954,2377963,4013521.55300000,540589320.92585400,0,2021-11-21 00:00:00+00:00,0.020763624439641727,0.020980688230151756,1.1750581839732765
1637539200000,128.52,145.0,125.76,134.84,6564376.0,1637625599999,894863160.3335,1934452,3293860.15000000,449223575.27310000,0,2021-11-22 00:00:00+00:00,0.04839347632234165,0.04958356036428735,1.174890908622571
1637625600000,134.84,136.49,121.75,123.83,4209995.63,1637711999999,545312344.8353,1053367,2078326.91000000,269031407.67210000,0,2021-11-23 00:00:00+00:00,-0.0851792331388528,-0.08165232868584993,1.2292845150169278
1637712000000,123.83,124.68,112.64,115.24,4577775.34,1637798399999,541093685.6977,954280,2367911.60000000,279982205.85620000,0,2021-11-24 00:00:00+00:00,-0.07189274701067949,-0.06936929661632885,1.2541672000383626
1637798400000,115.25,130.0,114.22,119.27,4680745.85,1637884799999,577389587.1607,1275487,2372497.33000000,292640502.29350000,0,2021-11-25 00:00:00+00:00,0.03437292037425003,0.03497049635543226,1.2500983395182652
1637884800000,119.25,119.87,101.31,104.27,4575826.59,1637971199999,500649893.4065,936325,2287974.37000000,250559024.36030000,0,2021-11-26 00:00:00+00:00,-0.13440614178907584,-0.12576507084765653,1.2853426805559032
1637971200000,104.3,118.0,103.22,113.52,2842064.96,1638057599999,316173642.0257,674302,1325823.74000000,147008025.74930000,0,2021-11-27 00:00:00+00:00,0.08499534405028547,0.08871199769828331,1.3037766463034155
1638057600000,113.55,113.97,100.57,110.42,3365794.57,1638143999999,362016044.424,769419,1797078.70000000,193147003.51080000,0,2021-11-28 00:00:00+00:00,-0.027687755995888626,-0.02730796335447494,1.3134665835124535
1638144000000,110.42,120.41,109.03,120.39,2516574.06,1638230399999,286230167.453,602880,1291437.00000000,146932539.40680000,0,2021-11-29 00:00:00+00:00,0.0864451960910364,0.09029161383807272,1.3177848090137854
1638230400000,120.39,124.8,114.0,120.41,3625461.85,1638316799999,435034335.8015,995002,1807920.24000000,217020839.58360000,0,2021-11-30 00:00:00+00:00,0.00016611295719247922,0.00016612675471372462,1.3191812729152095
1638316800000,120.42,127.41,117.25,119.65,3007063.68,1638403199999,371842650.4937,870375,1497863.61000000,185255974.08260000,0,2021-12-01 00:00:00+00:00,-0.006331771549745236,-0.006311768125570882,1.321708858884817
1638403200000,119.64,119.75,106.88,107.78,2475877.81,1638489599999,283945869.4038,572711,1212109.34000000,139033762.70230000,0,2021-12-02 00:00:00+00:00,-0.10447870184903169,-0.09920601755119096,1.3885175238697527
1638489600000,107.79,113.23,100.0,108.32,3316203.87,1638575999999,355634559.8607,720092,1673872.87000000,179644987.63700000,0,2021-12-03 00:00:00+00:00,0.004997696658614157,0.005010205975134463,1.3470191288387663
1638576000000,108.36,108.81,76.57,93.05,6768729.16,1638662399999,621549884.9684,1056013,3400406.42000000,312302604.21520000,0,2021-12-04 00:00:00+00:00,-0.15195282607570507,-0.14097119645494827,1.4572471826967166
1638662400000,93.02,95.5,82.55,86.35,3562051.48,1638748799999,314125316.6757,569060,1770802.26000000,156288691.45760000,0,2021-12-05 00:00:00+00:00,-0.07472817849557213,-0.0720042987641053,1.4650647063146234
1638748800000,86.34,94.9,77.0,92.97,5155977.54,1638835199999,439819665.4866,756721,2603185.86000000,222527500.43720000,0,2021-12-06 00:00:00+00:00,0.07386805587507901,0.07666473653734807,1.4727290727935463
1638835200000,92.93,96.62,88.0,89.57,2882225.85,1638921599999,268707936.5006,526949,1527575.52000000,142548147.95430000,0,2021-12-07 00:00:00+00:00,-0.037256417980662655,-0.036570936861353154,1.4335042721384221
1638921600000,89.54,93.22,86.0,93.19,1976726.13,1639007999999,177886851.2276,353013,997671.35000000,89851429.21860000,0,2021-12-08 00:00:00+00:00,0.039619977310460214,0.040415317628670344,1.4332363096924752
1639008000000,93.2,94.57,83.28,85.46,2603024.55,1639094399999,231828745.6526,423503,1258659.47000000,112051851.50720000,0,2021-12-09 00:00:00+00:00,-0.08659198958168525,-0.08294881425045608,1.461365558674786
1639094400000,85.41,91.78,80.22,80.61,3342367.08,1639180799999,288264849.1125,481767,1687411.03000000,145487749.88120000,0,2021-12-10 00:00:00+00:00,-0.058425718920369234,-0.05675169670021052,1.47025275527289
1639180800000,80.57,87.07,78.32,86.55,2324989.97,1639267199999,192503522.11,343696,1173947.72000000,97405342.43220000,0,2021-12-11 00:00:00+00:00,0.07109957032670873,0.07368812802381841,1.488178122964429
1639267200000,86.55,88.97,82.94,88.0,1544788.55,1639353599999,132574718.7587,259733,739352.14000000,63545793.49110000,0,2021-12-12 00:00:00+00:00,0.01661453285598822,0.01675332177931832,1.483721819214515
1639353600000,88.01,89.92,75.5,79.05,3604282.51,1639439999999,297920347.4361,529020,1800552.00000000,148808434.04220000,0,2021-12-13 00:00:00+00:00,-0.10725625082272543,-0.10170454545454544,1.4425203501113757
1639440000000,79.05,87.46,76.31,87.17,2973253.39,1639526399999,240732813.4588,437573,1501587.85000000,121624859.36920000,0,2021-12-14 00:00:00+00:00,0.0977796713680037,0.102719797596458,1.486648903706024
1639526400000,87.16,105.77,86.1,101.24,6449158.02,1639612799999,608721178.0181,1177681,3313792.42000000,313308554.81140000,0,2021-12-15 00:00:00+00:00,0.14963370065343862,0.16140874153952045,1.5779132580898558
1639612800000,101.28,110.0,98.0,98.21,4989316.02,1639699199999,521108640.6292,953252,2465651.89000000,257552856.30390000,0,2021-12-16 00:00:00+00:00,-0.030385892507240407,-0.029928881864875523,1.5756070949759173
1639699200000,98.23,116.1,98.14,110.81,6159186.26,1639785599999,661735819.1204,1279729,3056898.46000000,328541801.15960000,0,2021-12-17 00:00:00+00:00,0.1207089797785513,0.12829650748396304,1.5972194692357378
1639785600000,110.82,117.39,105.51,115.9,3442233.16,1639871999999,387451666.1496,759562,1766938.22000000,198790802.86850000,0,2021-12-18 00:00:00+00:00,0.04491072739747198,0.04593448244743259,1.5847895285944322
1639872000000,115.91,116.69,106.66,107.61,2140304.15,1639958399999,238953714.0242,450765,1037939.72000000,115881124.07960000,0,2021-12-19 00:00:00+00:00,-0.07421417013340514,-0.07152717860224334,1.5639862462132286
1639958400000,107.61,116.33,100.96,113.55,4463038.26,1640044799999,479899741.2311,871353,2230914.05000000,240128993.84850000,0,2021-12-20 00:00:00+00:00,0.05372968833926654,0.05519933091720097,1.51860132748914
1640044800000,113.52,123.97,110.59,123.24,3711910.2,1640131199999,436728554.5318,870925,1892680.66000000,222740873.99500000,0,2021-12-21 00:00:00+00:00,0.08189040517689973,0.08533685601056806,1.5455829419915976
1640131200000,123.23,127.32,115.55,116.69,2949493.16,1640217599999,361612835.4384,681019,1451052.03000000,178038443.08330000,0,2021-12-22 00:00:00+00:00,-0.05461282791045119,-0.05314832846478412,1.5455892437575476
1640217600000,116.68,125.06,116.22,121.4,2526919.7,1640303999999,305123263.3118,631183,1276280.06000000,154235684.47820000,0,2021-12-23 00:00:00+00:00,0.03957003280738196,0.04036335590024853,1.5250697550893904
1640304000000,121.45,124.57,113.19,114.94,2103167.74,1640390399999,253576727.4757,506250,1050295.07000000,126714229.36290000,0,2021-12-24 00:00:00+00:00,-0.05468062554580249,-0.05321252059308079,1.5161066692789649
1640390400000,114.95,116.93,112.0,115.01,1699906.82,1640476799999,195445144.1515,341094,872214.44000000,100346709.51230000,0,2021-12-25 00:00:00+00:00,0.0006088280248945642,0.0006090133982947776,1.5110133664807135
1640476800000,114.99,118.0,109.28,115.02,1883628.3,1640563199999,213934618.1505,414687,945157.73000000,107312750.69910000,0,2021-12-26 00:00:00+00:00,8.694518111803747e-05,8.694896095984284e-05,1.4325875798597796
1640563200000,115.06,120.96,113.23,113.85,1738245.11,1640649599999,203485615.8486,404877,876155.19000000,102626181.03610000,0,2021-12-27 00:00:00+00:00,-0.01022423377585954,-0.010172143974960912,1.4024026828893785
1640649600000,113.85,116.73,104.33,107.06,2819996.86,1640735999999,313337643.1528,644930,1400050.98000000,155575046.18190000,0,2021-12-28 00:00:00+00:00,-0.06149236754451336,-0.05963987703118134,1.4157258991812847
1640736000000,107.05,110.55,102.3,103.1,1941041.1,1640822399999,206638050.6716,452725,978519.37000000,104202606.31710000,0,2021-12-29 00:00:00+00:00,-0.03769003394232107,-0.03698860452082953,1.3850709416306237
1640822400000,103.1,105.4,98.25,101.75,1935135.51,1640908799999,198166564.1976,352551,956186.23000000,97962458.79000000,0,2021-12-30 00:00:00+00:00,-0.013180566700209824,-0.013094083414160962,1.3852063923020355
1640908800000,101.75,111.99,100.13,109.43,2472910.64,1640995199999,262031150.6383,514427,1234662.27000000,130983424.93390000,0,2021-12-31 00:00:00+00:00,0.07276625110764726,0.07547911547911546,1.4119086066400255
1640995200000,109.43,114.5,108.42,114.13,1211127.98,1641081599999,134625293.1149,330579,627028.08000000,69682559.16120000,0,2022-01-01 00:00:00+00:00,0.04205307413515697,0.042949830942154765,1.371249538044558
1641081600000,114.12,117.53,112.0,113.03,1157325.57,1641167999999,133181297.4319,349691,571906.88000000,65798375.30000000,0,2022-01-02 00:00:00+00:00,-0.009684879362868862,-0.009638131954788354,1.3717894506617647
1641168000000,113.02,114.13,106.01,108.11,1518111.91,1641254399999,167515698.0232,345835,749520.19000000,82747432.91740000,0,2022-01-03 00:00:00+00:00,-0.044504042897959714,-0.043528266831814544,1.2678494666721556
1641254400000,108.11,109.28,102.78,103.33,1646729.79,1641340799999,174879133.658,328774,819205.64000000,87024270.37730000,0,2022-01-04 00:00:00+00:00,-0.045221477078416505,-0.044214226251040656,1.2485256603852812
1641340800000,103.33,106.66,90.4,97.42,2277529.75,1641427199999,229006153.2146,432956,1105592.65000000,111345657.28380000,0,2022-01-05 00:00:00+00:00,-0.05889622184786694,-0.057195393399787076,1.243544064419182
1641427200000,97.42,97.97,91.04,95.11,1633034.05,1641513599999,154100385.5946,335865,829152.97000000,78263146.33380000,0,2022-01-06 00:00:00+00:00,-0.023997411884102482,-0.02371176349825499,1.2391875749177788
1641513600000,95.1,95.54,85.0,86.74,2602084.56,1641599999999,231122016.7206,485254,1326211.24000000,117787846.29440000,0,2022-01-07 00:00:00+00:00,-0.09211897808707402,-0.08800336452528656,1.273572460736208
1641600000000,86.74,89.64,79.18,83.9,2469062.48,1641686399999,208857798.7483,365452,1243591.56000000,105218687.71420000,0,2022-01-08 00:00:00+00:00,-0.033289524934059525,-0.032741526400737686,1.2424077991587248
1641686400000,83.87,91.88,82.46,89.33,1808479.57,1641772799999,157649981.2527,309607,904359.36000000,78809391.85350000,0,2022-01-09 00:00:00+00:00,0.06271176424058712,0.06471990464839084,1.243313324544282
1641772800000,89.32,92.4,80.1,84.36,2836094.17,1641859199999,241549190.7815,437854,1396821.62000000,118895540.55900000,0,2022-01-10 00:00:00+00:00,-0.05724402210317385,-0.05563640434344563,1.2359599682806282
1641859200000,84.42,91.0,83.21,89.59,1431317.89,1641945599999,124662083.4588,253209,724299.27000000,63136233.75840000,0,2022-01-11 00:00:00+00:00,0.060150350998913193,0.06199620673304884,1.2529171828131536
1641945600000,89.57,96.89,88.8,95.94,1757081.56,1642031999999,164578221.1237,339803,915368.40000000,85751313.16380000,0,2022-01-12 00:00:00+00:00,0.0684792894644308,0.07087844625516238,1.2117903064723776
1642032000000,95.95,97.26,89.08,89.65,1429888.43,1642118399999,133587226.4839,298322,681431.43000000,63752563.80820000,0,2022-01-13 00:00:00+00:00,-0.06780979602277587,-0.06556180946424839,1.192214633058355
1642118400000,89.65,91.77,87.23,90.39,1200068.6,1642204799999,107669260.0278,208567,621130.77000000,55749088.88610000,0,2022-01-14 00:00:00+00:00,0.008220441759177627,0.008254322364751765,1.065531249756514
1642204800000,90.4,94.44,89.47,92.98,914689.68,1642291199999,83986168.0084,176610,484602.03000000,44514246.83670000,0,2022-01-15 00:00:00+00:00,0.02825077445211923,0.028653612125235206,1.0667314738883213
1642291200000,92.98,94.9,91.8,92.24,967418.87,1642377599999,90134788.7386,179015,507799.57000000,47338244.66090000,0,2022-01-16 00:00:00+00:00,-0.007990540301635147,-0.007958700795870133,0.9708098119806648
1642377600000,92.25,92.5,85.34,86.67,1328305.0,1642463999999,117439344.8544,236491,667711.18000000,59054225.37380000,0,2022-01-17 00:00:00+00:00,-0.062286072814549905,-0.06038594969644395,0.9719028813242356
1642464000000,86.67,87.41,83.7,86.0,1041520.48,1642550399999,89047242.5278,172814,530115.81000000,45340415.31680000,0,2022-01-18 00:00:00+00:00,-0.00776050689274581,-0.007730471904926706,0.9436015365906745
1642550400000,86.03,86.38,81.08,82.61,1139560.79,1642636799999,95386563.9079,184307,593158.35000000,49644303.21810000,0,2022-01-19 00:00:00+00:00,-0.04021655767909378,-0.03941860465116276,0.9235973522559802
1642636800000,82.58,87.8,78.68,79.33,1225812.76,1642723199999,103096137.4818,215550,607308.30000000,51159732.27550000,0,2022-01-20 00:00:00+00:00,-0.040514371260502405,-0.03970463624258569,0.8662154414396688
1642723200000,79.32,80.38,63.93,66.06,3392205.59,1642809599999,245692803.7336,462923,1711162.63000000,124076163.00580000,0,2022-01-21 00:00:00+00:00,-0.18305294735126795,-0.16727593596369594,1.03929646084518
1642809600000,66.03,67.54,52.95,59.78,5109157.94,1642895999999,304793609.7359,571890,2547684.77000000,152210697.83590000,0,2022-01-22 00:00:00+00:00,-0.09989226310685179,-0.0950650923402967,1.054173339976494
1642896000000,59.81,66.88,59.02,64.83,2926022.98,1642982399999,184024003.363,346910,1527924.27000000,96088013.09080000,0,2022-01-23 00:00:00+00:00,0.08109730233111248,0.08447641351622615,1.108783312749459
1642982400000,64.8,64.83,55.14,63.06,3701249.83,1643068799999,219436865.3757,442835,1855845.50000000,109967550.95590000,0,2022-01-24 00:00:00+00:00,-0.027681805069989438,-0.027302174919018873,1.106847386012531
1643068800000,63.0,70.53,61.65,68.01,2702688.81,1643155199999,177636701.6966,347292,1421002.13000000,93412699.69450000,0,2022-01-25 00:00:00+00:00,0.0755680990706327,0.07849666983824943,1.154406631070704
1643155200000,68.01,73.5,64.39,65.87,3400732.97,1643241599999,234514414.3631,446906,1725739.00000000,119073062.02800000,0,2022-01-26 00:00:00+00:00,-0.03197165053494577,-0.031465960888104716,1.155169967088956
1643241600000,65.87,67.96,61.06,64.7,2519156.06,1643327999999,161461952.3826,316293,1271800.12000000,81481603.55030000,0,2022-01-27 00:00:00+00:00,-0.017921901145746738,-0.017762258994990177,1.1445857613775972
1643328000000,64.68,67.5,61.71,67.01,1790400.08,1643414399999,115890537.6702,245292,926339.91000000,59996485.34960000,0,2022-01-28 00:00:00+00:00,0.03508066047822446,0.03570324574961359,1.1559483942864783
1643414400000,67.02,73.58,66.86,71.89,1662626.47,1643500799999,117157264.5093,240922,879790.44000000,62003908.12800000,0,2022-01-29 00:00:00+00:00,0.07029531101070075,0.07282495149977608,1.1930964280596053
1643500800000,71.91,72.39,66.85,67.96,1307594.65,1643587199999,91110546.7317,162101,661090.22000000,46080589.63390000,0,2022-01-30 00:00:00+00:00,-0.05621787619204894,-0.05466685213520661,1.1627716092421987
1643587200000,67.94,70.65,64.25,69.87,1747136.27,1643673599999,117666155.9848,204907,887073.89000000,59729749.85830000,0,2022-01-31 00:00:00+00:00,0.027717075760628197,0.028104767510300332,1.1548299981386139
1643673600000,69.9,73.87,68.47,73.33,1951093.27,1643759999999,138231722.0467,249796,987134.13000000,70003991.64270000,0,2022-02-01 00:00:00+00:00,0.04833342954134872,0.04952053814226409,1.176575882029329
1643760000000,73.32,74.86,67.43,67.79,2238866.41,1643846399999,159980250.017,270539,1135224.95000000,81050864.43760000,0,2022-02-02 00:00:00+00:00,-0.07855511066283383,-0.07554888858584474,1.1934076562597926
1643846400000,67.79,69.31,64.85,68.44,1792227.65,1643932799999,120496574.823,207929,881416.28000000,59239870.72270000,0,2022-02-03 00:00:00+00:00,0.009542757581118446,0.00958843487240002,1.191561314825666
1643932800000,68.44,77.95,67.43,77.77,2263149.96,1644019199999,165117581.125,314829,1131464.78000000,82438184.15220000,0,2022-02-04 00:00:00+00:00,0.12779830368285922,0.13632378725891292,1.2773549505543627
1644019200000,77.8,80.93,74.94,77.01,1700729.64,1644105599999,132702633.5855,265512,845414.47000000,65999176.51680000,0,2022-02-05 00:00:00+00:00,-0.009820469155693092,-0.009772405812009666,1.2760081818243951
1644105600000,77.01,79.15,74.1,78.93,1113858.87,1644191999999,85466391.7368,178658,604990.69000000,46392510.62470000,0,2022-02-06 00:00:00+00:00,0.02462610016915232,0.02493182703544994,1.2425720061749443
1644192000000,78.91,85.42,77.44,83.2,1879396.49,1644278399999,155038987.1721,343928,980086.66000000,80892337.15000000,0,2022-02-07 00:00:00+00:00,0.052685964106851724,0.0540985683517039,1.2524694575617106
1644278400000,83.23,95.5,81.65,86.34,5245827.4,1644364799999,460480912.0435,814942,2643485.48000000,232094615.78380000,0,2022-02-08 00:00:00+00:00,0.03704564230016846,0.03774038461538454,1.2393536183504463
1644364800000,86.35,92.03,84.34,90.05,1774621.17,1644451199999,157888513.4879,337877,877372.60000000,78083865.20080000,0,2022-02-09 00:00:00+00:00,0.042072081494633574,0.04296965485290705,1.2311503221181375
1644451200000,90.05,95.0,84.93,91.16,2654551.53,1644537599999,240120281.4114,527009,1329363.54000000,120283972.52220000,0,2022-02-10 00:00:00+00:00,0.012251132755518325,0.012326485285952149,1.2139782784531514
1644537600000,91.18,92.66,80.0,81.75,2422691.49,1644623999999,211677357.3397,400391,1186574.46000000,103828757.02610000,0,2022-02-11 00:00:00+00:00,-0.10895039460012074,-0.10322509872751207,1.246395080019017
1644624000000,81.76,84.8,78.65,81.31,2173440.39,1644710399999,177934028.1932,312675,1056802.94000000,86540947.17290000,0,2022-02-12 00:00:00+00:00,-0.0053967995576166,-0.005382262996941889,1.225863623947751
1644710400000,81.29,83.28,77.49,77.91,1168439.44,1644796799999,94204752.1317,187215,560543.98000000,45245487.25870000,0,2022-02-13 00:00:00+00:00,-0.04271469587697948,-0.04181527487393932,1.2327179617737787
1644796800000,77.93,82.6,76.14,81.86,1524047.88,1644883199999,121572615.579,224407,781993.12000000,62452359.27370000,0,2022-02-14 00:00:00+00:00,0.04945615672149028,0.0506995250930562,1.242090259006736
1644883200000,81.84,93.68,81.41,92.97,2301376.54,1644969599999,201963674.8756,385670,1167095.83000000,102621476.06630000,0,2022-02-15 00:00:00+00:00,0.12726638940350965,0.13571952113364283,1.3238657948222166
1644969600000,92.96,97.35,91.44,95.32,2885648.71,1645055999999,271746583.1222,580477,1464324.01000000,137995792.53110000,0,2022-02-16 00:00:00+00:00,0.02496279176277486,0.025276971065935294,1.3068526874202677
1645056000000,95.33,98.77,86.32,88.24,3177570.87,1645142399999,292577748.9156,611534,1521413.30000000,140133868.51640000,0,2022-02-17 00:00:00+00:00,-0.07717927728529435,-0.07427612253462024,1.3362622999064107
1645142400000,88.24,89.99,82.35,83.67,2364097.49,1645228799999,203097006.8269,373313,1186671.34000000,101981214.05680000,0,2022-02-18 00:00:00+00:00,-0.053179884637739684,-0.05179057116953756,1.3420300296263246
1645228800000,83.69,86.34,80.82,85.01,1584310.2,1645315199999,133206597.1289,268613,754588.17000000,63429238.53720000,0,2022-02-19 00:00:00+00:00,0.015888406321760206,0.016015298195291017,1.3347751227186366
1645315200000,85.01,85.73,76.56,77.37,1851608.12,1645401599999,147802271.9346,281004,890827.91000000,71036631.57240000,0,2022-02-20 00:00:00+00:00,-0.09416978806790441,-0.0898717797906129,1.2095549527082363
1645401600000,77.34,82.7,69.38,70.04,3597142.77,1645487999999,276892269.4802,444515,1790565.54000000,138008471.94130000,0,2022-02-21 00:00:00+00:00,-0.09953260114371197,-0.09473956313816723,1.2091619759303238
1645488000000,70.03,74.94,67.2,74.42,3024268.59,1645574399999,215588321.2794,314877,1530453.98000000,109036899.69130000,0,2022-02-22 00:00:00+00:00,0.06065821550082527,0.0625356938892061,1.1950511354141173
1645574400000,74.42,82.5,73.28,73.47,3483406.5,1645660799999,271858501.4036,434724,1729571.39000000,135001394.56170000,0,2022-02-23 00:00:00+00:00,-0.012847563286290373,-0.012765385649019079,1.1911215831305269
1645660800000,73.46,79.98,64.45,76.39,7820713.29,1645747199999,549303006.4641,823813,3925170.98000000,275835746.88230000,0,2022-02-24 00:00:00+00:00,0.03897463792108232,0.0397441132435008,1.1705319135421859
1645747200000,76.39,81.99,72.68,80.98,3877124.6,1645833599999,297496792.4161,478279,1977043.26000000,151763930.00760000,0,2022-02-25 00:00:00+00:00,0.058350413050746855,0.060086398743291136,1.1780932634479389
1645833600000,80.98,84.95,78.02,81.81,2805070.69,1645919999999,228083868.7707,390264,1391497.18000000,113195903.64230000,0,2022-02-26 00:00:00+00:00,0.010197274921591719,0.010249444307236288,1.1747193267548346
1645920000000,81.81,83.07,73.02,75.07,3334479.25,1646006399999,260467180.0454,476284,1642491.84000000,128367284.45180000,0,2022-02-27 00:00:00+00:00,-0.08597847394069592,-0.08238601637941578,1.2145793162180736
1646006400000,75.06,85.88,71.76,84.54,3896436.49,1646092799999,306286202.7246,480872,1992861.54000000,156832815.75760000,0,2022-02-28 00:00:00+00:00,0.11880378355373303,0.1261489276675105,1.258985651756114
1646092800000,84.54,90.8,83.48,86.89,4517499.99,1646179199999,393520657.331,644503,2277969.95000000,198601613.46970000,0,2022-03-01 00:00:00+00:00,0.027418155712470634,0.027797492311331773,1.2411361676348058
1646179200000,86.89,89.94,82.29,83.36,3048063.73,1646265599999,260108758.0945,398704,1523977.59000000,130101585.60570000,0,2022-03-02 00:00:00+00:00,-0.04147437284605783,-0.04062607895039705,1.2508625552600885
1646265600000,83.35,84.33,77.02,78.5,2971518.96,1646351999999,238658273.6765,344792,1475495.96000000,118435485.06590000,0,2022-03-03 00:00:00+00:00,-0.06006995321669402,-0.05830134357005756,1.261664526745853
1646352000000,78.5,82.24,74.92,75.79,3853710.64,1646438399999,302363088.1441,467766,1835199.65000000,144108264.17440000,0,2022-03-04 00:00:00+00:00,-0.035132266964424945,-0.03452229299363052,1.2354718080804985
1646438400000,75.78,78.74,73.27,76.68,1992002.84,1646524799999,151948773.5178,263839,978628.14000000,74677550.78020000,0,2022-03-05 00:00:00+00:00,0.011674560353505925,0.011742974007124873,1.2356206666619483
1646524800000,76.69,77.1,72.09,72.51,1936414.77,1646611199999,144793634.1433,206729,905669.09000000,67769764.63830000,0,2022-03-06 00:00:00+00:00,-0.055916434793942475,-0.054381846635367825,1.1678666640466822
1646611200000,72.51,76.53,70.35,71.69,2451038.1,1646697599999,178997962.3482,277344,1190390.60000000,86983515.56310000,0,2022-03-07 00:00:00+00:00,-0.011373215518720574,-0.011308784995173182,1.168004487720041
1646697600000,71.67,76.62,71.19,73.0,3043774.1,1646783999999,222357599.3989,304966,1489249.14000000,108830546.88930000,0,2022-03-08 00:00:00+00:00,0.018108173283610224,0.01827312037941131,1.1663273187081702
1646784000000,73.02,80.44,72.34,77.63,3319070.88,1646870399999,258132353.5327,337710,1678171.90000000,130592246.08340000,0,2022-03-09 00:00:00+00:00,0.0614945092691978,0.06342465753424653,1.1719739210354094
1646870400000,77.6,79.0,71.5,73.93,2525259.61,1646956799999,186714442.8532,284461,1241056.42000000,91706734.65930000,0,2022-03-10 00:00:00+00:00,-0.048835250848580085,-0.0476619863454848,1.173958581868637
1646956800000,73.93,76.97,70.79,71.22,3182516.66,1647043199999,235440597.1521,345943,1592097.65000000,117792880.38380000,0,2022-03-11 00:00:00+00:00,-0.03734502171937708,-0.036656296496686114,1.1663907139232772
1647043200000,71.23,73.62,70.67,70.94,1178080.64,1647129599999,84879095.2408,131599,591968.66000000,42643962.51870000,0,2022-03-12 00:00:00+00:00,-0.003939228504155936,-0.00393147992137044,1.1642493875159101
1647129600000,70.93,71.99,67.21,67.94,1213188.75,1647215999999,85166976.6884,149309,586840.58000000,41212345.48180000,0,2022-03-13 00:00:00+00:00,-0.04320948661303787,-0.04228925852833376,1.114269084255621
1647216000000,67.92,71.5,65.55,68.97,2929390.22,1647302399999,198926453.3651,295785,1477179.27000000,100218140.16660000,0,2022-03-14 00:00:00+00:00,0.015046664710762096,0.015160435678539974,1.1167261767325807
1647302400000,68.97,72.24,66.04,69.82,2272701.89,1647388799999,157179065.5529,246523,1095524.00000000,75725585.44010000,0,2022-03-15 00:00:00+00:00,0.01224887423369007,0.012324198927069707,1.1101014526384563
1647388800000,69.82,74.72,68.07,74.08,2655390.64,1647475199999,189099000.2561,312483,1322987.42000000,94329992.97520000,0,2022-03-16 00:00:00+00:00,0.05922508866103408,0.0610140360928102,1.1164885261863042
1647475200000,74.07,81.73,73.16,79.4,3601064.66,1647561599999,282934334.3608,439260,1869326.38000000,146900048.10700000,0,2022-03-17 00:00:00+00:00,0.0693527779151661,0.07181425485961124,1.0473626103307365
1647561600000,79.4,86.95,76.48,85.71,3592188.77,1647647999999,293299235.7741,480240,1820121.99000000,148734170.42810000,0,2022-03-18 00:00:00+00:00,0.07647113665770129,0.07947103274559186,1.0809410523217677
1647648000000,85.72,92.39,85.58,89.53,3285297.07,1647734399999,292078254.5407,450713,1686056.42000000,149943499.59880000,0,2022-03-19 00:00:00+00:00,0.04360425973527325,0.04456889511142226,1.059264951123412
1647734400000,89.54,89.98,84.26,84.84,2817986.41,1647820799999,245565144.812,322188,1346435.35000000,117369528.30340000,0,2022-03-20 00:00:00+00:00,-0.053806634949582925,-0.05238467552775605,1.0596667673445668
1647820800000,84.87,92.5,83.02,86.25,4199445.72,1647907199999,368983120.2509,522479,2100496.06000000,184562453.65710000,0,2022-03-21 00:00:00+00:00,0.016482926214987485,0.016619519094766666,1.0597777166825082
1647907200000,86.24,89.89,83.7,83.98,3258174.08,1647993599999,283815485.5093,405427,1594676.33000000,139068857.51000000,0,2022-03-22 00:00:00+00:00,-0.0266713806554219,-0.026318840579710123,1.008829381395994
1647993600000,83.97,87.3,82.21,86.0,2633332.52,1648079999999,223267532.1525,295059,1289059.38000000,109292655.14730000,0,2022-03-23 00:00:00+00:00,0.023768620997460386,0.02405334603477005,0.9409033291091019
1648080000000,85.99,88.3,83.63,87.56,2936844.44,1648166399999,253138344.2266,320951,1428458.32000000,123090564.08610000,0,2022-03-24 00:00:00+00:00,0.017976976401154525,0.018139534883720998,0.9217614107470871
1648166400000,87.57,87.8,82.25,83.54,2533187.45,1648252799999,216075919.2775,284452,1176032.43000000,100333197.99300000,0,2022-03-25 00:00:00+00:00,-0.04699871358563284,-0.04591137505710363,0.9378369266630651
1648252800000,83.54,86.74,82.46,85.86,1350476.61,1648339199999,114857398.1833,148804,679348.63000000,57789544.83860000,0,2022-03-26 00:00:00+00:00,0.02739250372738511,0.027771127603543055,0.9333035132222518
1648339200000,85.87,89.99,84.4,89.88,1651306.21,1648425599999,143186147.4698,202321,841756.90000000,73078680.39340000,0,2022-03-27 00:00:00+00:00,0.045757384520713845,0.046820405310971314,0.9250528981139694
1648425600000,89.88,96.23,88.58,89.58,3900950.93,1648511999999,360373912.5381,529962,1978659.85000000,182983992.36360000,0,2022-03-28 00:00:00+00:00,-0.0033433665379743313,-0.0033377837116154163,0.9250203146373673
1648512000000,89.57,96.46,89.27,92.74,2945036.4,1648598399999,275198995.9314,408554,1442706.82000000,134865115.30500000,0,2022-03-29 00:00:00+00:00,0.03466779818416081,0.03527573118999783,0.8731876881298674
1648598400000,92.73,100.48,89.5,95.58,3528529.66,1648684799999,336542961.0929,521269,1791992.62000000,171112425.22170000,0,2022-03-30 00:00:00+00:00,0.03016371418669749,0.030623247789519192,0.7801842710649388
1648684800000,95.57,101.98,93.68,97.41,4416636.71,1648771199999,432476993.4168,697779,2160476.50000000,211602474.37970000,0,2022-03-31 00:00:00+00:00,0.018965281632852205,0.019146264908976862,0.7775560083590327
1648771200000,97.43,99.8,90.26,96.83,3360841.07,1648857599999,319999605.5586,486329,1656620.00000000,157793634.34310000,0,2022-04-01 00:00:00+00:00,-0.005972011159424518,-0.005954214146391523,0.7612221112593741
1648857600000,96.81,103.62,95.73,96.25,3326092.55,1648943999999,331193208.9511,509367,1645972.53000000,164025633.61410000,0,2022-04-02 00:00:00+00:00,-0.006007890455546064,-0.005989879169678747,0.7255869255506483
1648944000000,96.25,100.09,94.41,98.05,2729825.05,1649030399999,266967348.6056,331240,1316753.72000000,128857837.96440000,0,2022-04-03 00:00:00+00:00,0.018528579474461643,0.018701298701298663,0.7105461991004579
1649030400000,98.02,98.08,90.81,96.16,2600693.06,1649116799999,246731044.3401,299116,1246894.41000000,118333160.01340000,0,2022-04-04 00:00:00+00:00,-0.019464081855457876,-0.01927587965323818,0.7171123797916317
1649116800000,96.16,97.7,90.6,91.06,2436266.33,1649203199999,231181134.8174,345111,1133083.17000000,107587692.02660000,0,2022-04-05 00:00:00+00:00,-0.05449484088026137,-0.05303660565723789,0.7155443815971433
1649203200000,91.07,91.11,82.63,82.94,3526547.24,1649289599999,306773293.5584,458964,1632246.93000000,141983286.32790000,0,2022-04-06 00:00:00+00:00,-0.09340117508840087,-0.08917197452229308,0.7956322930483376
1649289600000,82.94,88.66,81.34,87.55,3392547.98,1649375999999,287533326.7425,463282,1645649.31000000,139534876.50120000,0,2022-04-07 00:00:00+00:00,0.054092603913625574,0.05558234868579692,0.8128877687961972
1649376000000,87.56,90.56,82.69,83.66,3189742.2,1649462399999,279883276.9184,452858,1563517.49000000,137242865.97310000,0,2022-04-08 00:00:00+00:00,-0.045449092717808545,-0.04443175328383786,0.8066598865850785
1649462400000,83.66,85.56,81.88,84.55,1368929.8,1649548799999,114362501.9627,208349,650494.40000000,54397033.39010000,0,2022-04-09 00:00:00+00:00,0.010582109330537008,0.010638297872340496,0.7854185161090548
1649548800000,84.57,85.66,80.67,81.01,1119413.47,1649635199999,93634764.7743,183036,558711.80000000,46748019.89060000,0,2022-04-10 00:00:00+00:00,-0.042770471502189336,-0.041868716735659284,0.7892728874446294
1649635200000,81.0,81.54,72.73,74.35,3030700.6,1649721599999,232945107.7488,381289,1442278.13000000,110760776.36780000,0,2022-04-11 00:00:00+00:00,-0.08578893093623588,-0.08221207258363172,0.8493660349490186
1649721600000,74.35,79.5,73.88,76.31,2146833.6,1649807999999,164615852.7866,347797,1031564.70000000,79100729.53560000,0,2022-04-12 00:00:00+00:00,0.026020318395377766,0.026361802286482883,0.8376795515547221
1649808000000,76.32,80.65,75.8,80.2,1680567.89,1649894399999,131776613.7994,271729,841233.07000000,65953479.80800000,0,2022-04-13 00:00:00+00:00,0.049719523570926925,0.05097628095924511,0.8521071372673312
1649894400000,80.2,81.87,76.16,76.81,1741713.69,1649980799999,137665312.2971,246886,798430.22000000,63142606.94560000,0,2022-04-14 00:00:00+00:00,-0.043188674861878225,-0.04226932668329175,0.8679876157277018
1649980800000,76.8,78.53,74.75,77.43,1318038.23,1650067199999,101105439.9883,168686,579056.01000000,44444328.29490000,0,2022-04-15 00:00:00+00:00,0.008039462388041665,0.008071865642494513,0.8444330762586449
1650067200000,77.44,78.26,76.5,77.74,616267.4,1650153599999,47650208.097,79050,293310.69000000,22684624.77690000,0,2022-04-16 00:00:00+00:00,0.003995623025444772,0.004003616169443225,0.8083095516665213
1650153600000,77.74,78.68,75.08,75.42,776597.8,1650239999999,60068940.3263,106308,365348.23000000,28269883.03760000,0,2022-04-17 00:00:00+00:00,-0.030297433593866004,-0.029843066632364246,0.7646176714813262
1650240000000,75.41,77.95,71.5,77.73,1812465.17,1650326399999,135244038.9604,227384,882275.97000000,65886394.55090000,0,2022-04-18 00:00:00+00:00,0.030168791411917265,0.030628480509148792,0.7554121210290995
1650326400000,77.73,81.1,76.8,80.28,1467897.35,1650412799999,115958594.8008,184872,733643.18000000,57978762.86440000,0,2022-04-19 00:00:00+00:00,0.03227924068600911,0.03280586646082595,0.7445954623274155
1650412800000,80.27,81.31,77.46,78.21,1497709.36,1650499199999,118692630.0825,190828,685185.66000000,54329934.99570000,0,2022-04-20 00:00:00+00:00,-0.02612300731461747,-0.02578475336322883,0.7462273350717243
1650499200000,78.22,80.21,74.13,75.02,1363115.38,1650585599999,105975760.6861,179006,648379.69000000,50434479.32040000,0,2022-04-21 00:00:00+00:00,-0.04164277195977876,-0.04078762306610406,0.7539261224409468
1650585600000,75.01,77.22,73.33,74.03,1261738.35,1650671999999,94738870.0242,162494,570624.59000000,42848468.83160000,0,2022-04-22 00:00:00+00:00,-0.013284328198734171,-0.0131964809384163,0.747951500418736
1650672000000,74.04,74.42,72.35,72.83,865209.06,1650758399999,63820809.3641,107149,374668.61000000,27631323.85580000,0,2022-04-23 00:00:00+00:00,-0.016342458225183244,-0.016209644738619522,0.7442548625490415
1650758400000,72.84,73.49,71.0,71.51,671237.21,1650844799999,48552622.7974,108363,321318.54000000,23255990.26920000,0,2022-04-24 00:00:00+00:00,-0.01829065816951908,-0.018124399286008397,0.7310374870408839
1650844800000,71.5,72.99,67.36,72.88,2017379.58,1650931199999,140782638.1526,269381,973417.20000000,67978808.28370000,0,2022-04-25 00:00:00+00:00,0.01897695289139817,0.01915815969794421,0.7268952437860268
1650931200000,72.9,73.18,67.5,68.7,1568050.0,1651017599999,109748648.9387,200668,727354.00000000,50978025.06860000,0,2022-04-26 00:00:00+00:00,-0.05906505372339912,-0.05735455543358936,0.7258841896337269
1651017600000,68.7,71.98,68.32,69.86,1173322.27,1651103999999,82190463.9659,176262,568502.91000000,39829169.58170000,0,2022-04-27 00:00:00+00:00,0.016744040150382104,0.016885007278020225,0.7312017187995488
1651104000000,69.86,70.76,66.65,67.26,1530116.95,1651190399999,104965042.1057,186555,719575.25000000,49395585.31910000,0,2022-04-28 00:00:00+00:00,-0.037927533066562324,-0.03721729172630972,0.7213029482314485
1651190400000,67.26,67.99,62.2,63.4,1419116.89,1651276799999,92784258.176,180079,668345.99000000,43673499.02330000,0,2022-04-29 00:00:00+00:00,-0.05910184486894338,-0.0573892358013679,0.7248355437639605
1651276800000,63.4,64.65,55.05,56.98,2393352.67,1651363199999,143451300.1155,221535,1132563.94000000,67903361.00060000,0,2022-04-30 00:00:00+00:00,-0.10676353237341807,-0.1012618296529969,0.7838268334615494
1651363200000,56.98,61.14,56.27,58.77,2344079.85,1651449599999,137544274.0884,266367,1142880.38000000,67080671.40890000,0,2022-05-01 00:00:00+00:00,0.030931191554796966,0.031414531414531544,0.8012553686748997
1651449600000,58.74,62.46,56.74,60.34,2855611.45,1651535999999,169730688.5769,300423,1380364.76000000,82076775.75590000,0,2022-05-02 00:00:00+00:00,0.02636371310635593,0.026714310022120102,0.8145103280455784
1651536000000,60.34,62.55,58.12,59.63,1686585.01,1651622399999,101966304.5711,177566,809460.98000000,48954899.24210000,0,2022-05-03 00:00:00+00:00,-0.011836430595900466,-0.011766655618163702,0.8053479178317142
1651622400000,59.63,67.64,59.3,67.27,2409142.35,1651708799999,152081544.433,267842,1255274.06000000,79216489.54750000,0,2022-05-04 00:00:00+00:00,0.1205555689024997,0.12812342780479602,0.9364528866262816
1651708800000,67.28,69.52,56.51,59.04,4442154.36,1651795199999,273638039.0786,431253,2118662.50000000,130526048.23980000,0,2022-05-05 00:00:00+00:00,-0.13049919174529728,-0.12234279768098699,1.0142488103730922
1651795200000,59.04,59.4,55.0,57.0,2822758.39,1651881599999,161307181.2507,284331,1381744.23000000,78967963.87660000,0,2022-05-06 00:00:00+00:00,-0.035163912457666896,-0.03455284552845528,0.9768392926129448
1651881600000,57.0,57.53,53.24,55.04,1898625.35,1651967999999,106516306.6821,183317,933518.05000000,52382139.87450000,0,2022-05-07 00:00:00+00:00,-0.03499107420946197,-0.03438596491228074,0.9494381822520297
1651968000000,55.05,55.47,50.63,51.62,3163317.55,1652054399999,167049739.6492,295120,1520872.60000000,80294172.55160000,0,2022-05-08 00:00:00+00:00,-0.0641509993346205,-0.06213662790697683,0.9590624745532761
1652054400000,51.62,53.06,41.15,41.2,5783146.8,1652140799999,272639795.8991,558091,2765463.30000000,130316999.58880000,0,2022-05-09 00:00:00+00:00,-0.22547093793498704,-0.20185974428516074,1.19967652420531
1652140800000,41.2,50.32,40.0,44.58,6887935.36,1652227199999,312339162.4546,667736,3394896.01000000,154017065.60360000,0,2022-05-10 00:00:00+00:00,0.07884707160224204,0.08203883495145625,1.2496411513277637
1652227200000,44.58,46.25,26.11,31.17,12956731.613,1652313599999,461836384.185783,1182055,6294478.68000000,225535851.13680000,0,2022-05-11 00:00:00+00:00,-0.3578292341784769,-0.30080753701211294,1.7067936058306066
1652313600000,31.17,33.94,23.51,30.32,11602675.67,1652399999999,337685872.38066,857502,5774142.28000000,168118760.03300000,0,2022-05-12 00:00:00+00:00,-0.027648533005074857,-0.027269810715431553,1.6952545087810973
1652400000000,30.31,37.99,29.55,32.21,7405352.03,1652486399999,253666797.8129,528898,3764264.87000000,129063971.21820000,0,2022-05-13 00:00:00+00:00,0.06046940256893663,0.06233509234828505,1.7020791378704172
1652486400000,32.2,34.32,29.27,33.93,4033165.08,1652572799999,128006346.4611,332116,2053306.71000000,65219174.83810000,0,2022-05-14 00:00:00+00:00,0.05202261545303139,0.05339956535237511,1.7253218945269695
1652572800000,33.93,37.07,31.87,36.57,3611773.82,1652659199999,124438388.6452,332711,1811039.37000000,62422649.52730000,0,2022-05-15 00:00:00+00:00,0.07492865336515114,0.0778072502210434,1.758000081384789
1652659200000,36.56,36.56,31.4,32.56,4737925.3,1652745599999,157350704.4058,397953,2296091.70000000,76254188.42690000,0,2022-05-16 00:00:00+00:00,-0.11614369102695025,-0.10965272080940658,1.782825883829854
1652745600000,32.56,35.77,32.2,34.39,3323237.18,1652831999999,112815198.9734,285123,1561302.22000000,53014209.23630000,0,2022-05-17 00:00:00+00:00,0.05468128330983517,0.05620393120393108,1.8065362623888783
1652832000000,34.4,35.16,29.37,29.58,3400565.86,1652918399999,108263640.7651,267351,1634496.79000000,51996484.33040000,0,2022-05-18 00:00:00+00:00,-0.15066736716152124,-0.13986624018610072,1.8452517325964062
1652918400000,29.59,31.89,27.51,30.39,4763307.53,1653004799999,140996504.448,337233,2355840.87000000,69741044.45920000,0,2022-05-19 00:00:00+00:00,0.02701514964604801,0.02738336713995948,1.8430264066946915
1653004800000,30.39,31.93,27.83,28.8,4866371.46,1653091199999,145419041.6331,335700,2374706.29000000,71045424.09330000,0,2022-05-20 00:00:00+00:00,-0.05373821978680142,-0.052319842053306975,1.8443630280892036
1653091200000,28.8,30.61,28.19,29.89,2170197.88,1653177599999,63913906.5336,154638,1076287.42000000,31703254.76270000,0,2022-05-21 00:00:00+00:00,0.03714858915394617,0.03784722222222214,1.860285266311772
1653177600000,29.89,32.7,29.01,31.71,3775539.16,1653263999999,117042427.9258,231296,1862068.61000000,57684350.11110000,0,2022-05-22 00:00:00+00:00,0.05910811225440953,0.060889929742388826,1.8857657393048346
1653264000000,31.71,33.08,28.54,29.06,4621612.58,1653350399999,144511813.8621,323865,2305620.92000000,72139760.80570000,0,2022-05-23 00:00:00+00:00,-0.08726943040811914,-0.08356985178177234,1.8963223856700282
1653350400000,29.06,29.66,26.87,29.08,4251299.31,1653436799999,121105251.3119,217586,2142050.75000000,61006974.76870000,0,2022-05-24 00:00:00+00:00,0.0006879945231818285,0.0006882312456986117,1.8990296802921867
1653436800000,29.07,29.68,27.11,27.25,3491521.18,1653523199999,98072485.9182,172491,1657417.91000000,46626594.76000000,0,2022-05-25 00:00:00+00:00,-0.06499713155606546,-0.0629298486932599,1.894358684213039
1653523200000,27.25,28.03,22.84,23.43,7355985.5,1653609599999,182792709.9651,328080,3650714.24000000,90749282.07270000,0,2022-05-26 00:00:00+00:00,-0.15103626858954886,-0.14018348623853216,1.9370944054774504
1653609600000,23.42,23.88,21.35,22.58,7882719.859,1653695999999,177611133.2118,365323,4026929.82000000,90752893.92310000,0,2022-05-27 00:00:00+00:00,-0.0369526937981884,-0.0362782757148955,1.927774569125362
1653696000000,22.57,25.73,22.17,24.76,5080017.44,1653782399999,120720303.3218,243091,2522209.62000000,59986581.85950000,0,2022-05-28 00:00:00+00:00,0.09216488909487953,0.09654561558901698,1.9802290999459964
1653782400000,24.76,27.0,23.72,26.16,5201437.75,1653868799999,132561529.3274,241273,2608944.50000000,66502225.14590000,0,2022-05-29 00:00:00+00:00,0.05500207877260261,0.056542810985460434,2.001408504678719
1653868800000,26.16,28.48,25.32,27.71,6453169.48,1653955199999,175262406.7214,304571,3222388.30000000,87606508.95890000,0,2022-05-30 00:00:00+00:00,0.057561832285889084,0.05925076452599387,2.003647781779789
1653955200000,27.71,29.11,25.55,26.42,6372299.65,1654041599999,172488062.0101,297803,2962340.91000000,80269958.52560000,0,2022-05-31 00:00:00+00:00,-0.04767205978070776,-0.04655359076145793,1.9952511906513062
1654041600000,26.43,27.03,23.2,23.68,5323660.08,1654127999999,133858856.0081,241222,2646588.40000000,66579207.84440000,0,2022-06-01 00:00:00+00:00,-0.10949048907837441,-0.10370931112793347,2.0060616741099846
1654128000000,23.68,24.9,22.5,24.63,4487201.1,1654214399999,106529006.9129,184799,2206072.76000000,52433662.76150000,0,2022-06-02 00:00:00+00:00,0.03933440211664157,0.0401182432432432,2.0201623931955215
1654214400000,24.64,24.7,22.5,23.0,3150778.48,1654300799999,73290824.5599,164522,1526430.44000000,35486245.88260000,0,2022-06-03 00:00:00+00:00,-0.06847099620329687,-0.06617945594803087,1.949848463726098
1654300800000,23.0,24.67,22.14,24.57,2472290.13,1654387199999,57438768.4109,119287,1277894.32000000,29742911.34320000,0,2022-06-04 00:00:00+00:00,0.06603197060393805,0.06826086956521737,1.950184456091173
1654387200000,24.58,25.2,23.93,24.18,2624339.66,1654473599999,64475667.3673,125904,1323242.63000000,32523206.15620000,0,2022-06-05 00:00:00+00:00,-0.01600034134644119,-0.015873015873015928,1.950595205714147
1654473600000,24.18,27.79,24.05,25.99,5560470.13,1654559999999,146780541.0814,275037,2782435.14000000,73502730.64460000,0,2022-06-06 00:00:00+00:00,0.07218600346675226,0.0748552522746071,1.9817401598818145
1654560000000,26.0,26.21,23.12,24.6,7021609.51,1654646399999,171021518.2137,321648,3529455.57000000,85929841.79410000,0,2022-06-07 00:00:00+00:00,-0.054965405715081676,-0.0534821085032704,1.9797147967932733
1654646400000,24.6,25.45,23.72,24.5,3467088.16,1654732799999,84737930.3327,168920,1687566.47000000,41260765.94330000,0,2022-06-08 00:00:00+00:00,-0.004073325387635898,-0.004065040650406582,1.8430285516141713
1654732800000,24.51,25.38,23.72,24.41,3066998.4,1654819199999,75435070.6269,144149,1527330.73000000,37566226.10600000,0,2022-06-09 00:00:00+00:00,-0.003680233145812644,-0.003673469387755146,1.811029659614522
1654819200000,24.42,24.87,21.91,22.08,3881414.9,1654905599999,90397131.151,187424,1837242.36000000,42803746.55500000,0,2022-06-10 00:00:00+00:00,-0.1003206629959742,-0.09545268332650558,1.3774093320976826
1654905600000,22.07,23.02,19.67,19.9,4541127.87,1654991999999,95645982.682249,188689,2199160.51000000,46339826.74700000,0,2022-06-11 00:00:00+00:00,-0.1039524896784479,-0.09873188405797106,1.4139043763726042
1654992000000,19.91,20.16,17.21,17.29,8238012.468,1655078399999,152911830.37817,315278,4072881.01000000,75639550.01840000,0,2022-06-12 00:00:00+00:00,-0.1405914320352476,-0.13115577889447239,1.4539193967270263
1655078400000,17.29,17.5,14.58,16.11,14886625.66,1655164799999,235101972.787491,497675,7650817.15000000,120887171.67860000,0,2022-06-13 00:00:00+00:00,-0.07068810250631608,-0.06824754193175242,1.4395601186774376
1655164800000,16.11,17.3,14.67,16.55,9763946.74,1655251199999,158611041.4764,347574,4880853.48000000,79308252.08350000,0,2022-06-14 00:00:00+00:00,0.026945904634188868,0.027312228429546836,1.4070729095133874
1655251200000,16.55,18.48,14.55,18.31,10721989.07,1655337599999,172390936.9512,393023,5283116.77000000,85029529.92740000,0,2022-06-15 00:00:00+00:00,0.1010612568633474,0.10634441087613289,1.4364283335726744
1655337600000,18.31,18.72,15.5,15.79,6686483.0,1655423999999,111859275.7599,236844,3311793.99000000,55391993.41700000,0,2022-06-16 00:00:00+00:00,-0.14807053041886867,-0.13762971054068818,1.4786707720863785
1655424000000,15.8,16.74,15.5,15.99,3480673.4,1655510399999,56227284.3573,136259,1793128.94000000,28969871.11010000,0,2022-06-17 00:00:00+00:00,0.01258669857831225,0.012666244458518161,1.413573777803937
1655510400000,16.0,16.3,13.78,14.83,5914211.73,1655596799999,87923508.6931,210183,2947199.46000000,43849701.84240000,0,2022-06-18 00:00:00+00:00,-0.07531137069602215,-0.07254534083802378,1.415338537743843
1655596800000,14.83,16.42,13.71,16.16,5183939.46,1655683199999,78016826.9856,181930,2526122.20000000,38043590.60360000,0,2022-06-19 00:00:00+00:00,0.08588689694310851,0.08968307484828042,1.46135419572409
1655683200000,16.17,17.87,15.32,17.1,5578156.93,1655769599999,93633945.3689,197826,2789330.65000000,46889299.84430000,0,2022-06-20 00:00:00+00:00,0.056539410415664994,0.05816831683168333,1.4722992904743646
1655769600000,17.1,18.49,16.62,16.9,4574348.39,1655855999999,80277149.8105,189759,2282833.12000000,40066901.57740000,0,2022-06-21 00:00:00+00:00,-0.011764841579586483,-0.011695906432748648,1.445723672739454
1655856000000,16.91,17.41,15.97,16.09,4115611.37,1655942399999,68292203.5252,172541,1925205.78000000,31951174.27740000,0,2022-06-22 00:00:00+00:00,-0.04911566092473583,-0.047928994082840126,1.4297410985444163
1655942400000,16.08,18.4,16.03,18.29,4695733.0,1656028799999,82265599.4806,181608,2306472.45000000,40435513.17250000,0,2022-06-23 00:00:00+00:00,0.1281565013984824,0.13673088875077677,1.5189742124462227
1656028800000,18.29,20.95,17.98,20.47,5577636.08,1656115199999,109018936.5958,261729,2744884.02000000,53662489.64630000,0,2022-06-24 00:00:00+00:00,0.11260593727042387,0.11919081465281578,1.5714875050069708
1656115200000,20.47,21.68,19.86,21.36,3710311.2,1656201599999,77192072.3851,171835,1854675.72000000,38607719.56600000,0,2022-06-25 00:00:00+00:00,0.0425596144187959,0.04347826086956519,1.4953274707720525
1656201600000,21.37,22.05,19.6,19.73,3449424.73,1656287999999,72295384.4001,155279,1665804.57000000,34984625.07210000,0,2022-06-26 00:00:00+00:00,-0.0793796940574701,-0.07631086142322097,1.5146211058427652
1656288000000,19.73,21.39,19.18,19.32,3808707.61,1656374399999,76891888.1857,160142,1874207.70000000,37813759.07420000,0,2022-06-27 00:00:00+00:00,-0.020999491250152096,-0.0207805372529144,1.4746291667636224
1656374400000,19.33,20.53,17.99,18.12,4832850.59,1656460799999,93501229.3031,174659,2251228.06000000,43614310.10340000,0,2022-06-28 00:00:00+00:00,-0.06412452816953867,-0.06211180124223603,1.4688284580383215
1656460800000,18.11,18.68,17.18,17.79,3932196.54,1656547199999,70470639.3445,146681,1974223.35000000,35397972.33370000,0,2022-06-29 00:00:00+00:00,-0.018379798937089645,-0.018211920529801473,1.4471307011888337
1656547200000,17.79,17.81,15.79,16.99,3831530.37,1656633599999,63198227.862,157177,1835565.63000000,30299909.00460000,0,2022-06-30 00:00:00+00:00,-0.04601156599390311,-0.04496908375491848,1.446667076667443
1656633600000,16.98,17.68,15.8,16.12,4908972.09,1656719999999,80522290.2023,174973,2534296.85000000,41568838.14140000,0,2022-07-01 00:00:00+00:00,-0.05256419860535825,-0.05120659211300749,1.412963035938523
1656720000000,16.12,16.61,15.96,16.33,1937632.45,1656806399999,31571349.9677,76826,989266.11000000,16123977.00970000,0,2022-07-02 00:00:00+00:00,0.01294316990389133,0.013027295285359619,1.4036707110693567
1656806400000,16.33,16.9,15.83,16.65,2285393.04,1656892799999,37164410.2695,73912,1129147.74000000,18381408.37780000,0,2022-07-03 00:00:00+00:00,0.019406309444079083,0.019595835884874457,1.3939464456319524
1656892800000,16.65,18.06,16.31,17.92,3950488.78,1656979199999,68024108.9719,123072,1914866.62000000,32991951.17680000,0,2022-07-04 00:00:00+00:00,0.07350719112033181,0.07627627627627653,1.3993635087330656
1656979200000,17.92,18.65,16.66,18.03,4832782.93,1657065599999,84880794.1495,156748,2360161.71000000,41452783.99030000,0,2022-07-05 00:00:00+00:00,0.006119629668441427,0.006138392857142794,1.4003999189970155
1657065600000,18.03,19.47,17.79,19.17,4491727.98,1657151999999,83280450.0459,170986,2199995.95000000,40808341.20210000,0,2022-07-06 00:00:00+00:00,0.06130951984232717,0.06322795341098164,1.3928808847590384
1657152000000,19.17,20.6,18.86,20.18,3901523.31,1657238399999,76864983.6822,176247,1901554.79000000,37472409.52340000,0,2022-07-07 00:00:00+00:00,0.05134545786790972,0.05268648930620756,1.3991719878753446
1657238400000,20.18,21.12,19.42,19.72,4363644.25,1657324799999,87821365.5413,194130,2038384.17000000,41013092.82360000,0,2022-07-08 00:00:00+00:00,-0.023058665750973574,-0.02279484638255702,1.4003068453586058
1657324800000,19.72,20.27,19.49,19.89,1907418.34,1657411199999,37998842.7846,86679,877806.38000000,17509821.48290000,0,2022-07-09 00:00:00+00:00,0.008583743691391655,0.008620689655172598,1.4013516656656018
1657411200000,19.9,19.99,18.76,19.16,1946346.67,1657497599999,37489161.5989,77669,921197.99000000,17744504.57510000,0,2022-07-10 00:00:00+00:00,-0.03739232032316633,-0.03670186023127198,1.365234406717144
1657497600000,19.17,19.17,17.32,17.35,2340215.74,1657583999999,42857672.2001,92801,1121187.61000000,20524010.17210000,0,2022-07-11 00:00:00+00:00,-0.09923226614984619,-0.09446764091858029,1.361009293879962
1657584000000,17.34,18.07,16.71,16.75,2847335.47,1657670399999,49839858.6079,103131,1484098.15000000,25995357.83730000,0,2022-07-12 00:00:00+00:00,-0.03519424812179281,-0.03458213256484155,1.275391806890959
1657670400000,16.75,18.92,16.37,18.83,5090897.41,1657756799999,89070005.2478,180403,2586690.40000000,45277116.45430000,0,2022-07-13 00:00:00+00:00,0.11705308439798559,0.12417910447761193,1.3139228932680749
1657756800000,18.82,19.98,17.78,19.76,4727801.64,1657843199999,88740816.8142,169219,2353860.73000000,44195899.34920000,0,2022-07-14 00:00:00+00:00,0.04820834965066085,0.04938927243759972,1.3204289510291902
1657843200000,19.76,20.28,19.09,19.35,3455357.97,1657929599999,68237953.6019,139499,1691703.41000000,33421110.41800000,0,2022-07-15 00:00:00+00:00,-0.020967272843930986,-0.020748987854251055,1.2776627714219304
1657929600000,19.36,21.5,18.67,21.25,3961722.82,1658015999999,80100019.3021,150981,2049880.43000000,41484196.82860000,0,2022-07-16 00:00:00+00:00,0.09366447589463492,0.09819121447028412,1.1963145344037294
1658016000000,21.25,22.12,20.57,20.63,3026561.51,1658102399999,64514389.6195,137876,1564235.54000000,33388163.08160000,0,2022-07-17 00:00:00+00:00,-0.029610568287265448,-0.02917647058823536,1.2041503267664546
1658102400000,20.62,24.33,20.59,23.95,6122739.72,1658188799999,141905246.2034,308510,3107615.23000000,71907238.66510000,0,2022-07-18 00:00:00+00:00,0.14922199677376385,0.16093068347067385,1.2608324526978625
1658188800000,23.95,26.29,23.03,24.72,6902992.92,1658275199999,169430115.2089,365496,3450475.77000000,84697739.30710000,0,2022-07-19 00:00:00+00:00,0.03164430873256575,0.0321503131524008,1.2369478882867655
1658275200000,24.71,26.38,23.35,23.59,6483006.16,1658361599999,161853092.4101,312630,3173703.04000000,79381930.59340000,0,2022-07-20 00:00:00+00:00,-0.04678973916990636,-0.04571197411003236,1.2448837397919745
1658361600000,23.59,25.46,22.64,24.99,4561440.24,1658447999999,110003521.2744,236611,2304416.60000000,55611725.04430000,0,2022-07-21 00:00:00+00:00,0.0576528514272774,0.05934718100890213,1.2526235608230156
1658448000000,24.99,25.55,23.59,23.63,3744683.03,1658534399999,92501087.8964,180839,1798122.12000000,44500713.05770000,0,2022-07-22 00:00:00+00:00,-0.05595865364804449,-0.05442176870748294,1.2571164989507742
1658534400000,23.64,24.66,22.83,23.6,2404591.64,1658620799999,56990107.37,121951,1178501.32000000,27954244.10500000,0,2022-07-23 00:00:00+00:00,-0.0012703791672520107,-0.0012695725772322586,1.186741026234623
1658620800000,23.59,24.47,23.23,23.79,2196886.66,1658707199999,52611467.1538,109462,1086079.27000000,26014807.35720000,0,2022-07-24 00:00:00+00:00,0.00801861228330188,0.008050847457627075,1.1257658229979277
1658707200000,23.79,23.85,20.89,20.92,3848762.01,1658793599999,84930134.7557,153814,1802792.93000000,39746788.84250000,0,2022-07-25 00:00:00+00:00,-0.12855968511814403,-0.12063892391761233,1.2090769381456108
1658793600000,20.93,20.99,19.55,20.71,2582466.15,1658879999999,52645693.9441,115446,1258528.76000000,25684542.12810000,0,2022-07-26 00:00:00+00:00,-0.010088963789229381,-0.010038240917782049,1.176025772299289
1658880000000,20.72,23.49,20.21,23.39,4294616.47,1658966399999,94226960.716,193914,2191756.01000000,48080048.90680000,0,2022-07-27 00:00:00+00:00,0.1216919051885949,0.12940608401738296,1.2448004880770538
1658966400000,23.38,24.69,22.42,24.2,5656707.22,1659052799999,133111101.3228,235308,2896497.01000000,68181355.81300000,0,2022-07-28 00:00:00+00:00,0.03404405256655305,0.03463018383924754,1.2217085731451505
1659052800000,24.21,25.37,23.46,24.49,4714786.88,1659139199999,115555937.2032,236251,2246051.53000000,55083541.90250000,0,2022-07-29 00:00:00+00:00,0.01191223780143552,0.011983471074380025,1.2175248813205057
1659139200000,24.49,25.83,23.91,24.23,3897237.98,1659225599999,96753191.0425,182629,1925055.22000000,47823770.61790000,0,2022-07-30 00:00:00+00:00,-0.01067333613564188,-0.01061657819518158,1.2029769051520218
1659225600000,24.24,25.22,23.53,23.72,2308947.34,1659311999999,56527396.8309,129722,1122914.04000000,27496619.06060000,0,2022-07-31 00:00:00+00:00,-0.021272960698909767,-0.021048287247214303,1.1867362009972697
1659312000000,23.72,24.33,22.96,23.57,2662595.41,1659398399999,62745803.362,135445,1299521.61000000,30650388.27700000,0,2022-08-01 00:00:00+00:00,-0.006343857181484901,-0.006323777403035358,1.1886276592062468
1659398400000,23.58,24.0,22.24,22.85,2826174.06,1659484799999,64873075.0473,153939,1354417.51000000,31081985.50450000,0,2022-08-02 00:00:00+00:00,-0.03102359960782594,-0.030547305897327015,1.1977774281583156
1659484800000,22.85,24.19,22.28,23.04,2493366.49,1659571199999,58666961.2897,129428,1186816.22000000,27917128.07750000,0,2022-08-03 00:00:00+00:00,0.008280718487476616,0.008315098468271165,1.1760383072933844
1659571200000,23.04,24.0,22.88,23.36,1991779.1,1659657599999,46603456.1696,108622,960084.39000000,22467829.42110000,0,2022-08-04 00:00:00+00:00,0.01379332213233577,0.01388888888888884,1.1761575008827951
1659657600000,23.36,24.98,23.11,24.95,2970807.41,1659743999999,71911103.7239,141282,1512814.96000000,36615564.16560000,0,2022-08-05 00:00:00+00:00,0.06584866423750142,0.06806506849315075,1.1788197646242267
1659744000000,24.95,26.94,24.71,26.63,3517848.23,1659830399999,90802307.6147,188092,1780044.41000000,45970706.71980000,0,2022-08-06 00:00:00+00:00,0.06516457762831321,0.06733466933867738,1.1860627523018086
1659830400000,26.64,28.5,25.82,27.9,3666990.33,1659916799999,100105202.9741,212179,1956146.48000000,53394287.87720000,0,2022-08-07 00:00:00+00:00,0.04658828900147907,0.04769057453999248,1.1870668426313202
1659916800000,27.89,30.89,27.57,27.91,5280186.71,1660003199999,153304278.194,288110,2529012.91000000,73503880.70740000,0,2022-08-08 00:00:00+00:00,0.00035835872091082753,0.00035842293906807043,1.187673534729872
1660003200000,27.9,28.81,26.96,27.42,3737879.06,1660089599999,103796158.7161,214507,1854792.52000000,51542732.13880000,0,2022-08-09 00:00:00+00:00,-0.017712373414062364,-0.01755643138659968,1.1794755767061498
1660089600000,27.41,30.2,26.6,29.18,4778667.33,1660175999999,137305889.0601,273581,2378089.10000000,68329819.54790000,0,2022-08-10 00:00:00+00:00,0.06221086896047125,0.06418672501823486,1.120912665464129
1660176000000,29.17,30.09,28.31,28.53,3518091.35,1660262399999,103317894.7929,201223,1719484.47000000,50537112.68490000,0,2022-08-11 00:00:00+00:00,-0.022527377869230956,-0.022275531185743658,1.1142933993411515
1660262400000,28.53,29.45,28.07,29.34,2021882.17,1660348799999,58337335.9316,119434,999233.23000000,28836765.01500000,0,2022-08-12 00:00:00+00:00,0.027995607489427074,0.028391167192429068,1.0561884127613823
1660348800000,29.33,30.35,28.87,29.16,2359927.97,1660435199999,69907009.0087,142268,1179045.78000000,34957610.27010000,0,2022-08-13 00:00:00+00:00,-0.0061538655743782235,-0.006134969325153339,1.051546383101893
1660435200000,29.16,29.85,27.84,28.18,2248073.33,1660521599999,64988394.3261,130836,1050081.54000000,30370507.99260000,0,2022-08-14 00:00:00+00:00,-0.034185400669923295,-0.033607681755829955,1.057907363240915
1660521600000,28.19,29.3,27.03,27.88,2302258.65,1660607999999,64486401.724,152333,1136843.01000000,31857280.71650000,0,2022-08-15 00:00:00+00:00,-0.01070292057821105,-0.010645848119233525,1.0190883182459585
1660608000000,27.87,28.41,26.93,27.1,1936702.68,1660694399999,53465184.0986,127419,911313.87000000,25169172.93650000,0,2022-08-16 00:00:00+00:00,-0.028375858006667785,-0.027977044476326984,1.0185076822802663
1660694400000,27.11,28.23,25.26,25.55,2779421.89,1660780799999,74164986.6136,162009,1263358.76000000,33745396.78490000,0,2022-08-17 00:00:00+00:00,-0.058896411235941776,-0.05719557195571956,0.9111650865832804
1660780800000,25.56,26.29,23.95,24.21,1882128.59,1660867199999,47936727.7977,116615,858978.65000000,21915857.67010000,0,2022-08-18 00:00:00+00:00,-0.053871545699746295,-0.05244618395303324,0.9250500859506978
1660867200000,24.2,24.43,21.32,22.44,4153725.4,1660953599999,94492597.6279,229186,2020495.29000000,45959911.86200000,0,2022-08-19 00:00:00+00:00,-0.07592069029547154,-0.07311028500619576,0.9486008779442973
1660953600000,22.44,23.09,21.63,22.3,2536233.27,1661039999999,57061226.7197,134352,1271440.87000000,28620213.80040000,0,2022-08-20 00:00:00+00:00,-0.00625840218842248,-0.0062388591800356386,0.9241796895491159
1661040000000,22.3,23.55,22.15,22.97,2347004.68,1661126399999,53636289.7807,104136,1156781.26000000,26442388.79940000,0,2022-08-21 00:00:00+00:00,0.029602338234933655,0.030044843049327197,0.9114989608960382
1661126400000,22.98,23.0,21.61,22.55,2133704.42,1661212799999,47474582.5875,111464,1006324.04000000,22393169.65990000,0,2022-08-22 00:00:00+00:00,-0.01845395075231939,-0.018284719198955024,0.9135447057246389
1661212800000,22.56,23.74,21.83,23.5,2722607.74,1661299199999,62474113.7116,128125,1373973.09000000,31535051.44590000,0,2022-08-23 00:00:00+00:00,0.0412653552014258,0.042128603104212736,0.9251987418037564
1661299200000,23.52,23.64,22.81,23.01,1854532.2,1661385599999,43048285.0183,95242,849796.15000000,19731469.60130000,0,2022-08-24 00:00:00+00:00,-0.021071517102838718,-0.020851063829787186,0.806114347004993
1661385600000,23.02,23.65,22.67,22.99,1649374.38,1661471999999,38241132.9786,80532,768062.67000000,17807847.68390000,0,2022-08-25 00:00:00+00:00,-0.0008695652721844587,-0.0008691873098654046,0.8048456083228283
1661472000000,22.99,23.23,20.34,20.66,3844695.98,1661558399999,84942786.8875,168622,1836659.69000000,40603126.17760000,0,2022-08-26 00:00:00+00:00,-0.10685987508359768,-0.10134841235319703,0.77667553384206
1661558400000,20.65,20.91,19.79,20.03,2352564.36,1661644799999,47965033.3397,116152,1124339.54000000,22931661.30950000,0,2022-08-27 00:00:00+00:00,-0.0309683140137656,-0.030493707647628265,0.7695223675863273
1661644800000,20.04,20.47,18.05,18.53,2506950.07,1661731199999,48794607.6013,114515,1175587.04000000,22923759.57850000,0,2022-08-28 00:00:00+00:00,-0.0778401093804585,-0.07488766849725415,0.8056161049736109
1661731200000,18.53,19.47,17.48,19.32,5227679.45,1661817599999,96618014.2809,190665,2736259.50000000,50582149.44040000,0,2022-08-29 00:00:00+00:00,0.0417497884871034,0.0426335671883431,0.8250064970782236
1661817600000,19.32,20.66,18.87,19.39,4781627.02,1661903999999,94435865.1623,187396,2245267.37000000,44361432.32810000,0,2022-08-30 00:00:00+00:00,0.003616640470188515,0.0036231884057971175,0.8243627729703277
1661904000000,19.4,20.07,18.99,19.14,2920043.96,1661990399999,57342208.6564,115381,1439761.69000000,28300900.68990000,0,2022-08-31 00:00:00+00:00,-0.012977083229752209,-0.012893243940175325,0.8246494535797001
1661990400000,19.14,19.47,18.33,19.33,2037932.03,1662076799999,38594956.8814,86520,993767.65000000,18828296.00060000,0,2022-09-01 00:00:00+00:00,0.009877907195431248,0.009926854754440884,0.8219515332767787
1662076800000,19.32,19.66,18.68,18.86,2012974.14,1662163199999,38625221.5425,84297,955452.16000000,18340347.54550000,0,2022-09-02 00:00:00+00:00,-0.024615016014928028,-0.024314536989135993,0.8229797154207318
1662163200000,18.86,19.01,18.57,18.89,869692.47,1662249599999,16369829.9545,38992,408854.65000000,7699307.41730000,0,2022-09-03 00:00:00+00:00,0.0015894043081068363,0.0015906680805939377,0.8202562893189026
1662249600000,18.89,19.15,18.73,19.01,1137571.79,1662335999999,21551297.1063,53906,550379.89000000,10431964.75330000,0,2022-09-04 00:00:00+00:00,0.006332474986919601,0.0063525674960296374,0.7788825228796233
1662336000000,19.02,19.49,18.44,19.44,1355494.58,1662422399999,25508294.3122,63974,701746.15000000,13211135.94360000,0,2022-09-05 00:00:00+00:00,0.022367642531955164,0.022619673855865274,0.7409291324320711
1662422400000,19.45,20.49,18.15,18.21,3455459.74,1662508799999,67442239.4924,167502,1646595.17000000,32165048.82770000,0,2022-09-06 00:00:00+00:00,-0.0653619052927765,-0.06327160493827166,0.7352608808980603
1662508800000,18.21,19.31,17.84,19.01,1888919.24,1662595199999,35050761.1009,88521,923577.75000000,17150840.59120000,0,2022-09-07 00:00:00+00:00,0.042994262760821265,0.04393190554640314,0.7605087614361045
1662595200000,19.0,19.16,18.4,19.13,1853702.72,1662681599999,34930709.8168,74167,845204.95000000,15933892.76640000,0,2022-09-08 00:00:00+00:00,0.0062926269518235895,0.006312467122566945,0.7631621898059467
1662681600000,19.13,20.81,19.1,20.38,2646242.57,1662767999999,53253439.0905,112839,1359430.76000000,27358615.20800000,0,2022-09-09 00:00:00+00:00,0.06329624434241726,0.0653423941453215,0.7644988083291905
1662768000000,20.39,21.17,20.04,20.44,2316069.87,1662854399999,47427759.2717,83914,1125531.11000000,23056536.37470000,0,2022-09-10 00:00:00+00:00,0.002939737540924974,0.0029440628066732533,0.7652305292586532
1662854400000,20.44,20.95,19.95,20.68,1721338.28,1662940799999,35240722.97,70362,872202.93000000,17860645.67900000,0,2022-09-11 00:00:00+00:00,0.011673284304724587,0.011741682974559575,0.7568021873147563
1662940800000,20.67,21.91,20.06,21.38,4690982.41,1663027199999,99043842.081,180428,2346186.39000000,49558766.51640000,0,2022-09-12 00:00:00+00:00,0.03328885595667071,0.03384912959381037,0.7727508913114854
1663027200000,21.38,21.8,18.76,18.87,4534638.7,1663113599999,92668116.2707,183766,2203202.37000000,45104956.75540000,0,2022-09-13 00:00:00+00:00,-0.12488254621644025,-0.11739943872778291,0.8669812112493384
1663113600000,18.87,19.31,18.44,19.12,2492314.62,1663199999999,47348631.7098,97924,1209827.80000000,22988446.25320000,0,2022-09-14 00:00:00+00:00,0.013161548242796297,0.013248542660307283,0.8718867243603204
1663200000000,19.12,19.37,18.09,18.21,2502262.69,1663286399999,46901200.1005,101776,1167906.80000000,21897617.34950000,0,2022-09-15 00:00:00+00:00,-0.048764013883738695,-0.047594142259414274,0.8794057385628288
1663286400000,18.21,18.31,17.56,18.05,2145273.72,1663372799999,38526933.6731,80703,1029657.24000000,18503751.12190000,0,2022-09-16 00:00:00+00:00,-0.008825208960626694,-0.00878638110928065,0.863902262721125
1663372800000,18.05,18.59,18.04,18.48,1309153.1,1663459199999,23994677.904,48047,648730.28000000,11890235.14520000,0,2022-09-17 00:00:00+00:00,0.023543381434648212,0.023822714681440482,0.8583905653760128
1663459200000,18.48,18.78,16.29,16.7,3634544.44,1663545599999,65818534.2525,113290,1776641.70000000,32204385.84970000,0,2022-09-18 00:00:00+00:00,-0.10128034679082873,-0.09632034632034636,0.8873426654794245
1663545600000,16.7,17.38,16.39,17.28,2420422.85,1663631999999,40842271.3873,101233,1197816.13000000,20211967.85320000,0,2022-09-19 00:00:00+00:00,0.03414104395320017,0.03473053892215572,0.900491383618738
1663632000000,17.28,17.43,16.58,16.65,1816611.71,1663718399999,30790481.1405,69684,823039.69000000,13953230.71400000,0,2022-09-20 00:00:00+00:00,-0.037139546949456884,-0.03645833333333348,0.8950222508850529
1663718400000,16.65,17.94,16.19,16.55,3111286.16,1663804799999,52921370.2192,123223,1486783.41000000,25310632.30840000,0,2022-09-21 00:00:00+00:00,-0.00602411460338079,-0.006006006006005871,0.8947215133798095
1663804800000,16.54,17.88,16.39,17.68,2032595.22,1663891199999,35134402.1074,86250,973099.47000000,16809510.43690000,0,2022-09-22 00:00:00+00:00,0.06604795538642533,0.0682779456193352,0.9166104703744882
1663891200000,17.68,18.24,17.15,17.97,1946185.89,1663977599999,34336321.9701,85718,914320.74000000,16131733.51870000,0,2022-09-23 00:00:00+00:00,0.016269643585970238,0.01640271493212664,0.9199179652398026
1663977600000,17.97,18.19,17.54,17.6,1139374.01,1664063999999,20411672.7665,51150,523936.85000000,9390093.20330000,0,2022-09-24 00:00:00+00:00,-0.02080479875136145,-0.02058987200890361,0.9205352914294849
1664064000000,17.6,17.88,17.13,17.32,854961.36,1664150399999,15033056.613,40984,395721.68000000,6962113.62550000,0,2022-09-25 00:00:00+00:00,-0.016036998909817076,-0.015909090909090984,0.8507637047009664
1664150400000,17.32,17.59,16.97,17.57,1339230.13,1664236799999,23207341.0084,58291,600099.90000000,10399095.68020000,0,2022-09-26 00:00:00+00:00,0.014330999064716717,0.01443418013856812,0.8486193584579717
1664236800000,17.57,18.5,16.99,17.3,3034663.42,1664323199999,53906064.5911,103452,1469614.51000000,26123867.48220000,0,2022-09-27 00:00:00+00:00,-0.015486400695272498,-0.015367103016505346,0.8075501262594033
1664323200000,17.3,17.45,16.73,17.26,1969129.47,1664409599999,33619299.3001,70283,903863.02000000,15426405.24140000,0,2022-09-28 00:00:00+00:00,-0.002314815848451375,-0.0023121387283236983,0.7917778623932551
1664409600000,17.26,17.39,16.88,17.35,1200459.71,1664495999999,20605132.4084,52021,552729.97000000,9492329.17810000,0,2022-09-29 00:00:00+00:00,0.0052008207375862925,0.005214368482039378,0.7919828360469391
1664496000000,17.35,17.74,17.01,17.2,1992313.11,1664582399999,34562981.0959,72815,887428.72000000,15402988.26310000,0,2022-09-30 00:00:00+00:00,-0.008683122573460994,-0.008645533141210526,0.7914916191640083
1664582400000,17.21,17.3,16.86,16.95,614626.35,1664668799999,10524442.5384,26388,274130.91000000,4693141.72990000,0,2022-10-01 00:00:00+00:00,-0.014641549992948118,-0.014534883720930258,0.7908717373972777
1664668800000,16.96,17.18,16.47,16.53,1072930.57,1664755199999,18046517.701,38942,492667.38000000,8292392.72570000,0,2022-10-02 00:00:00+00:00,-0.025090921993526312,-0.024778761061946764,0.7910267213410714
1664755200000,16.54,17.32,16.34,17.14,1488274.32,1664841599999,25069377.1321,51149,715807.99000000,12059747.77900000,0,2022-10-03 00:00:00+00:00,0.03623800133670093,0.0369026013309135,0.803461057591735
1664841600000,17.15,17.55,17.07,17.44,1156113.08,1664927999999,20051175.9375,43667,531048.09000000,9212593.48040000,0,2022-10-04 00:00:00+00:00,0.017351505311199927,0.0175029171528589,0.8060287036528745
1664928000000,17.45,17.49,16.94,17.39,1304224.29,1665014399999,22465876.3988,41511,594528.94000000,10247357.73990000,0,2022-10-05 00:00:00+00:00,-0.0028710901146419316,-0.0028669724770642446,0.8008722086953817
1665014400000,17.39,17.67,16.98,17.04,1151476.36,1665100799999,19965830.7857,44952,524649.74000000,9099327.13130000,0,2022-10-06 00:00:00+00:00,-0.020331806965022084,-0.020126509488211708,0.772132449718286
1665100800000,17.04,17.17,16.72,16.9,1022147.52,1665187199999,17308008.5666,37624,488057.15000000,8265528.25190000,0,2022-10-07 00:00:00+00:00,-0.008249899472141949,-0.008215962441314617,0.754865803094147
1665187200000,16.9,16.99,16.62,16.79,338134.43,1665273599999,5695921.6869,15706,149850.84000000,2523953.33980000,0,2022-10-08 00:00:00+00:00,-0.006530150839578347,-0.0065088757396449815,0.7540065511881721
1665273600000,16.79,16.99,16.7,16.9,412498.93,1665359999999,6967302.0431,17147,169148.70000000,2857783.82450000,0,2022-10-09 00:00:00+00:00,0.006530150839578305,0.00655151876116733,0.714891910099792
1665360000000,16.9,17.24,16.17,16.21,1180161.9,1665446399999,19644070.2996,43272,478891.04000000,7978226.70430000,0,2022-10-10 00:00:00+00:00,-0.041685286181442946,-0.0408284023668638,0.7245590128530984
1665446400000,16.21,16.32,15.59,15.95,1530642.33,1665532799999,24426447.7717,57174,708689.70000000,11308560.58780000,0,2022-10-11 00:00:00+00:00,-0.01616950651673125,-0.01603948180135728,0.7216780733170329
1665532800000,15.95,16.17,15.83,15.96,695088.15,1665619199999,11123567.7349,29851,312969.06000000,5010012.00660000,0,2022-10-12 00:00:00+00:00,0.0006267627908093325,0.0006269592476491059,0.7066198696713347
1665619200000,15.95,15.99,14.42,15.66,3240864.9,1665705599999,49173365.3481,119938,1389757.82000000,21086851.45030000,0,2022-10-13 00:00:00+00:00,-0.01897590145900569,-0.018796992481203034,0.5734363599835898
1665705600000,15.65,16.4,15.54,15.67,1482124.17,1665791999999,23800954.9486,59464,706196.10000000,11351445.15650000,0,2022-10-14 00:00:00+00:00,0.0006383658052724966,0.0006385696040869249,0.5697622103859128
1665792000000,15.67,15.78,15.36,15.43,578141.35,1665878399999,9036562.1914,26523,260429.53000000,4072112.17050000,0,2022-10-15 00:00:00+00:00,-0.015434389992860027,-0.015315890236120011,0.55026995352341
1665878400000,15.42,15.88,15.41,15.75,853653.89,1665964799999,13369946.9468,30772,417670.32000000,6544618.06440000,0,2022-10-16 00:00:00+00:00,0.02052669889657268,0.020738820479585307,0.5575287910917089
1665964800000,15.75,16.27,15.65,16.18,1239751.09,1666051199999,19846422.0125,47077,561673.89000000,8993811.13290000,0,2022-10-17 00:00:00+00:00,0.02693554635870364,0.027301587301587382,0.559800556564257
1666051200000,16.17,16.36,15.54,15.88,1504483.22,1666137599999,24040475.9688,52237,674613.07000000,10796059.38200000,0,2022-10-18 00:00:00+00:00,-0.01871545581135591,-0.018541409147095123,0.4416193100038228
1666137600000,15.87,15.92,15.01,15.06,1799942.85,1666223999999,27939027.3733,56344,795260.81000000,12352720.90870000,0,2022-10-19 00:00:00+00:00,-0.05301823344724221,-0.05163727959697739,0.4570193546508993
1666224000000,15.06,15.48,14.87,15.14,1584061.75,1666310399999,24150832.8479,54392,777814.51000000,11867258.50920000,0,2022-10-20 00:00:00+00:00,0.005298025637555194,0.005312084993359889,0.4427189997866701
1666310400000,15.15,15.75,14.58,15.69,1889118.85,1666396799999,28502925.4878,64394,888029.17000000,13413069.65410000,0,2022-10-21 00:00:00+00:00,0.035683318735638396,0.03632760898282683,0.46278140784790794
1666396800000,15.69,15.93,15.52,15.69,690851.93,1666483199999,10849899.7032,31160,298421.90000000,4690050.67640000,0,2022-10-22 00:00:00+00:00,0.0,0.0,0.3930316928937493
1666483200000,15.69,16.42,15.59,16.31,1416439.93,1666569599999,22490705.0268,43579,692522.35000000,11008321.82260000,0,2022-10-23 00:00:00+00:00,0.038754849887981155,0.03951561504142753,0.4148334918930368
1666569600000,16.31,16.49,15.63,15.75,1061043.2,1666655999999,16914865.2758,43678,435282.08000000,6943597.11210000,0,2022-10-24 00:00:00+00:00,-0.034938051361280344,-0.03433476394849777,0.42516979671221256
1666656000000,15.75,17.05,15.59,16.64,2100542.67,1666742399999,34578701.1367,85268,997776.22000000,16421296.11150000,0,2022-10-25 00:00:00+00:00,0.05496907012142057,0.05650793650793662,0.46911023899014886
1666742400000,16.63,17.34,16.63,17.0,2023800.42,1666828799999,34494169.4071,87045,958471.07000000,16346088.44050000,0,2022-10-26 00:00:00+00:00,0.02140390866315358,0.02163461538461542,0.47271798178037144
1666828800000,17.0,17.51,16.82,16.88,2138708.14,1666915199999,36663397.1941,89839,948159.90000000,16264698.89270000,0,2022-10-27 00:00:00+00:00,-0.007083854888405044,-0.007058823529411784,0.4704022162514718
1666915200000,16.89,18.4,16.73,18.33,2746152.29,1667001599999,48345341.0575,115111,1314853.89000000,23173915.14060000,0,2022-10-28 00:00:00+00:00,0.0824095726838026,0.0859004739336493,0.5526514503822174
1667001600000,18.33,18.9,18.16,18.29,2028623.81,1667087999999,37576884.4458,91487,936592.03000000,17356229.22210000,0,2022-10-29 00:00:00+00:00,-0.0021845994488393122,-0.0021822149481723896,0.5527143040458201
1667088000000,18.29,18.83,17.92,18.26,1629726.62,1667174399999,29975111.9536,76423,769721.16000000,14171500.77990000,0,2022-10-30 00:00:00+00:00,-0.0016415872359517465,-0.0016402405686165578,0.5515845540032436
1667174400000,18.25,19.83,18.18,19.28,3179542.03,1667260799999,60591776.9596,145326,1542082.47000000,29393286.57730000,0,2022-10-31 00:00:00+00:00,0.0543554140155771,0.0558598028477546,0.5772988139370769
1667260800000,19.28,19.53,18.57,18.62,1699673.61,1667347199999,32377757.0668,75815,764968.41000000,14567019.45970000,0,2022-11-01 00:00:00+00:00,-0.034832017333478536,-0.034232365145228205,0.5844943353260101
1667347200000,18.63,18.77,17.43,17.91,2488654.37,1667433599999,45110928.4886,117703,1145613.21000000,20770266.70770000,0,2022-11-02 00:00:00+00:00,-0.03887705577630069,-0.038131041890440476,0.5909868772216746
1667433600000,17.92,18.87,17.8,18.03,1411887.43,1667519999999,26036994.7785,70670,659188.88000000,12160176.69390000,0,2022-11-03 00:00:00+00:00,0.006677821142605448,0.00670016750418756,0.5885432287121909
1667520000000,18.03,19.69,17.88,19.38,2208518.7,1667606399999,41923040.8882,110457,1070119.67000000,20321510.03320000,0,2022-11-04 00:00:00+00:00,0.07220456924739421,0.07487520798668879,0.6383079391832293
1667606400000,19.39,20.63,19.18,19.61,2448681.6,1667692799999,48469218.0474,116490,1223613.67000000,24245841.02860000,0,2022-11-05 00:00:00+00:00,0.0117980337456348,0.011867905056759609,0.6329549448436904
1667692800000,19.6,19.75,18.17,18.23,1243880.65,1667779199999,23822790.2064,68460,522758.02000000,10031325.73950000,0,2022-11-06 00:00:00+00:00,-0.07297105151768314,-0.07037225905150424,0.687506651799596
1667779200000,18.23,18.87,17.73,18.08,1903927.05,1667865599999,34924563.7031,94775,957027.37000000,17579105.32210000,0,2022-11-07 00:00:00+00:00,-0.008262233726541376,-0.008228195282501516,0.6878202641818675
1667865600000,18.08,18.16,14.82,16.02,7033866.0,1667951999999,116404186.1247,330366,3496248.41000000,57843044.09360000,0,2022-11-08 00:00:00+00:00,-0.12096841332381719,-0.11393805309734506,0.8110718518042872
1667952000000,16.02,16.16,12.03,12.91,6217665.583,1668038399999,87647850.361,334700,2914249.29000000,41138134.48010000,0,2022-11-09 00:00:00+00:00,-0.21583573678166193,-0.1941323345817727,1.0962472604829285
1668038400000,12.92,15.94,12.68,15.42,4437282.29,1668124799999,64303289.1313,272842,2176498.08000000,31510437.30920000,0,2022-11-10 00:00:00+00:00,0.17766316327663234,0.19442292796281957,1.271613031008025
1668124800000,15.41,15.46,13.58,14.13,3576037.51,1668211199999,51389554.8975,166243,1626122.40000000,23370682.30340000,0,2022-11-11 00:00:00+00:00,-0.08736517143874728,-0.08365758754863806,1.3066437107377766
1668211200000,14.13,14.15,12.89,13.09,1559675.2,1668297599999,20829151.8379,79497,774181.11000000,10325407.50530000,0,2022-11-12 00:00:00+00:00,-0.07645161677462753,-0.07360226468506725,1.3300717743880808
1668297600000,13.1,13.36,12.7,13.02,1769291.13,1668383999999,23109788.427,89497,868642.15000000,11343776.07910000,0,2022-11-13 00:00:00+00:00,-0.005361943141385399,-0.005347593582887722,1.3298609011759932
1668384000000,13.03,13.61,12.06,13.14,2870740.18,1668470399999,37097586.7726,134745,1364670.75000000,17657390.33580000,0,2022-11-14 00:00:00+00:00,0.00917437627604145,0.009216589861751334,1.3304745168611865
1668470400000,13.14,14.01,13.02,13.51,1631061.03,1668556799999,21987082.7015,84985,834962.62000000,11260048.26710000,0,2022-11-15 00:00:00+00:00,0.027769138915642953,0.028158295281582868,1.3324860668056142
1668556800000,13.52,13.75,12.81,13.07,1270112.16,1668643199999,16843360.9951,59989,598939.22000000,7953647.88290000,0,2022-11-16 00:00:00+00:00,-0.03311062433597685,-0.032568467801628365,1.3307681732842076
1668643200000,13.07,13.36,12.64,12.87,1670047.32,1668729599999,21668784.7522,97864,701452.29000000,9122360.76110000,0,2022-11-17 00:00:00+00:00,-0.015420506028095355,-0.015302218821729219,1.3304562658394874
1668729600000,12.86,13.32,12.85,13.0,1339374.3,1668815999999,17579117.6555,49729,637314.75000000,8371091.08610000,0,2022-11-18 00:00:00+00:00,0.010050335853501506,0.010101010101010166,1.3211582385886587
1668816000000,13.0,13.0,12.49,12.89,699870.16,1668902399999,8938900.1497,37461,343227.67000000,4382889.08700000,0,2022-11-19 00:00:00+00:00,-0.008497540510440663,-0.00846153846153841,1.3206937960302367
1668902400000,12.9,13.14,12.07,12.19,1130084.38,1668988799999,14306320.7457,54171,492014.36000000,6232486.97500000,0,2022-11-20 00:00:00+00:00,-0.05583587345791598,-0.05430566330488762,1.3234713858033156
1668988800000,12.19,12.2,11.57,11.82,1802036.274,1669075199999,21454814.800044,91929,855051.05000000,10186666.93140000,0,2022-11-21 00:00:00+00:00,-0.03082293151522797,-0.03035274815422473,1.3253706992602918
1669075200000,11.82,12.38,11.44,12.36,2051456.21,1669161599999,24488339.0121,78744,973143.29000000,11616660.36350000,0,2022-11-22 00:00:00+00:00,0.0446724400515926,0.045685279187817285,1.3282367255748624
1669161600000,12.36,13.07,12.35,13.06,1871100.38,1669247999999,23748492.9436,70885,931115.28000000,11821958.93920000,0,2022-11-23 00:00:00+00:00,0.05508867181874034,0.05663430420711979,1.3433514803484419
1669248000000,13.07,13.4,12.75,12.95,1358354.49,1669334399999,17703958.3823,56106,678324.24000000,8842282.27840000,0,2022-11-24 00:00:00+00:00,-0.008458335702738346,-0.008422664624808673,1.3250690037365902
1669334400000,12.95,13.04,12.52,12.82,915142.46,1669420799999,11689727.1337,40351,413179.63000000,5278880.59220000,0,2022-11-25 00:00:00+00:00,-0.010089336653022687,-0.010038610038609952,1.320712564708139
1669420800000,12.82,13.25,12.62,12.78,903394.4,1669507199999,11722267.4662,35720,427509.84000000,5550032.05290000,0,2022-11-26 00:00:00+00:00,-0.0031250025431352776,-0.0031201248049922414,1.3208723862974805
1669507200000,12.77,13.26,12.69,12.86,893001.06,1669593599999,11640762.8903,36215,443825.57000000,5785616.16520000,0,2022-11-27 00:00:00+00:00,0.006240269860084673,0.006259780907668322,1.280429337773367
1669593600000,12.86,12.99,11.99,12.45,1800437.67,1669679999999,22222101.9348,63682,837532.03000000,10338421.42460000,0,2022-11-28 00:00:00+00:00,-0.032401095898756734,-0.0318818040435459,1.2819062499630707
1669680000000,12.46,12.72,12.28,12.47,1718397.88,1669766399999,21412085.9319,50852,844599.57000000,10526122.11460000,0,2022-11-29 00:00:00+00:00,0.0016051367812286584,0.0016064257028114426,1.282312584877592
1669766400000,12.47,13.2,12.46,13.15,1761126.78,1669852799999,22686530.1629,61382,867989.12000000,11190963.30500000,0,2022-11-30 00:00:00+00:00,0.05309599893182842,0.05453087409783475,1.281490783687838
1669852800000,13.15,13.32,12.79,12.9,1309898.35,1669939199999,17065733.2536,44556,593455.00000000,7736802.00380000,0,2022-12-01 00:00:00+00:00,-0.01919444725614718,-0.019011406844106515,1.2792589443569404
1669939200000,12.9,13.66,12.79,13.58,1771717.38,1670025599999,23420469.0879,58874,894655.31000000,11842740.93740000,0,2022-12-02 00:00:00+00:00,0.05137081076292356,0.05271317829457356,1.2942448172889864
1670025600000,13.59,13.9,13.28,13.4,1661995.09,1670111999999,22577498.2203,54126,781815.48000000,10631030.93420000,0,2022-12-03 00:00:00+00:00,-0.013343415173684335,-0.013254786450662692,1.293031986774564
1670112000000,13.4,13.95,13.4,13.93,1096735.8,1670198399999,15019193.1526,37001,553409.04000000,7581306.95550000,0,2022-12-04 00:00:00+00:00,0.03879008083484864,0.03955223880597014,1.2714016586232497
1670198400000,13.93,14.35,13.38,13.6,1432042.28,1670284799999,19940977.5445,56064,611948.05000000,8525360.68170000,0,2022-12-05 00:00:00+00:00,-0.02397499504970805,-0.023689877961234784,1.2694473557143897
1670284800000,13.6,13.69,13.45,13.67,800288.63,1670371199999,10864920.8922,29258,373219.02000000,5068072.71430000,0,2022-12-06 00:00:00+00:00,0.00513385799385185,0.0051470588235293935,1.2514929336310716
1670371200000,13.68,13.7,13.0,13.28,1097954.06,1670457599999,14529973.5434,40308,511843.06000000,6771811.10020000,0,2022-12-07 00:00:00+00:00,-0.028944506687570447,-0.028529626920263396,1.253293582919721
1670457600000,13.28,13.55,13.06,13.42,894124.36,1670543999999,11886533.871,31767,430469.59000000,5726005.26510000,0,2022-12-08 00:00:00+00:00,0.010486987495248071,0.010542168674698926,1.1894258836349103
1670544000000,13.41,13.63,13.36,13.46,726329.12,1670630399999,9787916.6676,27422,319737.46000000,4310417.63490000,0,2022-12-09 00:00:00+00:00,0.002976192673046176,0.0029806259314457684,0.9170296201978169
1670630400000,13.46,14.06,13.34,13.49,507889.21,1670716799999,6843832.1246,20141,261694.17000000,3530082.89110000,0,2022-12-10 00:00:00+00:00,0.0022263460030827594,0.0022288261515601704,0.6610302238163037
1670716800000,13.49,13.5,12.92,12.98,611673.63,1670803199999,8131725.491,21032,265696.10000000,3535819.53560000,0,2022-12-11 00:00:00+00:00,-0.038538958943720586,-0.037805782060785775,0.6033790731329642
1670803200000,12.98,13.06,12.52,13.0,1072315.11,1670889599999,13703529.5112,35100,483401.45000000,6177264.63420000,0,2022-12-12 00:00:00+00:00,0.0015396461855928362,0.0015408320493066618,0.5417887563747507
1670889600000,13.01,14.4,12.55,13.76,3034773.16,1670975999999,41179331.0593,83596,1497866.18000000,20341271.39040000,0,2022-12-13 00:00:00+00:00,0.056816475043660754,0.05846153846153834,0.5766635277752695
1670976000000,13.76,14.19,13.56,13.71,1646728.29,1671062399999,22776759.191,56892,769598.27000000,10643941.29420000,0,2022-12-14 00:00:00+00:00,-0.003640338930974531,-0.003633720930232509,0.5763451613610402
1671062400000,13.71,13.89,13.06,13.17,1230073.86,1671148799999,16592093.0849,43051,533477.34000000,7198683.77250000,0,2022-12-15 00:00:00+00:00,-0.04018397781903342,-0.03938730853391692,0.5858974094706058
1671148800000,13.17,13.29,11.59,11.84,1740839.24,1671235199999,21790798.4289,63749,794622.19000000,9939725.45570000,0,2022-12-16 00:00:00+00:00,-0.1064578862993301,-0.10098709187547461,0.6843205701190818
1671235200000,11.84,11.99,11.52,11.95,853841.63,1671321599999,10105246.8081,30625,407362.40000000,4820904.64250000,0,2022-12-17 00:00:00+00:00,0.00924764892166008,0.00929054054054057,0.6842284464817654
1671321600000,11.96,12.03,11.79,11.93,640622.87,1671407999999,7633150.046,20008,313555.02000000,3738010.51770000,0,2022-12-18 00:00:00+00:00,-0.0016750422676948438,-0.0016736401673639323,0.6827482518049787
1671408000000,11.93,12.1,11.15,11.39,991190.79,1671494399999,11668610.534185,35223,451451.81000000,5314837.20250000,0,2022-12-19 00:00:00+00:00,-0.04632045865073386,-0.04526404023470232,0.6992245675138752
1671494400000,11.4,12.05,11.34,11.95,1211409.88,1671580799999,14296618.9595,41327,623732.34000000,7352162.08890000,0,2022-12-20 00:00:00+00:00,0.047995500918428725,0.049165935030728525,0.6963650708323661
1671580800000,11.95,11.98,11.62,11.71,551520.66,1671667199999,6506060.4595,19565,235701.65000000,2781514.13230000,0,2022-12-21 00:00:00+00:00,-0.02028810076789357,-0.020083682008368076,0.6915753960281517
1671667200000,11.71,11.87,11.45,11.85,624119.17,1671753599999,7283872.3767,23366,293811.72000000,3430953.52280000,0,2022-12-22 00:00:00+00:00,0.011884689971514114,0.011955593509820561,0.6739648768923049
1671753600000,11.85,11.89,11.67,11.79,503382.85,1671839999999,5937729.9395,18680,225519.65000000,2661261.45060000,0,2022-12-23 00:00:00+00:00,-0.005076153031860661,-0.005063291139240533,0.6424258224784395
1671840000000,11.79,11.83,11.64,11.67,345957.08,1671926399999,4049809.0611,11490,157203.33000000,1840753.86870000,0,2022-12-24 00:00:00+00:00,-0.010230268250814922,-0.010178117048346036,0.6426307719746799
1671926400000,11.68,11.74,11.51,11.68,630940.44,1672012799999,7337612.6817,18535,306782.59000000,3570082.92720000,0,2022-12-25 00:00:00+00:00,0.000856531101616428,0.0008568980291345785,0.6423456504309645
1672012800000,11.69,11.78,11.57,11.71,656385.55,1672099199999,7656416.0539,18122,308039.91000000,3594226.44130000,0,2022-12-26 00:00:00+00:00,0.0025652002095451236,0.0025684931506850806,0.6426499078455621
1672099200000,11.72,11.8,11.53,11.64,843496.11,1672185599999,9850159.6938,21921,430387.88000000,5026466.53250000,0,2022-12-27 00:00:00+00:00,-0.005995735306334268,-0.005977796754910392,0.6418728090063024
1672185600000,11.64,11.68,11.09,11.21,964246.13,1672271999999,10923045.5237,31624,415099.49000000,4700419.72740000,0,2022-12-28 00:00:00+00:00,-0.0376412052192232,-0.036941580756013725,0.6451127301634529
1672272000000,11.22,11.22,10.61,10.98,1028379.841,1672358399999,11301860.6359,32046,471274.94000000,5175209.56560000,0,2022-12-29 00:00:00+00:00,-0.020730801002683968,-0.020517395182872433,0.6475890341476582
1672358400000,10.98,10.99,10.54,10.87,1037690.22,1672444799999,11198174.8159,31399,453269.11000000,4893434.57700000,0,2022-12-30 00:00:00+00:00,-0.010068734948266659,-0.010018214936247882,0.6137968012942686
1672444800000,10.87,11.08,10.84,10.9,444155.56,1672531199999,4857394.4764,14609,218700.30000000,2392601.54880000,0,2022-12-31 00:00:00+00:00,0.0027560881019799838,0.002759889604415866,0.6127887009673045
1672531200000,10.9,10.94,10.64,10.87,855821.06,1672617599999,9249941.8978,21402,381499.71000000,4128976.50080000,0,2023-01-01 00:00:00+00:00,-0.0027560881019800805,-0.0027522935779817903,0.577503972948458
1672617600000,10.87,11.27,10.7,11.16,989618.96,1672703999999,10953267.1929,31194,492692.74000000,5454164.96420000,0,2023-01-02 00:00:00+00:00,0.02632925582004692,0.02667893284268641,0.5888501200072249
1672704000000,11.16,11.56,11.06,11.38,1149421.99,1672790399999,12997288.6574,38316,587580.51000000,6645158.91410000,0,2023-01-03 00:00:00+00:00,0.01952147174502011,0.01971326164874565,0.5740118820758169
1672790400000,11.38,12.3,11.34,12.08,1889080.62,1672876799999,22490498.4746,64500,935905.54000000,11143445.32940000,0,2023-01-04 00:00:00+00:00,0.05969376380848392,0.06151142355008776,0.6151110787990008
1672876800000,12.09,12.17,11.67,11.74,1194570.76,1672963199999,14222201.1644,36141,493002.33000000,5866842.71020000,0,2023-01-05 00:00:00+00:00,-0.028549378106718475,-0.028145695364238388,0.6200506707226394
1672963200000,11.74,11.82,11.36,11.78,1216666.03,1673049599999,14101544.1238,46048,567444.06000000,6580134.78310000,0,2023-01-06 00:00:00+00:00,0.0034013638234902605,0.0034071550255536653,0.6146184592692163
1673049600000,11.79,11.87,11.65,11.75,508959.94,1673135999999,5985646.5635,21512,230982.29000000,2716977.44410000,0,2023-01-07 00:00:00+00:00,-0.002549937633272648,-0.002546689303904892,0.6124304716668909
1673136000000,11.75,12.16,11.58,12.09,981816.74,1673222399999,11647536.7681,33236,476623.13000000,5656765.47570000,0,2023-01-08 00:00:00+00:00,0.028525424036533336,0.028936170212765955,0.6227166856608369
1673222400000,12.09,12.65,12.08,12.19,2600007.21,1673308799999,32255972.1024,84895,1213410.77000000,15064637.11900000,0,2023-01-09 00:00:00+00:00,0.00823727886647893,0.008271298593879317,0.6237739498415035
1673308800000,12.19,12.95,12.02,12.73,1873010.99,1673395199999,23491606.0824,77871,918010.86000000,11524500.36800000,0,2023-01-10 00:00:00+00:00,0.04334546907613499,0.044298605414273995,0.6310284363171919
1673395200000,12.73,16.04,12.25,15.86,9296759.42,1673481599999,132279457.6421,266430,4612242.70000000,65611274.76870000,0,2023-01-11 00:00:00+00:00,0.21983880363738662,0.24587588373919855,0.9949957109170688
1673481600000,15.86,16.5,14.65,15.43,8264385.87,1673567999999,128324493.7387,250148,3828088.99000000,59424928.06400000,0,2023-01-12 00:00:00+00:00,-0.027486549831632442,-0.027112232030264805,0.9848757468306242
1673568000000,15.44,16.6,14.95,15.96,5273534.1,1673654399999,82831558.9907,148488,2524579.04000000,39686555.45000000,0,2023-01-13 00:00:00+00:00,0.03377192564659329,0.03434867141931308,0.9899421487754108
1673654400000,15.97,18.54,15.79,16.94,10287102.04,1673740799999,173965988.3405,326559,4860669.38000000,82241022.19960000,0,2023-01-14 00:00:00+00:00,0.0595920972022456,0.06140350877192979,0.9937099486921996
1673740800000,16.93,17.2,16.0,16.8,4678970.49,1673827199999,77619943.4289,132855,2235395.55000000,37082471.76750000,0,2023-01-15 00:00:00+00:00,-0.008298802814695179,-0.008264462809917439,0.9060392119641252
1673827200000,16.79,17.34,16.06,16.74,3928124.39,1673913599999,65558570.1181,129516,1920179.97000000,32054784.52330000,0,2023-01-16 00:00:00+00:00,-0.003577821347884078,-0.0035714285714286698,0.9075727129339629
1673913600000,16.74,18.21,16.53,17.12,4359330.19,1673999999999,75441940.8281,155011,2091272.80000000,36183121.34330000,0,2023-01-17 00:00:00+00:00,0.02244630565226703,0.022700119474313274,0.9071537871986487
1674000000000,17.13,17.41,15.5,15.82,4109688.2,1674086399999,68053868.0695,158251,1923699.32000000,31880661.87130000,0,2023-01-18 00:00:00+00:00,-0.07897240837408831,-0.07593457943925241,0.9401422009558934
1674086400000,15.81,16.3,15.7,16.19,2010163.26,1674172799999,32167560.4171,70162,1020085.91000000,16328080.85720000,0,2023-01-19 00:00:00+00:00,0.02311880535003603,0.023388116308470375,0.9317721743357719
1674172800000,16.19,17.57,15.86,17.48,3086123.26,1674259199999,52088871.6914,113555,1578870.16000000,26688052.92840000,0,2023-01-20 00:00:00+00:00,0.07666360253784561,0.07967881408276711,0.9530714951860162
1674259200000,17.49,17.76,16.83,16.88,3798234.96,1674345599999,65666701.1346,137720,1823943.92000000,31538115.94260000,0,2023-01-21 00:00:00+00:00,-0.03492788105957846,-0.034324942791762125,0.9678526221157433
1674345600000,16.87,18.45,16.79,17.34,4196670.88,1674431999999,74112784.9288,170915,2061943.47000000,36410316.38570000,0,2023-01-22 00:00:00+00:00,0.026886482184584767,0.027251184834123254,0.9672618302517721
1674432000000,17.34,18.32,17.21,17.97,3276110.41,1674518399999,58109928.7652,128488,1623759.88000000,28811702.12680000,0,2023-01-23 00:00:00+00:00,0.03568772944307188,0.03633217993079585,0.9667266990261262
1674518400000,17.97,18.97,16.75,17.0,3499087.1,1674604799999,63299881.8824,141829,1666958.29000000,30158424.56870000,0,2023-01-24 00:00:00+00:00,-0.05549035673925156,-0.0539788536449638,0.9961848189695759
1674604800000,16.99,18.27,16.52,17.79,2663219.54,1674691199999,46158913.4755,116578,1312366.78000000,22736697.37650000,0,2023-01-25 00:00:00+00:00,0.04542315762152762,0.04647058823529404,1.001998941954098
1674691200000,17.8,18.8,17.78,18.08,3441891.58,1674777599999,62599123.0271,133463,1689432.20000000,30728305.60900000,0,2023-01-26 00:00:00+00:00,0.0161698532862866,0.01630129286115789,0.9994279759250636
1674777600000,18.09,21.67,17.45,21.2,4903029.78,1674863999999,94906857.286,218259,2495733.12000000,48430093.14500000,0,2023-01-27 00:00:00+00:00,0.15919482671393648,0.1725663716814161,1.1004592007087637
1674864000000,21.19,21.81,20.05,20.54,4474456.15,1674950399999,92788078.5668,214025,2128503.16000000,44127817.27800000,0,2023-01-28 00:00:00+00:00,-0.031626977177554645,-0.031132075471698162,1.1063303274252996
1674950400000,20.54,21.17,20.08,20.99,2599913.75,1675036799999,53766064.5748,118117,1251701.40000000,25902850.26790000,0,2023-01-29 00:00:00+00:00,0.021671929332129514,0.02190847127555995,1.100681305082647
1675036800000,20.99,21.31,19.25,19.74,4917486.44,1675123199999,100246091.3726,221186,2283043.41000000,46508852.88910000,0,2023-01-30 00:00:00+00:00,-0.061399099827206115,-0.05955216769890426,1.136902905037498
1675123200000,19.73,20.19,19.31,19.8,2564633.38,1675209599999,50668727.6835,116068,1259643.00000000,24885973.64390000,0,2023-01-31 00:00:00+00:00,0.003034903695154111,0.003039513677811634,1.1356358219787774
1675209600000,19.8,21.06,18.69,20.95,4614268.07,1675295999999,90846309.1929,205928,2221789.04000000,43789246.90590000,0,2023-02-01 00:00:00+00:00,0.05645670866765707,0.058080808080807955,1.1425936082917474
1675296000000,20.95,22.79,20.82,21.21,6298959.25,1675382399999,138528657.3109,282389,3164253.08000000,69632700.54620000,0,2023-02-02 00:00:00+00:00,0.012334122208444464,0.012410501193317547,1.1429851132167541
1675382400000,21.21,21.96,20.68,21.36,3283902.72,1675468799999,69851250.2882,134423,1601886.60000000,34079514.53860000,0,2023-02-03 00:00:00+00:00,0.007047245515402922,0.007072135785006983,1.1351352545424513
1675468800000,21.35,21.69,20.84,21.04,2173964.82,1675555199999,46196243.1034,79384,1036507.74000000,22031085.07470000,0,2023-02-04 00:00:00+00:00,-0.015094626222485016,-0.014981273408239737,1.1289953509911659
1675555200000,21.03,21.15,19.71,20.08,2975611.73,1675641599999,60549243.965,121657,1394561.71000000,28383963.07220000,0,2023-02-05 00:00:00+00:00,-0.046701093045980725,-0.04562737642585557,1.151264207811898
1675641600000,20.09,20.43,19.42,19.58,1856607.05,1675727999999,37135408.5358,79434,851612.70000000,17042696.18550000,0,2023-02-06 00:00:00+00:00,-0.0252156577211641,-0.02490039840637448,1.1589898535995853
1675728000000,19.58,21.0,19.51,20.83,2538688.73,1675814399999,51363309.0135,91395,1199337.96000000,24275783.49250000,0,2023-02-07 00:00:00+00:00,0.0618856181705164,0.06384065372829428,1.1689559445852105
1675814400000,20.83,21.02,19.62,20.11,1760631.93,1675900799999,35859512.546,71120,823607.93000000,16777244.07120000,0,2023-02-08 00:00:00+00:00,-0.035177051488319906,-0.03456553048487754,1.1833026620343525
1675900800000,20.11,20.24,17.44,17.9,3124670.9,1675987199999,59484285.4498,131853,1465007.83000000,27903113.55770000,0,2023-02-09 00:00:00+00:00,-0.1164164909378514,-0.10989557434112385,1.2663076489302794
1675987200000,17.9,18.24,17.49,17.79,1666736.69,1676073599999,29903620.4367,76377,771260.93000000,13837969.58260000,0,2023-02-10 00:00:00+00:00,-0.0061642111689655015,-0.0061452513966480105,1.0192836770119769
1676073600000,17.78,18.11,17.66,18.01,937640.27,1676159999999,16751422.8724,39047,494116.79000000,8828545.56440000,0,2023-02-11 00:00:00+00:00,0.012290657510121159,0.012366498032602813,1.0133286062178783
1676160000000,18.02,18.49,17.52,17.78,2661843.26,1676246399999,48228890.5391,70468,1335404.74000000,24198894.23080000,0,2023-02-12 00:00:00+00:00,-0.01285292910210618,-0.01277068295391448,1.009799845953325
1676246400000,17.78,17.86,16.84,17.63,1833234.74,1676332799999,31820834.9284,87923,866618.35000000,15051925.02020000,0,2023-02-13 00:00:00+00:00,-0.008472233675979742,-0.00843644544431954,0.9900134076346214
1676332800000,17.63,18.29,17.11,18.14,2085039.59,1676419199999,37075845.4141,87263,1029369.36000000,18313170.96470000,0,2023-02-14 00:00:00+00:00,0.028517448277211845,0.0289279636982418,0.9938276550631578
1676419200000,18.15,19.96,17.91,19.94,2162105.31,1676505599999,40826355.6404,99936,1067031.31000000,20133347.11730000,0,2023-02-15 00:00:00+00:00,0.09460831984670168,0.09922822491730976,1.043944992913041
1676505600000,19.94,20.39,18.55,18.59,3100356.46,1676591999999,61105350.7748,140323,1549490.17000000,30573875.86930000,0,2023-02-16 00:00:00+00:00,-0.07010396280033974,-0.06770310932798407,1.0748610169655937
1676592000000,18.59,19.65,18.48,19.45,1832312.79,1676678399999,35095475.7303,80573,921938.14000000,17664534.43760000,0,2023-02-17 00:00:00+00:00,0.04522326833110261,0.046261430876815446,1.0428400961905764
1676678400000,19.46,20.11,19.29,19.54,2371957.08,1676764799999,46716045.9388,76229,1115998.72000000,21976907.35850000,0,2023-02-18 00:00:00+00:00,0.0046165765501814055,0.004627249357326502,1.0412108472826977
1676764800000,19.55,20.42,19.26,19.81,2282135.36,1676851199999,45314544.0159,101816,1135678.94000000,22553960.81340000,0,2023-02-19 00:00:00+00:00,0.013723214095822753,0.013817809621289534,1.0103403795753017
1676851200000,19.8,21.38,19.02,20.82,3948087.09,1676937599999,81441043.3782,171667,1966268.67000000,40542431.72930000,0,2023-02-20 00:00:00+00:00,0.049727202476363426,0.0509843513377084,1.012255540326787
1676937600000,20.82,21.66,19.9,20.98,4109262.76,1677023999999,85273752.9331,184604,1928797.32000000,40006123.65890000,0,2023-02-21 00:00:00+00:00,0.007655539781328278,0.007684918347742542,1.0097180589841428
1677024000000,20.98,21.56,19.58,20.32,5077444.91,1677110399999,104139370.1629,230420,2540792.73000000,52152624.75660000,0,2023-02-22 00:00:00+00:00,-0.03196398025786995,-0.03145853193517634,1.0125495318826423
1677110400000,20.31,20.73,19.52,19.71,2303332.47,1677196799999,46332361.7526,103780,1137057.21000000,22871268.08300000,0,2023-02-23 00:00:00+00:00,-0.03047950154565225,-0.030019685039370025,0.9976734302229203
1677196800000,19.72,19.82,18.03,18.39,2530031.98,1677283199999,47774650.8463,124859,1142944.00000000,21567866.66750000,0,2023-02-24 00:00:00+00:00,-0.06931908254839911,-0.0669710806697108,1.0191070641472382
1677283200000,18.39,18.62,17.44,17.94,2202952.2,1677369599999,39855273.9764,99102,1056840.05000000,19131714.65280000,0,2023-02-25 00:00:00+00:00,-0.024774181985579586,-0.02446982055464919,1.0214937785926945
1677369600000,17.95,18.57,17.82,18.43,1010025.02,1677455999999,18383792.2546,49294,499659.55000000,9096696.95080000,0,2023-02-26 00:00:00+00:00,0.026946915051081873,0.027313266443701245,0.8517138821435332
1677456000000,18.44,18.65,17.71,17.93,1411212.86,1677542399999,25607343.4992,69043,699276.47000000,12690222.83100000,0,2023-02-27 00:00:00+00:00,-0.027504484064690412,-0.027129679869777545,0.850191524254734
1677542400000,17.93,17.94,16.93,17.09,1522776.6,1677628799999,26587579.4305,83367,701263.80000000,12253812.35030000,0,2023-02-28 00:00:00+00:00,-0.04798179048954194,-0.04684885666480754,0.8578535855673526
1677628800000,17.1,17.83,16.98,17.77,1103389.17,1677715199999,19397437.1369,59976,545155.92000000,9590814.19550000,0,2023-03-01 00:00:00+00:00,0.03901814503906033,0.03978935049736676,0.8489494132184598
1677715200000,17.76,17.86,17.11,17.47,877078.59,1677801599999,15201011.8628,48274,433473.33000000,7510530.18640000,0,2023-03-02 00:00:00+00:00,-0.017026518020594815,-0.01688238604389425,0.8498878407027521
1677801600000,17.47,17.48,15.81,16.66,2000407.8,1677887999999,32767139.749,109630,909244.71000000,14885914.66700000,0,2023-03-03 00:00:00+00:00,-0.04747448740726844,-0.04636519748139656,0.833732549683255
1677888000000,16.66,16.9,15.74,16.14,1088928.35,1677974399999,17813346.6153,55412,513460.96000000,8398307.43500000,0,2023-03-04 00:00:00+00:00,-0.031709973896893826,-0.031212484993997536,0.8346072692195906
1677974400000,16.14,16.52,16.06,16.14,745976.87,1678060799999,12167464.0171,36705,357630.17000000,5835790.88180000,0,2023-03-05 00:00:00+00:00,0.0,0.0,0.8332514973119246
1678060800000,16.14,16.7,15.82,16.52,1348393.86,1678147199999,22002952.4546,62809,667778.08000000,10900902.21290000,0,2023-03-06 00:00:00+00:00,0.02327110525102916,0.023543990086740907,0.8406304644728885
1678147200000,16.51,16.73,15.85,16.17,1448118.8,1678233599999,23503545.9709,60776,714768.86000000,11604178.08070000,0,2023-03-07 00:00:00+00:00,-0.021414094503816358,-0.021186440677965934,0.830568525171608
1678233600000,16.17,16.26,15.0,15.12,1623242.29,1678319999999,25433756.3182,73449,771893.28000000,12107898.45760000,0,2023-03-08 00:00:00+00:00,-0.06713930283762869,-0.06493506493506507,0.8545293740405939
1678320000000,15.11,15.69,14.2,14.41,2487752.3,1678406399999,36998124.5741,99840,1187941.64000000,17662644.91500000,0,2023-03-09 00:00:00+00:00,-0.048095960739956124,-0.046957671957671865,0.8259558157502995
1678406400000,14.42,15.28,13.88,14.8,3176465.15,1678492799999,46183612.8182,119870,1540827.16000000,22422547.66580000,0,2023-03-10 00:00:00+00:00,0.026704770758638655,0.02706453851492019,0.8325444186354308
1678492800000,14.79,15.19,13.93,14.51,2626062.79,1678579199999,37866487.3328,98297,1240649.90000000,17883292.59830000,0,2023-03-11 00:00:00+00:00,-0.01978911387397298,-0.019594594594594672,0.740554731454613
1678579200000,14.51,16.29,14.2,16.18,2935250.36,1678665599999,44631183.8229,122733,1479085.98000000,22513270.17740000,0,2023-03-12 00:00:00+00:00,0.10893784473424921,0.11509303928325298,0.8438182234069155
1678665600000,16.17,16.78,15.45,16.47,3653015.82,1678751999999,59049962.2486,148001,1900443.04000000,30734652.61310000,0,2023-03-13 00:00:00+00:00,0.017764632559203245,0.01792336217552526,0.8452946435127643
1678752000000,16.47,17.91,16.07,17.15,4819447.82,1678838399999,81970536.5017,178933,2372347.04000000,40349114.03590000,0,2023-03-14 00:00:00+00:00,0.040457629422400034,0.041287188828172505,0.8578177322649664
1678838400000,17.15,17.42,15.33,15.55,3381885.34,1678924799999,55175959.11,140842,1741913.93000000,28402349.85490000,0,2023-03-15 00:00:00+00:00,-0.09793753498670571,-0.09329446064139935,0.9217404893446334
1678924800000,15.55,16.09,15.24,15.83,2101663.41,1679011199999,32958246.0935,100362,1029908.28000000,16153612.13730000,0,2023-03-16 00:00:00+00:00,0.01784623526767755,0.01800643086816711,0.9177181189238184
1679011200000,15.83,17.77,15.63,17.64,2625807.19,1679097599999,43768970.6909,115037,1298886.20000000,21661440.42870000,0,2023-03-17 00:00:00+00:00,0.10826217668572456,0.11433986102337346,0.9373111678089874
1679097600000,17.64,18.25,16.85,16.98,2990812.4,1679183999999,52378447.6722,136502,1480154.44000000,25937012.87010000,0,2023-03-18 00:00:00+00:00,-0.03813286969544403,-0.0374149659863946,0.9153454284490495
1679184000000,16.99,18.08,16.96,17.53,1927204.31,1679270399999,33932059.2696,98288,963515.28000000,16966851.80320000,0,2023-03-19 00:00:00+00:00,0.03187751804994188,0.03239104829210837,0.9076438248622604
1679270400000,17.53,17.78,16.52,16.64,2421215.7,1679356799999,41698320.5881,116510,1173258.36000000,20213283.80670000,0,2023-03-20 00:00:00+00:00,-0.05210426354008063,-0.05077010838562468,0.9227255707389642
1679356800000,16.64,17.55,16.33,17.44,2044599.43,1679443199999,34835823.5463,104711,992414.40000000,16906936.04490000,0,2023-03-21 00:00:00+00:00,0.04695698308777108,0.04807692307692313,0.9385205480545276
1679443200000,17.43,17.93,16.26,16.74,3533834.3,1679529599999,60899575.6477,169008,1786269.11000000,30808991.68010000,0,2023-03-22 00:00:00+00:00,-0.040965353419504434,-0.0401376146788992,0.9261058916136804
1679529600000,16.75,17.9,16.57,17.54,2132767.64,1679615999999,37044717.0507,96695,1155161.39000000,20077835.88960000,0,2023-03-23 00:00:00+00:00,0.04668292188270787,0.0477897252090802,0.9438575598703994
1679616000000,17.54,17.65,16.66,16.95,1168422.63,1679702399999,20031297.7932,60816,545083.44000000,9352234.74910000,0,2023-03-24 00:00:00+00:00,-0.03421615311757772,-0.033637400228050174,0.9446705776667926
1679702400000,16.96,17.15,16.38,16.89,1012240.42,1679788799999,16953254.578,59680,521230.90000000,8728128.31720000,0,2023-03-25 00:00:00+00:00,-0.0035461030067504774,-0.003539823008849474,0.9405646977819061
1679788800000,16.89,17.29,16.86,17.12,842868.94,1679875199999,14393944.7026,45051,409217.77000000,6991862.79070000,0,2023-03-26 00:00:00+00:00,0.013525639893887434,0.013617525162818334,0.9134220525485378
1679875200000,17.12,17.15,16.0,16.49,1496965.41,1679961599999,24796799.4388,71521,696122.09000000,11539209.47750000,0,2023-03-27 00:00:00+00:00,-0.03749323414208865,-0.036799065420560884,0.9184096712286477
1679961600000,16.48,16.85,16.3,16.71,1416651.25,1680047999999,23483717.8115,62214,702353.84000000,11646974.30190000,0,2023-03-28 00:00:00+00:00,0.013253206035794983,0.013341419041843716,0.914057281931417
1680048000000,16.72,17.41,16.65,17.31,1647283.13,1680134399999,28347879.2026,63323,770657.60000000,13262716.53790000,0,2023-03-29 00:00:00+00:00,0.035277026580815454,0.03590664272890476,0.9193203300867268
1680134400000,17.32,17.57,16.91,17.23,1878919.84,1680220799999,32465515.8102,77869,885751.60000000,15301707.55870000,0,2023-03-30 00:00:00+00:00,-0.004632318648279518,-0.0046216060080876975,0.9038445439439869
1680220800000,17.23,17.84,17.08,17.7,1573547.04,1680307199999,27445923.839,63239,782723.56000000,13652712.71680000,0,2023-03-31 00:00:00+00:00,0.026912589039945034,0.02727800348229814,0.8982822176426516
1680307200000,17.7,17.89,17.54,17.8,864902.81,1680393599999,15313441.9541,37585,377820.22000000,6689685.05740000,0,2023-04-01 00:00:00+00:00,0.005633817718256064,0.005649717514124353,0.896393482026688
1680393600000,17.79,17.85,17.06,17.25,918449.47,1680479999999,15997347.7282,40619,449310.26000000,7826533.52590000,0,2023-04-02 00:00:00+00:00,-0.03138631382067072,-0.030898876404494402,0.8872381967276921
1680480000000,17.24,17.45,16.65,17.11,1669238.44,1680566399999,28558818.9287,70349,771745.28000000,13211527.98480000,0,2023-04-03 00:00:00+00:00,-0.008149055573266726,-0.008115942028985579,0.8800288718721305
1680566400000,17.1,17.67,16.97,17.65,1290395.25,1680652799999,22393695.8484,47277,674959.04000000,11713975.99410000,0,2023-04-04 00:00:00+00:00,0.031072695475203607,0.03156049094097013,0.8858195239856516
1680652800000,17.65,18.38,17.44,18.0,2189499.57,1680739199999,39406410.9575,91168,1006027.97000000,18104305.32600000,0,2023-04-05 00:00:00+00:00,0.019635974516858935,0.019830028328611915,0.8848617806045663
1680739200000,17.99,18.35,17.63,17.97,1494645.37,1680825599999,26924351.904,61311,752531.60000000,13564909.17130000,0,2023-04-06 00:00:00+00:00,-0.0016680571006970587,-0.0016666666666667052,0.8807148555864042
1680825600000,17.98,18.14,17.42,17.6,1023361.07,1680911999999,18126661.0984,40318,481342.62000000,8529165.38600000,0,2023-04-07 00:00:00+00:00,-0.02080479875136145,-0.02058987200890361,0.848155430578119
1680912000000,17.6,17.74,17.33,17.45,565313.8,1680998399999,9935020.3653,25871,289001.32000000,5080556.54490000,0,2023-04-08 00:00:00+00:00,-0.00855925339567006,-0.008522727272727404,0.8279375968928049
1680998400000,17.45,17.65,17.25,17.54,627757.54,1681084799999,10934568.4578,29995,331518.33000000,5775209.81040000,0,2023-04-09 00:00:00+00:00,0.005144338295600713,0.00515759312320907,0.8246853059114474
1681084800000,17.54,17.97,17.37,17.94,1022190.46,1681171199999,18066250.4795,45974,493471.73000000,8717677.99070000,0,2023-04-10 00:00:00+00:00,0.022548869686613283,0.022805017103763037,0.8214561893226318
1681171200000,17.93,18.62,17.87,18.14,1487121.23,1681257599999,27156033.4243,66589,753878.57000000,13767310.99330000,0,2023-04-11 00:00:00+00:00,0.01108658805634055,0.011148272017837302,0.735102896115949
1681257600000,18.13,19.21,17.68,18.26,3554063.45,1681343999999,64449888.9025,132957,1636574.74000000,29715983.24440000,0,2023-04-12 00:00:00+00:00,0.006593430479831905,0.006615214994487362,0.7334649931686996
1681344000000,18.26,19.08,18.11,18.84,2456777.92,1681430399999,45921153.1388,95307,1183978.47000000,22135545.88610000,0,2023-04-13 00:00:00+00:00,0.031269393981394465,0.03176341730558585,0.7283103923770207
1681430400000,18.83,19.32,18.46,19.22,2348398.47,1681516799999,44608549.7978,96807,1148680.32000000,21826535.22910000,0,2023-04-14 00:00:00+00:00,0.01996913439392932,0.020169851380042347,0.632139629406166
1681516800000,19.22,19.52,18.99,19.07,1527045.96,1681603199999,29327736.9077,62864,739524.13000000,14208695.61960000,0,2023-04-15 00:00:00+00:00,-0.007834983929818688,-0.007804370447450526,0.632972224457163
1681603200000,19.07,20.55,18.84,20.17,2486851.7,1681689599999,49092230.5387,109209,1298701.36000000,25702617.07820000,0,2023-04-16 00:00:00+00:00,0.05607993235379286,0.057682223387519826,0.5474747476682615
1681689600000,20.17,21.28,19.96,20.51,4308383.8,1681775999999,88923987.2587,195039,2174879.29000000,44917485.20800000,0,2023-04-17 00:00:00+00:00,0.016716220118168743,0.016856717897868023,0.5267953310748484
1681776000000,20.52,21.56,20.26,21.2,2400684.58,1681862399999,50725754.5821,111055,1159375.87000000,24504475.29890000,0,2023-04-18 00:00:00+00:00,0.0330886095936774,0.03364212579229631,0.527551941075326
1681862400000,21.2,21.22,18.55,18.98,3606353.32,1681948799999,70830009.5232,171423,1709591.13000000,33588455.18310000,0,2023-04-19 00:00:00+00:00,-0.11061538849618488,-0.10471698113207539,0.6372121487599619
1681948800000,18.98,19.43,18.13,18.3,2533024.6,1682035199999,47683834.2111,105579,1229875.26000000,23152284.86510000,0,2023-04-20 00:00:00+00:00,-0.036484733334406556,-0.035827186512118026,0.6335079975551907
1682035200000,18.3,18.52,16.72,16.94,2949411.14,1682121599999,51911303.1839,112089,1409766.70000000,24819363.43600000,0,2023-04-21 00:00:00+00:00,-0.07722337062346685,-0.07431693989071031,0.6754115689450155
1682121600000,16.94,17.36,16.81,17.21,1163505.95,1682207999999,19929241.1121,49823,571259.75000000,9788231.77830000,0,2023-04-22 00:00:00+00:00,0.015812920999539615,0.015938606847697656,0.6571200183317819
1682208000000,17.22,17.25,16.49,16.84,1071665.53,1682294399999,18116505.0388,49118,475574.63000000,8042412.07970000,0,2023-04-23 00:00:00+00:00,-0.02173360140926747,-0.021499128413713042,0.6504999073425233
1682294400000,16.85,17.26,16.54,16.92,1229193.95,1682380799999,20767455.0907,56930,605428.79000000,10230107.97180000,0,2023-04-24 00:00:00+00:00,0.004739345363896568,0.004750593824228044,0.6506081977667103
1682380800000,16.93,17.77,16.75,17.63,1680320.99,1682467199999,28810943.1036,69399,865968.08000000,14848504.45770000,0,2023-04-25 00:00:00+00:00,0.041105642231701565,0.04196217494089827,0.6647517278185017
1682467200000,17.62,18.24,16.27,17.18,2820375.37,1682553599999,48868361.42,118420,1383975.08000000,23985231.64100000,0,2023-04-26 00:00:00+00:00,-0.02585607985366955,-0.02552467385138968,0.657474552061197
1682553600000,17.18,17.93,17.11,17.72,1574922.98,1682639999999,27641551.9033,72488,755863.40000000,13265063.88890000,0,2023-04-27 00:00:00+00:00,0.030948028620825463,0.03143189755529674,0.6643620195555552
1682640000000,17.72,17.81,17.21,17.55,915809.55,1682726399999,16035752.7139,39787,429164.24000000,7518056.77670000,0,2023-04-28 00:00:00+00:00,-0.009639995265059985,-0.00959367945823919,0.6544072005239894
1682726400000,17.56,17.72,17.33,17.49,596818.68,1682812799999,10465634.6373,26006,286260.73000000,5020173.28610000,0,2023-04-29 00:00:00+00:00,-0.0034246608813642146,-0.0034188034188035177,0.65430249463201
1682812800000,17.49,17.85,17.07,17.1,893876.28,1682899199999,15572793.3165,40403,437112.48000000,7618404.91480000,0,2023-04-30 00:00:00+00:00,-0.022550825521896373,-0.022298456260720245,0.6519136919138475
1682899200000,17.1,17.21,16.51,16.65,1160711.97,1682985599999,19563822.2212,46243,552951.96000000,9316927.70180000,0,2023-05-01 00:00:00+00:00,-0.026668247082161523,-0.026315789473684403,0.6573969552116609
1682985600000,16.64,16.97,16.49,16.84,781092.7,1683071999999,13054489.0765,31959,409175.49000000,6839964.32210000,0,2023-05-02 00:00:00+00:00,0.011346792387727865,0.011411411411411443,0.6504008066488027
1683072000000,16.84,17.37,16.39,17.21,1404905.59,1683158399999,23663007.8247,57796,736138.90000000,12404710.89670000,0,2023-05-03 00:00:00+00:00,0.021733601409267507,0.02197149643705476,0.6544914075169502
1683158400000,17.22,17.27,16.78,16.93,913527.62,1683244799999,15518899.967,32724,433132.85000000,7356793.66240000,0,2023-05-04 00:00:00+00:00,-0.01640341407840414,-0.01626961069145849,0.6472093714575392
1683244800000,16.93,17.73,16.73,17.38,1637028.01,1683331199999,28127892.4144,66614,887897.37000000,15274350.92350000,0,2023-05-05 00:00:00+00:00,0.026232923692201947,0.026580035440047167,0.6503082140377362
1683331200000,17.38,17.51,16.43,16.58,1231115.03,1683417599999,20716428.5492,48270,552452.70000000,9303747.26110000,0,2023-05-06 00:00:00+00:00,-0.04712297013009711,-0.04602991944764101,0.6697840303031471
1683417600000,16.58,16.73,16.31,16.41,783994.9,1683503999999,12992091.3353,29380,384805.33000000,6379235.30060000,0,2023-05-07 00:00:00+00:00,-0.010306244605149312,-0.010253317249698357,0.6672051253827754
1683504000000,16.41,16.5,14.8,15.42,2627129.13,1683590399999,40955596.6082,87557,1176093.24000000,18360931.86600000,0,2023-05-08 00:00:00+00:00,-0.062225536966816083,-0.06032906764168189,0.6990091757869831
1683590400000,15.42,15.58,15.21,15.31,965502.37,1683676799999,14863780.9278,31958,445860.42000000,6865034.70130000,0,2023-05-09 00:00:00+00:00,-0.007159158465591019,-0.007133592736705552,0.6982732677416454
1683676800000,15.32,15.74,14.66,15.52,2652746.29,1683763199999,40682860.9185,74291,1280629.97000000,19632598.09290000,0,2023-05-10 00:00:00+00:00,0.01362330508548018,0.013716525146962644,0.694600758403493
1683763200000,15.52,15.53,14.76,14.95,1333686.77,1683849599999,20176405.1831,45446,605887.56000000,9166037.57690000,0,2023-05-11 00:00:00+00:00,-0.03741821491837724,-0.03672680412371132,0.7011853569778588
1683849600000,14.96,15.22,14.52,15.19,1520092.84,1683935999999,22611838.5063,49076,769504.03000000,11451404.94620000,0,2023-05-12 00:00:00+00:00,0.01592601677098613,0.016053511705685697,0.704119364170075
1683936000000,15.19,15.21,14.9,14.91,588938.52,1684022399999,8854432.5822,20773,279825.09000000,4206888.26590000,0,2023-05-13 00:00:00+00:00,-0.018605187831034358,-0.018433179723502224,0.6921614116525908
1684022400000,14.91,15.14,14.79,15.03,651517.07,1684108799999,9757423.301,21458,330900.47000000,4956610.28140000,0,2023-05-14 00:00:00+00:00,0.008016074988236125,0.008048289738430636,0.6873651566235632
1684108800000,15.02,15.35,14.8,15.08,1309248.51,1684195199999,19869760.7949,35534,649490.01000000,9860861.71500000,0,2023-05-15 00:00:00+00:00,0.0033211588149269795,0.003326679973386648,0.6885395531780811
1684195200000,15.08,15.16,14.73,14.9,1044669.55,1684281599999,15585306.7311,32473,509387.10000000,7600320.37070000,0,2023-05-16 00:00:00+00:00,-0.012008149628396496,-0.011936339522546358,0.6488159093620124
1684281600000,14.91,15.3,14.61,15.17,1366340.39,1684367999999,20432740.2181,42328,668576.91000000,10003668.25880000,0,2023-05-17 00:00:00+00:00,0.017958580409027432,0.018120805369127524,0.6494761892072384
1684368000000,15.18,15.19,14.42,14.68,1392832.43,1684454399999,20636331.5561,40426,676454.54000000,10030589.30460000,0,2023-05-18 00:00:00+00:00,-0.032833770174071374,-0.03230059327620305,0.634903377026582
1684454400000,14.68,14.84,14.56,14.68,850528.6,1684540799999,12494002.9375,24768,396834.74000000,5830552.53410000,0,2023-05-19 00:00:00+00:00,0.0,0.0,0.5273310539240124
1684540800000,14.68,14.71,14.53,14.63,449868.14,1684627199999,6572507.8316,14215,198280.56000000,2897029.08600000,0,2023-05-20 00:00:00+00:00,-0.003411808154336548,-0.0034059945504086864,0.5178232170745993
1684627200000,14.63,14.7,14.17,14.31,799580.25,1684713599999,11524759.3866,22700,375187.91000000,5408931.72900000,0,2023-05-21 00:00:00+00:00,-0.02211562146367342,-0.021872863978127155,0.4564156375532513
1684713600000,14.31,14.79,14.08,14.68,1338597.29,1684799999999,19436268.2997,35499,667489.87000000,9700404.30790000,0,2023-05-22 00:00:00+00:00,0.025527429618010026,0.025856044723969296,0.46336330179302526
1684800000000,14.68,14.97,14.6,14.71,1082049.27,1684886399999,15956404.606,31400,484775.99000000,7152329.96750000,0,2023-05-23 00:00:00+00:00,0.00204151142697663,0.002043596730245234,0.4601606133284105
1684886400000,14.71,14.72,14.0,14.14,1527725.49,1684972799999,21790066.4909,40344,701641.89000000,10005243.46320000,0,2023-05-24 00:00:00+00:00,-0.03951987414491942,-0.03874915023793335,0.47463526003746104
1684972800000,14.14,14.25,13.71,14.08,1411087.75,1685059199999,19872912.6713,35253,599857.81000000,8452217.75510000,0,2023-05-25 00:00:00+00:00,-0.0042523097385303915,-0.004243281471004279,0.4433343408282203
1685059200000,14.08,14.39,13.96,14.33,1159336.18,1685145599999,16462543.3527,29183,559408.27000000,7944936.01330000,0,2023-05-26 00:00:00+00:00,0.017599891110184198,0.01775568181818188,0.4465825531289264
1685145600000,14.33,14.62,14.26,14.56,866210.61,1685231999999,12466830.6406,24260,404409.50000000,5823328.14970000,0,2023-05-27 00:00:00+00:00,0.01592280092845943,0.016050244242847178,0.4338094401077798
1685232000000,14.56,15.06,14.24,14.89,1663810.9,1685318399999,24389890.5351,50708,783136.65000000,11483839.21480000,0,2023-05-28 00:00:00+00:00,0.022411803927377627,0.022664835164835084,0.44519021628885735
1685318400000,14.9,14.98,14.35,14.48,1345784.55,1685404799999,19667156.4033,35886,596552.84000000,8722623.11110000,0,2023-05-29 00:00:00+00:00,-0.027921459738347306,-0.02753525856279382,0.4519167935369713
1685404800000,14.48,14.73,14.37,14.45,1193651.11,1685491199999,17354771.854,32603,581027.51000000,8446405.04790000,0,2023-05-30 00:00:00+00:00,-0.00207397239912926,-0.002071823204420009,0.44827601151288804
1685491200000,14.44,14.46,13.96,14.11,1145769.56,1685577599999,16200462.0313,36630,525073.03000000,7424514.45640000,0,2023-05-31 00:00:00+00:00,-0.02381064869371856,-0.02352941176470591,0.44669470550880747
1685577600000,14.1,14.3,13.83,14.09,1037684.09,1685663999999,14633844.7752,29716,485146.22000000,6843840.63540000,0,2023-06-01 00:00:00+00:00,-0.0014184399541337456,-0.0014174344436569397,0.44283144070550406
1685664000000,14.09,14.57,13.96,14.49,1166756.42,1685750399999,16784948.0537,34498,531520.25000000,7642435.46140000,0,2023-06-02 00:00:00+00:00,0.027993430422002086,0.02838892831795592,0.44826062817968465
1685750400000,14.49,14.6,14.39,14.58,728715.16,1685836799999,10582665.7776,19781,321995.84000000,4675657.16260000,0,2023-06-03 00:00:00+00:00,0.00619197024792098,0.006211180124223503,0.44842052908750885
1685836800000,14.57,14.93,14.52,14.79,1070607.7,1685923199999,15804563.2635,28981,479815.84000000,7085044.98320000,0,2023-06-04 00:00:00+00:00,0.014300550142196332,0.014403292181069949,0.439815408244285
1685923200000,14.79,14.9,13.48,13.87,2829208.26,1686009599999,40485782.5997,81476,1397270.46000000,20010360.11400000,0,2023-06-05 00:00:00+00:00,-0.06422304239596816,-0.062204192021636184,0.4636420935433097
1686009600000,13.87,14.67,13.81,14.62,1992149.85,1686095999999,28289622.7307,49774,933132.03000000,13240240.15360000,0,2023-06-06 00:00:00+00:00,0.052662219994892276,0.05407354001441966,0.5062593918761288
1686096000000,14.63,14.7,13.95,14.02,1702244.4,1686182399999,24372974.7667,44020,800970.72000000,11457571.88440000,0,2023-06-07 00:00:00+00:00,-0.04190557271518844,-0.041039671682626566,0.48110598813202204
1686182400000,14.01,14.11,13.79,13.93,920454.95,1686268799999,12839672.0528,26969,465098.19000000,6489113.47800000,0,2023-06-08 00:00:00+00:00,-0.006440093814729661,-0.006419400855920077,0.48103752979167064
1686268800000,13.93,14.25,13.7,13.75,1330825.25,1686355199999,18556998.2985,36362,661829.01000000,9229239.75040000,0,2023-06-09 00:00:00+00:00,-0.013005963679133993,-0.012921751615218913,0.4783116527176523
1686355200000,13.76,13.76,10.0,11.65,7634205.663,1686441599999,87539377.8836,219344,3767110.16000000,43189834.99550000,0,2023-06-10 00:00:00+00:00,-0.1657326441008707,-0.1527272727272727,0.7327510591589527
1686441600000,11.65,11.81,11.44,11.58,1692031.53,1686527999999,19671176.2252,43892,848977.29000000,9870880.97750000,0,2023-06-11 00:00:00+00:00,-0.006026707866860375,-0.006008583690987113,0.7275937512973675
1686528000000,11.58,11.61,11.16,11.52,1987087.75,1686614399999,22758230.6824,47456,1012606.57000000,11603651.45700000,0,2023-06-12 00:00:00+00:00,-0.005194816877104023,-0.005181347150259086,0.7268793151124776
1686614400000,11.52,12.08,11.43,11.8,1946941.54,1686700799999,22874085.9997,44316,986114.84000000,11585884.17100000,0,2023-06-13 00:00:00+00:00,0.02401487620387392,0.02430555555555558,0.7335930749382539
1686700800000,11.8,11.96,11.16,11.38,2059036.04,1686787199999,23889748.1371,45546,980730.39000000,11373355.36090000,0,2023-06-14 00:00:00+00:00,-0.03624210277343421,-0.035593220338983045,0.7388255759043173
1686787200000,11.39,11.57,11.02,11.41,2323911.7,1686873599999,26285962.9362,52201,1070577.99000000,12115744.74820000,0,2023-06-15 00:00:00+00:00,0.0026327351757993345,0.002636203866432263,0.7399351347279209
1686873600000,11.4,11.73,11.22,11.55,1210256.45,1686959999999,13870745.786,29026,580883.07000000,6657008.94250000,0,2023-06-16 00:00:00+00:00,0.012195273093818425,0.0122699386503069,0.7375718315487798
1686960000000,11.54,11.85,11.47,11.62,1144774.1,1687046399999,13395282.8989,26726,565018.78000000,6612354.83580000,0,2023-06-17 00:00:00+00:00,0.0060423144559624406,0.006060606060605878,0.734276778161745
1687046400000,11.63,11.63,11.25,11.34,1329941.71,1687132799999,15281307.2432,29304,607115.34000000,6977138.68660000,0,2023-06-18 00:00:00+00:00,-0.024391453124159124,-0.02409638554216864,0.7359461064402014
1687132800000,11.34,11.52,11.17,11.47,1123434.72,1687219199999,12739019.9848,24676,550748.93000000,6247181.39760000,0,2023-06-19 00:00:00+00:00,0.011398632841673391,0.011463844797178213,0.7390680034923883
1687219200000,11.48,12.13,11.17,12.12,1626750.24,1687305599999,18941224.0419,40464,817934.33000000,9530129.87400000,0,2023-06-20 00:00:00+00:00,0.05512204949988887,0.05666957279860485,0.7691395709754038
1687305600000,12.12,13.04,12.06,12.9,2738855.15,1687391999999,34288313.4013,69276,1417014.69000000,17737136.93860000,0,2023-06-21 00:00:00+00:00,0.06237033072645809,0.06435643564356441,0.7980603779594264
1687392000000,12.9,13.24,12.58,12.65,2240979.03,1687478399999,28919605.6701,63168,1132021.89000000,14614170.50050000,0,2023-06-22 00:00:00+00:00,-0.019570096194097223,-0.019379844961240345,0.7994550470498621
1687478400000,12.66,13.51,12.62,13.29,2283130.73,1687564799999,29855584.2629,60570,1101774.38000000,14424090.75520000,0,2023-06-23 00:00:00+00:00,0.04935465755162465,0.050592885375494,0.8112129893993396
1687564800000,13.28,13.4,12.73,13.01,1396657.31,1687651199999,18230605.3188,38277,659933.01000000,8614273.66620000,0,2023-06-24 00:00:00+00:00,-0.021293580200739962,-0.021068472535741067,0.813964009720793
1687651200000,13.01,13.68,12.97,13.44,1464082.61,1687737599999,19658998.522,43243,726435.97000000,9753254.71210000,0,2023-06-25 00:00:00+00:00,0.03251704257058957,0.03305149884704073,0.8202699597619548
1687737600000,13.44,13.69,12.96,13.15,2115880.03,1687823999999,28198537.7427,58497,995141.47000000,13263293.04940000,0,2023-06-26 00:00:00+00:00,-0.021813576471229907,-0.02157738095238093,0.8203736671886441
1687824000000,13.15,13.47,13.09,13.2,1323233.27,1687910399999,17580158.1331,35948,627672.23000000,8339295.19670000,0,2023-06-27 00:00:00+00:00,0.0037950709685515343,0.0038022813688212143,0.8155585930895202
1687910400000,13.2,13.21,12.08,12.34,2629569.82,1687996799999,33275891.1316,62645,1248360.25000000,15804848.54450000,0,2023-06-28 00:00:00+00:00,-0.06737081111508333,-0.06515151515151507,0.8413140963449032
1687996800000,12.34,12.96,12.27,12.67,1769980.72,1688083199999,22354674.7992,43871,865181.74000000,10927566.50920000,0,2023-06-29 00:00:00+00:00,0.0263909758558059,0.02674230145867096,0.8485287683554974
1688083200000,12.68,13.34,12.12,13.03,3869609.02,1688169599999,49796318.127,97319,1901011.64000000,24458203.79190000,0,2023-06-30 00:00:00+00:00,0.028017396803706025,0.0284135753749013,0.8528394169480679
1688169600000,13.03,13.16,12.83,12.99,1571688.38,1688255999999,20399462.6213,35100,837586.13000000,10868969.73470000,0,2023-07-01 00:00:00+00:00,-0.0030745604542454607,-0.003069838833461125,0.8528287749070637
1688256000000,13.0,13.22,12.71,13.13,2019538.49,1688342399999,26193050.4938,45397,1032835.62000000,13395488.99770000,0,2023-07-02 00:00:00+00:00,0.010719857632196645,0.010777521170130866,0.8471109639228098
1688342400000,13.13,13.49,13.07,13.25,2397430.98,1688428799999,31765229.7024,58862,1213384.19000000,16076429.88270000,0,2023-07-03 00:00:00+00:00,0.009097864117526439,0.009139375476009182,0.8475806570278418
1688428800000,13.25,13.4,13.0,13.04,2120178.89,1688515199999,28019470.1018,51196,1031527.34000000,13636030.69000000,0,2023-07-04 00:00:00+00:00,-0.015975995933724407,-0.01584905660377367,0.8462959472709923
1688515200000,13.04,13.16,12.5,12.67,1996286.11,1688601599999,25465377.3998,47989,966761.29000000,12328959.06510000,0,2023-07-05 00:00:00+00:00,-0.028784562165459097,-0.028374233128834248,0.8233770731812678
1688601600000,12.67,13.12,12.24,12.37,2295716.98,1688687999999,29097279.6386,58293,1118414.64000000,14173197.85510000,0,2023-07-06 00:00:00+00:00,-0.023962807928651155,-0.023677979479084454,0.8012428975290579
1688688000000,12.37,12.75,12.25,12.74,1501124.31,1688774399999,18897652.7034,34791,705734.73000000,8887838.17550000,0,2023-07-07 00:00:00+00:00,0.02947246373962092,0.029911075181891844,0.7991820630388528
1688774400000,12.74,13.89,12.72,13.64,4132298.8,1688860799999,55964752.9707,114301,2078056.37000000,28156049.65440000,0,2023-07-08 00:00:00+00:00,0.06826000227129887,0.07064364207221363,0.8369433785128767
1688860800000,13.64,14.21,13.57,13.58,2882299.75,1688947199999,40141403.8504,80696,1430331.88000000,19920630.56050000,0,2023-07-09 00:00:00+00:00,-0.0044085302847659685,-0.004398826979472137,0.8358890893410276
1688947200000,13.58,13.85,13.16,13.39,2544390.52,1689033599999,34077334.0958,64781,1217909.44000000,16307404.29730000,0,2023-07-10 00:00:00+00:00,-0.014089962427468879,-0.013991163475699508,0.589436557698975
1689033600000,13.38,13.69,13.15,13.27,2000014.47,1689119999999,26835736.1327,45060,921704.32000000,12366058.39960000,0,2023-07-11 00:00:00+00:00,-0.009002311358965088,-0.008961911874533324,0.590205181708931
1689120000000,13.26,13.38,12.85,13.01,1755979.45,1689206399999,23093581.559,43712,845127.92000000,11117284.72790000,0,2023-07-12 00:00:00+00:00,-0.019787555819702162,-0.019593067068575665,0.595406819666826
1689206400000,13.01,14.2,12.89,14.11,4270359.34,1689292799999,58829315.5196,111528,2167669.97000000,29885429.66340000,0,2023-07-13 00:00:00+00:00,0.08116547334030864,0.08455034588777854,0.6503563380826662
1689292800000,14.11,15.97,14.02,14.64,8887780.0,1689379199999,133732321.0394,238392,4316404.05000000,64898815.77250000,0,2023-07-14 00:00:00+00:00,0.036873742668442934,0.03756201275691007,0.6405726936607017
1689379200000,14.63,15.35,14.41,14.84,2332639.5,1689465599999,34756711.0549,62878,1089912.79000000,16233417.09630000,0,2023-07-15 00:00:00+00:00,0.013568729206068796,0.013661202185792254,0.6404699316763953
1689465600000,14.84,14.93,14.16,14.29,1645509.68,1689551999999,23976549.4465,47309,812602.66000000,11841241.85780000,0,2023-07-16 00:00:00+00:00,-0.037766245797458416,-0.037061994609164484,0.6604943099608429
1689552000000,14.29,14.62,13.8,14.4,1862297.69,1689638399999,26478735.3984,59849,884435.62000000,12574126.39460000,0,2023-07-17 00:00:00+00:00,0.0076682146401790925,0.007697690692792358,0.6604860173105366
1689638400000,14.4,14.59,13.61,13.8,1504811.26,1689724799999,21020941.4997,48799,701495.94000000,9805192.13380000,0,2023-07-18 00:00:00+00:00,-0.04255961441879589,-0.04166666666666663,0.6743017437733642
1689724800000,13.8,14.27,13.76,13.99,1249131.35,1689811199999,17493934.0733,40351,574742.42000000,8047912.67420000,0,2023-07-19 00:00:00+00:00,0.013674196514230685,0.013768115942028869,0.674554593644775
1689811200000,13.99,14.42,13.68,13.88,1776280.27,1689897599999,24927060.6139,53861,858874.05000000,12057136.27590000,0,2023-07-20 00:00:00+00:00,-0.007893833598731283,-0.007862759113652529,0.6529940387753006
1689897600000,13.87,14.07,13.72,13.98,920020.15,1689983999999,12823598.7235,29806,432831.21000000,6033509.79950000,0,2023-07-21 00:00:00+00:00,0.00717878172700577,0.007204610951008661,0.6189427171827033
1689984000000,13.98,14.05,13.29,13.53,911581.17,1690070399999,12494404.4724,32806,416035.46000000,5705617.04960000,0,2023-07-22 00:00:00+00:00,-0.032718294622967624,-0.032188841201716833,0.6265441423025362
1690070400000,13.52,13.75,13.39,13.54,798875.26,1690156799999,10856342.7482,24581,361161.03000000,4909028.13310000,0,2023-07-23 00:00:00+00:00,0.0007388253014322572,0.0007390983000739038,0.6030404006781227
1690156800000,13.54,13.6,12.77,13.11,1501733.4,1690243199999,19740644.2383,46911,707475.32000000,9294027.42090000,0,2023-07-24 00:00:00+00:00,-0.03227296970852046,-0.03175775480059084,0.609246371277102
1690243200000,13.11,13.55,13.04,13.33,1578349.7,1690329599999,20967809.315,45561,803805.00000000,10681320.37330000,0,2023-07-25 00:00:00+00:00,0.016641836415008774,0.016781083142639153,0.6011281352313704
1690329600000,13.34,13.47,13.08,13.27,1381301.05,1690415999999,18323120.1039,39108,643881.99000000,8539018.86330000,0,2023-07-26 00:00:00+00:00,-0.004511285846501237,-0.004501125281320406,0.5963354581856561
1690416000000,13.27,13.43,13.02,13.15,898069.06,1690502399999,11889887.5664,25892,412384.74000000,5460757.10770000,0,2023-07-27 00:00:00+00:00,-0.009084089720342473,-0.00904295403165023,0.5970778054525558
1690502400000,13.15,13.3,13.01,13.22,669907.99,1690588799999,8813905.3021,18911,338287.04000000,4449602.85340000,0,2023-07-28 00:00:00+00:00,0.005309075799766693,0.005323193916349833,0.5456604560570805
1690588800000,13.23,13.3,13.15,13.23,306523.52,1690675199999,4053677.3045,10340,142069.53000000,1879126.53660000,0,2023-07-29 00:00:00+00:00,0.0007561437033240965,0.0007564296520423675,0.5386951224438247
1690675200000,13.24,13.41,12.92,13.12,898388.07,1690761599999,11868363.0834,26353,434691.20000000,5746554.16360000,0,2023-07-30 00:00:00+00:00,-0.008349194610921404,-0.008314436885865528,0.5309942119035194
1690761600000,13.12,13.42,12.69,12.82,1110757.24,1690847999999,14411803.4363,31319,520713.97000000,6754702.10000000,0,2023-07-31 00:00:00+00:00,-0.023131332023418966,-0.02286585365853655,0.5371380697991471
1690848000000,12.81,12.9,12.4,12.89,1385072.75,1690934399999,17563963.0775,37732,708574.32000000,8988898.35450000,0,2023-08-01 00:00:00+00:00,0.005445365458572138,0.00546021840873645,0.5360729339399313
1690934400000,12.89,12.96,12.42,12.55,1017575.22,1691020799999,12885950.607,26096,454247.97000000,5753382.68290000,0,2023-08-02 00:00:00+00:00,-0.026731151373303074,-0.026377036462373882,0.542432270784281
1691020800000,12.54,12.64,12.36,12.44,956470.45,1691107199999,11964056.0499,21045,463247.03000000,5796362.43030000,0,2023-08-03 00:00:00+00:00,-0.008803578266759635,-0.00876494023904395,0.5406485893118262
1691107200000,12.45,12.61,12.25,12.41,699345.21,1691193599999,8714283.2503,19177,348829.90000000,4349454.81660000,0,2023-08-04 00:00:00+00:00,-0.002414488094517464,-0.002411575562700885,0.5316920906193244
1691193600000,12.41,12.45,12.29,12.45,412492.25,1691279999999,5094631.8872,12624,211049.99000000,2607646.23930000,0,2023-08-05 00:00:00+00:00,0.003218023694200793,0.003223207091055613,0.5251309803544156
1691280000000,12.45,12.67,12.42,12.59,562034.72,1691366399999,7070093.8777,17371,293067.79000000,3687648.19260000,0,2023-08-06 00:00:00+00:00,0.011182225145539227,0.011244979919678766,0.5161029241641937
1691366400000,12.6,12.77,12.2,12.47,1011365.55,1691452799999,12656414.963,27716,483280.99000000,6047638.74420000,0,2023-08-07 00:00:00+00:00,-0.009577088364310603,-0.009531374106433566,0.45338366771373584
1691452800000,12.46,12.81,12.38,12.68,1262794.87,1691539199999,15897607.2514,28310,639330.98000000,8052938.41060000,0,2023-08-08 00:00:00+00:00,0.016700189317134715,0.016840417000801855,0.4585017607932026
1691539200000,12.69,12.81,12.5,12.62,824323.31,1691625599999,10432851.8951,19305,394314.74000000,4992189.93950000,0,2023-08-09 00:00:00+00:00,-0.004743091896012849,-0.004731861198738252,0.45662835725442447
1691625600000,12.63,12.67,12.47,12.48,902127.87,1691711999999,11346922.8599,19174,454792.84000000,5722589.21190000,0,2023-08-10 00:00:00+00:00,-0.011155494171785399,-0.011093502377178988,0.4571069834103419
1691712000000,12.49,12.55,12.35,12.44,499834.93,1691798399999,6228259.4491,14667,237030.61000000,2954509.35520000,0,2023-08-11 00:00:00+00:00,-0.0032102756302483213,-0.0032051282051283048,0.4526443109867688
1691798400000,12.44,12.49,12.35,12.39,316232.47,1691884799999,3932764.4354,10091,150261.11000000,1869236.82840000,0,2023-08-12 00:00:00+00:00,-0.004027391669982209,-0.004019292604501512,0.34048153080642296
1691884800000,12.4,12.43,12.2,12.27,504796.73,1691971199999,6222172.6267,16005,250902.81000000,3093188.68090000,0,2023-08-13 00:00:00+00:00,-0.009732436918231111,-0.009685230024213176,0.30661348311449277
1691971200000,12.27,12.46,12.15,12.37,698660.88,1692057599999,8622920.0751,16899,306077.00000000,3778008.38960000,0,2023-08-14 00:00:00+00:00,0.00811692768157639,0.008149959250203676,0.30282583265773005
1692057600000,12.37,12.38,11.29,11.83,1220493.22,1692143999999,14487265.8742,36459,550898.32000000,6534463.87140000,0,2023-08-15 00:00:00+00:00,-0.04463550841410101,-0.043654001616814764,0.31266380109990277
1692144000000,11.83,11.87,11.07,11.38,1453581.04,1692230399999,16644155.3813,34681,699503.96000000,8008830.29850000,0,2023-08-16 00:00:00+00:00,-0.03878124929211047,-0.03803888419273027,0.3281458165374496
1692230400000,11.39,11.51,9.99,10.57,2153968.62,1692316799999,23524130.398,74171,971184.06000000,10625900.76260000,0,2023-08-17 00:00:00+00:00,-0.07383762881603859,-0.0711775043936731,0.383293969482873
1692316800000,10.58,11.0,10.53,10.81,1456015.19,1692403199999,15673309.1601,41733,747819.14000000,8052033.72130000,0,2023-08-18 00:00:00+00:00,0.022451831768970663,0.022705771050141932,0.3909436648678849
1692403200000,10.8,10.89,10.56,10.81,867573.99,1692489599999,9298433.7891,25340,361502.45000000,3880348.96560000,0,2023-08-19 00:00:00+00:00,0.0,0.0,0.3920899801583505
1692489600000,10.81,10.93,10.74,10.86,444700.39,1692575999999,4821467.4307,13277,219514.91000000,2380423.70560000,0,2023-08-20 00:00:00+00:00,0.004614682854672462,0.0046253469010175685,0.3909135067057014
1692576000000,10.87,10.87,10.15,10.36,1327961.76,1692662399999,13924624.1742,32945,605611.68000000,6341952.81620000,0,2023-08-21 00:00:00+00:00,-0.04713407767445237,-0.046040515653775316,0.4051664574090788
1692662400000,10.36,10.38,9.71,10.15,1950280.84,1692748799999,19557510.324,49590,993625.71000000,9957089.27400000,0,2023-08-22 00:00:00+00:00,-0.020478531343540562,-0.020270270270270174,0.405573352018812
1692748800000,10.15,10.47,10.06,10.33,1041985.33,1692835199999,10695625.254,24904,522497.81000000,5366486.98990000,0,2023-08-23 00:00:00+00:00,0.017578577643750905,0.01773399014778332,0.4077761901107549
1692835200000,10.34,10.36,9.98,10.12,907479.29,1692921599999,9242636.257,22304,453839.89000000,4625352.76010000,0,2023-08-24 00:00:00+00:00,-0.02053861927222773,-0.020329138431752214,0.40011240877126614
1692921600000,10.12,10.13,9.89,10.04,1276333.67,1693007999999,12774553.3863,25169,648378.50000000,6492779.67360000,0,2023-08-25 00:00:00+00:00,-0.007936549595736303,-0.007905138339920903,0.39978724373814506
1693008000000,10.05,10.13,10.01,10.09,400362.23,1693094399999,4023014.4572,10171,214116.63000000,2152448.40540000,0,2023-08-26 00:00:00+00:00,0.004967720101934447,0.004980079681274896,0.4028743235037126
1693094400000,10.1,10.28,10.07,10.2,542549.14,1693180799999,5522445.755,15676,282068.82000000,2871248.95170000,0,2023-08-27 00:00:00+00:00,0.010842885924707706,0.01090188305252715,0.40577057319773674
1693180800000,10.21,10.45,9.91,10.37,1100627.11,1693267199999,11229118.6264,25981,545465.99000000,5570117.40520000,0,2023-08-28 00:00:00+00:00,0.016529301951210506,0.016666666666666607,0.4140161256533033
1693267200000,10.37,11.21,10.33,10.81,2530985.01,1693353599999,27221388.3916,54342,1268054.04000000,13641097.70120000,0,2023-08-29 00:00:00+00:00,0.041554609409681156,0.0424300867888141,0.4487983076816743
1693353600000,10.81,10.83,10.33,10.41,1031201.84,1693439999999,10853711.2018,22924,501494.45000000,5272829.16230000,0,2023-08-30 00:00:00+00:00,-0.037704749024239446,-0.03700277520814066,0.45839002510494964
1693440000000,10.4,10.55,9.82,9.98,1826854.02,1693526399999,18629391.4289,39176,938938.48000000,9582498.81690000,0,2023-08-31 00:00:00+00:00,-0.04218379230350489,-0.04130643611911622,0.47209219695037064
1693526400000,9.98,10.07,9.75,9.92,947344.83,1693612799999,9409995.8146,23410,472919.22000000,4698857.81150000,0,2023-09-01 00:00:00+00:00,-0.006030169026591188,-0.006012024048096198,0.4675465579311154
1693612800000,9.92,9.97,9.76,9.92,504146.54,1693699199999,4977252.6814,13587,231877.15000000,2289289.10140000,0,2023-09-02 00:00:00+00:00,0.0,0.0,0.4683257014293383
1693699200000,9.92,9.99,9.83,9.88,412221.11,1693785599999,4083544.7508,11101,199774.35000000,1979289.72710000,0,2023-09-03 00:00:00+00:00,-0.004040409537004863,-0.004032258064516014,0.46813579639546726
1693785600000,9.88,10.05,9.68,9.81,769303.74,1693871999999,7591881.0363,17655,334368.25000000,3304751.44550000,0,2023-09-04 00:00:00+00:00,-0.007110238182504771,-0.007085020242915019,0.4665152901571411
1693872000000,9.81,9.97,9.65,9.91,726190.8,1693958399999,7150631.8854,18119,357872.52000000,3526367.67880000,0,2023-09-05 00:00:00+00:00,0.010142074764624896,0.010193679918450549,0.46599237856261605
1693958400000,9.91,10.05,9.76,9.95,806313.46,1694044799999,7994375.2397,21474,411308.14000000,4080408.06340000,0,2023-09-06 00:00:00+00:00,0.004028202828604788,0.004036326942482349,0.46781786358908556
1694044800000,9.94,10.14,9.83,10.1,675529.11,1694131199999,6742928.2418,17514,360318.38000000,3597653.95050000,0,2023-09-07 00:00:00+00:00,0.01496287267671232,0.015075376884422065,0.46672352000728856
1694131200000,10.09,10.15,9.84,9.93,689024.96,1694217599999,6867950.7388,20938,338290.39000000,3371413.48400000,0,2023-09-08 00:00:00+00:00,-0.01697494579013256,-0.016831683168316847,0.46773579228816914
1694217600000,9.92,9.93,9.83,9.84,320699.91,1694303999999,3168033.2743,10055,149381.63000000,1476157.06360000,0,2023-09-09 00:00:00+00:00,-0.009104766992919204,-0.009063444108761365,0.4676158340285345
1694304000000,9.83,9.84,9.22,9.47,1644037.72,1694390399999,15670164.9109,41834,816601.09000000,7787823.01550000,0,2023-09-10 00:00:00+00:00,-0.03832680386617506,-0.03760162601626005,0.4790644919683833
1694390400000,9.46,9.51,9.05,9.23,1436614.67,1694476799999,13294366.8292,35317,684167.65000000,6336797.44120000,0,2023-09-11 00:00:00+00:00,-0.025669858683226066,-0.025343189017951406,0.4821223231443967
1694476800000,9.24,9.6,9.19,9.22,1493579.6,1694563199999,13987420.5025,31625,641793.67000000,6016642.83570000,0,2023-09-12 00:00:00+00:00,-0.0010840109462583367,-0.0010834236186348933,0.4830836131600723
1694563200000,9.22,9.46,9.1,9.29,1166588.89,1694649599999,10786515.2833,23445,558995.02000000,5172087.43320000,0,2023-09-13 00:00:00+00:00,0.007563515257244555,0.007592190889370798,0.4828330184436197
1694649600000,9.29,9.48,9.25,9.4,846740.43,1694735999999,7924634.8008,19014,430778.86000000,4034481.83980000,0,2023-09-14 00:00:00+00:00,0.011771136450211129,0.011840688912809538,0.4711826953404619
1694736000000,9.4,9.52,9.18,9.43,1025374.07,1694822399999,9573822.6951,24698,464221.30000000,4336497.87940000,0,2023-09-15 00:00:00+00:00,0.003186407369407781,0.0031914893617019935,0.4588783037028438
1694822400000,9.42,9.61,9.36,9.38,874568.63,1694908799999,8286075.9979,22672,413934.11000000,3922715.28780000,0,2023-09-16 00:00:00+00:00,-0.00531633362723267,-0.005302226935312682,0.3887699661346209
1694908800000,9.38,9.38,9.0,9.1,1030936.69,1694995199999,9464126.0404,26302,442516.16000000,4065982.31920000,0,2023-09-17 00:00:00+00:00,-0.030305349495329037,-0.029850746268656803,0.38717165941874643
1694995200000,9.09,9.31,8.81,9.11,1649478.75,1695081599999,15039509.3969,34528,827014.22000000,7548430.81250000,0,2023-09-18 00:00:00+00:00,0.001098297749062592,0.001098901098901095,0.3873954828012071
1695081600000,9.11,9.31,9.04,9.21,1104724.32,1695167999999,10158297.4051,23358,499953.04000000,4595874.96600000,0,2023-09-19 00:00:00+00:00,0.010917138995348666,0.010976948408342624,0.3901223640949725
1695168000000,9.21,9.24,8.86,9.05,1653192.29,1695254399999,14962398.8164,30560,858223.19000000,7763218.46640000,0,2023-09-20 00:00:00+00:00,-0.01752509255538073,-0.017372421281216077,0.3630781046448911
1695254400000,9.05,9.11,8.77,8.83,1429451.17,1695340799999,12728825.9374,27498,656541.77000000,5847146.39110000,0,2023-09-21 00:00:00+00:00,-0.024609743095966204,-0.024309392265193464,0.3656423883650975
1695340800000,8.82,8.92,8.72,8.87,897556.95,1695427199999,7946370.0728,18140,395994.71000000,3508323.00810000,0,2023-09-22 00:00:00+00:00,0.004519781705619336,0.0045300113250281715,0.35841894646843436
1695427200000,8.86,8.99,8.83,8.9,639062.46,1695513599999,5690113.6203,14917,318944.86000000,2840706.45780000,0,2023-09-23 00:00:00+00:00,0.0033764804166060906,0.0033821871476888976,0.3551282787917216
1695513600000,8.9,9.05,8.73,8.78,1047017.16,1695599999999,9350946.2714,20512,512283.51000000,4582377.74420000,0,2023-09-24 00:00:00+00:00,-0.013574869091068986,-0.013483146067415852,0.35640084166196273
1695600000000,8.78,8.96,8.61,8.95,974057.28,1695686399999,8593306.0749,20988,490887.48000000,4333907.19110000,0,2023-09-25 00:00:00+00:00,0.019177124639738637,0.019362186788154823,0.3644912025038001
1695686400000,8.95,9.07,8.85,9.04,934956.91,1695772799999,8396510.8714,17458,472336.08000000,4243490.58840000,0,2023-09-26 00:00:00+00:00,0.01000564211732117,0.010055865921787754,0.36407364798403447
1695772800000,9.05,9.19,8.81,8.92,1223697.83,1695859199999,11022337.4403,23938,577158.09000000,5205709.26900000,0,2023-09-27 00:00:00+00:00,-0.013363227812167028,-0.01327433628318575,0.35770855449087935
1695859200000,8.93,9.36,8.91,9.27,1399102.7,1695945599999,12849433.8197,28271,746596.89000000,6860766.76950000,0,2023-09-28 00:00:00+00:00,0.03848743298584583,0.039237668161435035,0.3528085474466172
1695945600000,9.28,9.37,9.07,9.17,1405080.87,1696031999999,12951374.0263,28995,602503.57000000,5560380.25070000,0,2023-09-29 00:00:00+00:00,-0.010846093309390212,-0.010787486515641764,0.3335000487099717
1696032000000,9.17,9.3,9.11,9.24,805999.91,1696118399999,7426692.7324,17756,425688.81000000,3922972.69380000,0,2023-09-30 00:00:00+00:00,0.007604599385219433,0.007633587786259666,0.306287178769903
1696118400000,9.23,9.83,9.21,9.75,1684642.75,1696204799999,16097594.5922,41656,889199.48000000,8496310.27030000,0,2023-10-01 00:00:00+00:00,0.053725399356163064,0.05519480519480524,0.36338407567528874
1696204800000,9.75,9.84,9.15,9.31,1934866.84,1696291199999,18495035.2486,46630,945113.58000000,9040827.35340000,0,2023-10-02 00:00:00+00:00,-0.04617819372078001,-0.045128205128205034,0.3966392911302766
1696291200000,9.32,9.48,9.23,9.42,1282164.09,1696377599999,11978781.8718,29832,682793.67000000,6382518.63960000,0,2023-10-03 00:00:00+00:00,0.011745997299295886,0.011815252416756072,0.39948698380838693
1696377600000,9.42,10.3,9.11,10.1,3916501.71,1696463999999,38293715.7385,93957,2102168.77000000,20575221.27130000,0,2023-10-04 00:00:00+00:00,0.06970033525894206,0.0721868365180467,0.4697836246808235
1696464000000,10.1,10.35,9.81,10.14,3629799.18,1696550399999,36532955.2365,85011,1872964.56000000,18861660.78880000,0,2023-10-05 00:00:00+00:00,0.003952574315823342,0.003960396039603964,0.4687578032522858
1696550400000,10.14,10.83,10.12,10.66,3037211.24,1696636799999,32172091.2426,78161,1590055.64000000,16854320.46020000,0,2023-10-06 00:00:00+00:00,0.050010420574661416,0.05128205128205132,0.49923540790553084
1696636800000,10.66,11.88,10.24,10.35,5342085.38,1696723199999,57924804.9148,141509,2756897.73000000,29986267.39120000,0,2023-10-07 00:00:00+00:00,-0.029511899026320447,-0.02908067542213888,0.5090406647844691
1696723200000,10.34,10.54,9.95,10.09,1875461.06,1696809599999,19086610.9544,46244,859851.50000000,8761906.42040000,0,2023-10-08 00:00:00+00:00,-0.02544168534586047,-0.02512077294685988,0.5136011315649285
1696809600000,10.08,10.09,9.28,9.54,2374413.48,1696895999999,22985755.4599,55556,1066720.31000000,10334157.77560000,0,2023-10-09 00:00:00+00:00,-0.056051348905322464,-0.05450941526263631,0.5495366455011561
1696896000000,9.54,9.86,9.42,9.53,1854748.33,1696982399999,17927684.1023,39672,880014.27000000,8515548.30150000,0,2023-10-10 00:00:00+00:00,-0.0010487677940843767,-0.0010482180293500676,0.5328239837626122
1696982400000,9.52,9.57,9.2,9.3,1815554.11,1697068799999,16974322.8154,38707,922989.15000000,8635319.20660000,0,2023-10-11 00:00:00+00:00,-0.0244303175069003,-0.02413431269674693,0.5320832314626001
1697068800000,9.31,9.32,8.88,9.12,2057336.14,1697155199999,18634129.5036,39726,965968.97000000,8743440.93010000,0,2023-10-12 00:00:00+00:00,-0.019544596072970395,-0.01935483870967758,0.5365441747303983
1697155200000,9.11,9.35,9.0,9.15,1415530.31,1697241599999,12945986.5055,24860,731283.52000000,6690816.94040000,0,2023-10-13 00:00:00+00:00,0.0032840752011900187,0.00328947368421062,0.5359557236024487
1697241600000,9.15,9.25,9.11,9.15,469812.77,1697327999999,4315713.8303,10774,235275.70000000,2162402.92090000,0,2023-10-14 00:00:00+00:00,0.0,0.0,0.5341315267634046
1697328000000,9.15,9.27,9.07,9.17,998932.66,1697414399999,9155281.3863,17953,504305.84000000,4624058.92010000,0,2023-10-15 00:00:00+00:00,0.0021834069809435813,0.002185792349726823,0.5340464319580076
1697414400000,9.18,9.83,9.17,9.4,2396526.73,1697500799999,22689861.6289,45893,1213928.42000000,11492555.40570000,0,2023-10-16 00:00:00+00:00,0.024772403007584848,0.025081788440567188,0.5412021007328724
1697500800000,9.4,9.42,9.01,9.1,2216404.32,1697587199999,20431008.1188,32375,1097161.87000000,10116323.61840000,0,2023-10-17 00:00:00+00:00,-0.03243527575315396,-0.03191489361702138,0.5427555144909577
1697587200000,9.11,9.21,8.84,8.91,1617532.29,1697673599999,14621349.4979,27248,783588.13000000,7088621.89130000,0,2023-10-18 00:00:00+00:00,-0.02110017204008634,-0.020879120879120805,0.5476908116303648
1697673600000,8.9,9.12,8.65,9.06,1655127.66,1697759999999,14767586.7507,29421,913363.10000000,8154646.91710000,0,2023-10-19 00:00:00+00:00,0.016694878572170054,0.01683501683501687,0.5496060215879445
1697760000000,9.06,9.39,9.02,9.22,1958799.09,1697846399999,18063925.6156,35271,1028081.26000000,9482018.45280000,0,2023-10-20 00:00:00+00:00,0.017505917513614588,0.017660044150110465,0.5495690538172664
1697846400000,9.22,9.81,9.17,9.63,2742101.15,1697932799999,26179121.6136,47132,1400157.66000000,13362578.58140000,0,2023-10-21 00:00:00+00:00,0.043508188241531826,0.04446854663774413,0.5614430270331432
1697932800000,9.64,10.09,9.53,10.09,3289863.42,1698019199999,32389794.7032,63952,1691313.01000000,16661479.26580000,0,2023-10-22 00:00:00+00:00,0.046661608555483264,0.04776739356178594,0.5818533818740331
1698019200000,10.09,10.68,9.86,10.58,5134792.1,1698105599999,52284004.2371,102429,2631519.44000000,26825991.49610000,0,2023-10-23 00:00:00+00:00,0.04742059206463575,0.04856293359762143,0.6009460684046262
1698105600000,10.59,10.8,10.06,10.32,4867065.26,1698191999999,50965791.9082,115045,2527066.45000000,26479796.07070000,0,2023-10-24 00:00:00+00:00,-0.02488166637673666,-0.02457466918714557,0.6067913725595392
1698192000000,10.33,10.64,10.17,10.52,2884290.26,1698278399999,30027487.2813,64129,1419276.35000000,14783810.21960000,0,2023-10-25 00:00:00+00:00,0.01919444725614716,0.019379844961240345,0.6067963305050807
1698278400000,10.52,11.47,10.37,11.05,6154843.18,1698364799999,67429642.0285,136448,3013984.38000000,33031928.55420000,0,2023-10-26 00:00:00+00:00,0.04915222065419803,0.050380228136882144,0.6256176493169393
1698364800000,11.05,11.07,10.38,10.59,2529788.17,1698451199999,27011630.0838,60760,1120097.85000000,11959058.44580000,0,2023-10-27 00:00:00+00:00,-0.04252026835044681,-0.041628959276018174,0.6453375859647805
1698451200000,10.6,11.09,10.55,10.97,2619953.67,1698537599999,28279625.709,50273,1365655.83000000,14739803.78990000,0,2023-10-28 00:00:00+00:00,0.035254114673823896,0.03588290840415498,0.6433668297578525
1698537600000,10.97,11.44,10.77,11.37,2022533.88,1698623999999,22501237.2606,49998,1045164.99000000,11639845.14040000,0,2023-10-29 00:00:00+00:00,0.035814033475305734,0.03646308113035546,0.6489053159703768
1698624000000,11.38,11.69,11.06,11.46,2156521.47,1698710399999,24680292.2846,61116,1104744.69000000,12649481.19360000,0,2023-10-30 00:00:00+00:00,0.007884403524149056,0.007915567282322122,0.6489084191993512
1698710400000,11.46,11.76,11.0,11.33,3346450.77,1698796799999,38194204.7289,76017,1533179.06000000,17500711.34800000,0,2023-10-31 00:00:00+00:00,-0.011408636246678674,-0.011343804537521929,0.6295865680880918
1698796800000,11.32,12.33,10.88,12.23,4822225.84,1698883199999,55832780.5987,121330,2597350.07000000,30078528.60670000,0,2023-11-01 00:00:00+00:00,0.07643787465916599,0.07943512797881724,0.649090555706648
1698883200000,12.23,12.55,11.43,11.88,4220621.92,1698969599999,50511911.473,107471,1966399.21000000,23575913.28160000,0,2023-11-02 00:00:00+00:00,-0.02903563576458214,-0.02861815208503682,0.6624427415246017
1698969600000,11.88,12.19,11.43,12.11,2411690.33,1699055999999,28636907.0333,73948,1179457.02000000,14022846.83370000,0,2023-11-03 00:00:00+00:00,0.019175243630501902,0.019360269360269244,0.6253624139536065
1699056000000,12.12,12.33,11.92,12.22,1471832.59,1699142399999,17789371.1722,45725,698064.61000000,8446083.81220000,0,2023-11-04 00:00:00+00:00,0.009042396178448524,0.009083402146986108,0.6253995760843145
1699142400000,12.21,12.67,12.1,12.35,2559244.68,1699228799999,31702779.9922,72445,1217240.67000000,15083704.28480000,0,2023-11-05 00:00:00+00:00,0.010582109330536788,0.010638297872340274,0.6054552994006863
1699228800000,12.34,13.17,12.24,13.08,2999305.97,1699315199999,38425106.563,88803,1464184.47000000,18762688.35540000,0,2023-11-06 00:00:00+00:00,0.05742828295506648,0.059109311740890735,0.6190454632463257
1699315200000,13.07,13.1,12.29,12.81,2677547.02,1699401599999,34140867.4042,87332,1255277.07000000,16006776.41850000,0,2023-11-07 00:00:00+00:00,-0.020858230120409695,-0.020642201834862317,0.6161470552881656
1699401600000,12.8,13.15,12.66,12.99,2037125.6,1699487999999,26247567.7321,60624,1006331.87000000,12975772.62240000,0,2023-11-08 00:00:00+00:00,0.013953714773865308,0.014051522248243575,0.571374560866298
1699488000000,12.98,13.96,11.9,12.96,6349228.52,1699574399999,83842388.0352,188120,3215852.51000000,42446101.50550000,0,2023-11-09 00:00:00+00:00,-0.0023121397583795024,-0.002309468822170868,0.5717069970955531
1699574400000,12.97,14.85,12.88,14.74,7715255.48,1699660799999,106183310.0837,228393,3935680.15000000,54142442.71710000,0,2023-11-10 00:00:00+00:00,0.12869719583706177,0.1373456790123455,0.6917115313208932
1699660800000,14.75,17.0,13.99,16.79,10333477.54,1699747199999,159070608.3888,341127,5075498.11000000,78326171.10590000,0,2023-11-11 00:00:00+00:00,0.13021858432825878,0.13907734056987775,0.7872709985910966
1699747200000,16.8,19.73,15.87,18.98,12880795.74,1699833599999,233124323.4495,533475,6421110.80000000,116296036.19920000,0,2023-11-12 00:00:00+00:00,0.12260232209233247,0.1304347826086958,0.8612614170206987
1699833600000,18.98,19.75,16.1,16.12,9459851.54,1699919999999,167177315.2797,350660,4546377.52000000,80298939.81620000,0,2023-11-13 00:00:00+00:00,-0.1633250561032995,-0.15068493150684925,1.0799577806835676
1699920000000,16.12,18.1,15.56,17.05,10623733.95,1700006399999,181131673.6136,385816,5172107.14000000,88259164.29610000,0,2023-11-14 00:00:00+00:00,0.05608946665104358,0.05769230769230771,1.0858228776821461
1700006400000,17.05,20.95,17.01,20.7,14801379.2,1700092799999,287491439.8257,589880,7622748.13000000,148020142.14300000,0,2023-11-15 00:00:00+00:00,0.19398349654179745,0.21407624633431066,1.2429119327607878
1700092800000,20.69,24.07,20.23,21.71,17186161.77,1700179199999,386568923.6801,884870,8647453.38000000,194550383.45430000,0,2023-11-16 00:00:00+00:00,0.04763928361887712,0.048792270531401005,1.2265490330000361
1700179200000,21.71,24.69,20.0,21.94,15838526.82,1700265599999,353409409.6863,745225,7729153.35000000,172423212.22690000,0,2023-11-17 00:00:00+00:00,0.010538470956883752,0.010594196222938779,1.2152011730273204
1700265600000,21.94,22.69,20.17,21.99,6017391.55,1700351999999,129832291.4809,296471,2868690.03000000,62001920.87860000,0,2023-11-18 00:00:00+00:00,0.0022763497195855,0.002278942570647091,1.2182307288887209
1700352000000,22.0,23.04,20.75,22.85,5314132.45,1700438399999,115529303.9582,244319,2585288.34000000,56297765.90370000,0,2023-11-19 00:00:00+00:00,0.038363312773543976,0.03910868576625748,1.217806077141877
1700438400000,22.84,23.25,20.71,20.85,5827146.19,1700524799999,128538901.9727,270078,2836935.77000000,62618406.25170000,0,2023-11-20 00:00:00+00:00,-0.09159716909540326,-0.08752735229759301,1.2884307730949809
1700524800000,20.86,22.29,18.9,19.02,11207307.49,1700611199999,233043114.4764,495393,5760694.39000000,119854673.25380000,0,2023-11-21 00:00:00+00:00,-0.09186289112756624,-0.0877697841726619,1.349295510656173
1700611200000,19.02,21.25,18.96,20.78,6214364.77,1700697599999,125310912.9706,223618,3216646.83000000,64831583.64120000,0,2023-11-22 00:00:00+00:00,0.08849992855383718,0.09253417455310209,1.3668629723958454
1700697600000,20.79,21.49,20.42,20.64,3128091.29,1700783999999,65344795.4977,128043,1505784.19000000,31483153.72370000,0,2023-11-23 00:00:00+00:00,-0.006760045057719325,-0.006737247353224229,1.3604027312803604
1700784000000,20.64,21.88,20.45,20.89,3692026.02,1700870399999,77975012.7099,155030,1803425.03000000,38099210.51830000,0,2023-11-24 00:00:00+00:00,0.012039634955112346,0.012112403100775104,1.360890410022559
1700870400000,20.89,21.48,20.63,21.36,2069224.51,1700956799999,43652173.5075,84669,931555.28000000,19668379.82060000,0,2023-11-25 00:00:00+00:00,0.022249438523519533,0.02249880325514586,1.3575814863824531
1700956800000,21.36,21.52,20.1,21.06,2825385.24,1701043199999,59237018.8243,119899,1281580.02000000,26879272.76870000,0,2023-11-26 00:00:00+00:00,-0.014144507386164625,-0.014044943820224698,1.3441575881353616
1701043200000,21.07,21.3,19.82,20.35,2994013.72,1701129599999,61234389.4428,120145,1411816.61000000,28865247.30170000,0,2023-11-27 00:00:00+00:00,-0.03429459481722531,-0.033713200379866914,1.3579428434025034
1701129600000,20.36,20.86,19.47,20.68,3188388.54,1701215999999,64763035.142,114657,1517865.76000000,30864590.11530000,0,2023-11-28 00:00:00+00:00,0.016086137751624225,0.01621621621621605,1.3569035556615154
1701216000000,20.69,21.56,20.55,21.12,3710793.82,1701302399999,78187215.8422,128472,1813194.65000000,38222368.77790000,0,2023-11-29 00:00:00+00:00,0.02105340919783248,0.021276595744680993,1.3562083107570755
1701302400000,21.12,21.5,20.81,21.39,2759264.75,1701388799999,58399634.0371,103529,1368349.69000000,28981587.65380000,0,2023-11-30 00:00:00+00:00,0.012703064256253456,0.012784090909090828,1.3516956456961415
1701388800000,21.4,22.64,21.1,21.87,4149300.78,1701475199999,91827588.2174,158212,2088747.40000000,46233292.15290000,0,2023-12-01 00:00:00+00:00,0.02219231159436221,0.02244039270687237,1.336948581895985
1701475200000,21.86,22.45,21.75,22.24,2115296.06,1701561599999,46717861.2267,76423,1022418.03000000,22585540.05770000,0,2023-12-02 00:00:00+00:00,0.016776634693704995,0.016918152720621693,1.3255716012499654
1701561600000,22.24,22.74,21.59,21.94,2457069.2,1701647999999,54187429.4128,95393,1104571.07000000,24376367.43750000,0,2023-12-03 00:00:00+00:00,-0.013581014535297354,-0.013489208633093441,1.3310213059216847
1701648000000,21.94,23.2,20.56,22.68,5307454.35,1701734399999,117438240.4618,227104,2622383.57000000,58047291.14790000,0,2023-12-04 00:00:00+00:00,0.033172024012467015,0.033728350045578726,1.3312256675152356
1701734400000,22.67,24.83,21.81,24.54,6173878.71,1701820799999,143298771.3436,286752,3187306.40000000,74111371.19500000,0,2023-12-05 00:00:00+00:00,0.07882096042321413,0.08201058201058209,1.3459512664286268
1701820800000,24.54,27.68,24.45,26.2,10747936.78,1701907199999,281995542.9852,542675,5322717.84000000,139701121.62740000,0,2023-12-06 00:00:00+00:00,0.06545497148428572,0.06764466177669104,1.3488319127737711
1701907200000,26.2,27.9,25.71,26.28,7035602.62,1701993599999,187854395.8352,349877,3445682.34000000,92053734.09980000,0,2023-12-07 00:00:00+00:00,0.0030487828493587312,0.003053435114503955,1.3415713873037047
1701993600000,26.28,30.8,26.03,30.44,8000503.43,1702079999999,225203648.1076,372186,4094870.17000000,115514922.78380000,0,2023-12-08 00:00:00+00:00,0.14694933937707533,0.1582952815829528,1.4076721429198813
1702080000000,30.44,34.26,30.44,31.91,10263975.2,1702166399999,332719137.4658,554857,5094258.45000000,165153427.37240000,0,2023-12-09 00:00:00+00:00,0.047161907296666916,0.04829172141918514,1.4046672896293855
1702166400000,31.91,37.99,31.52,37.14,9029970.15,1702252799999,311306219.8057,517411,4530178.95000000,156128704.85370000,0,2023-12-10 00:00:00+00:00,0.15177511563440751,0.1638984644312127,1.4271949896577316
1702252800000,37.14,39.39,31.6,38.04,17625128.99,1702339199999,636025432.1222,1094438,8732261.97000000,315447270.55560000,0,2023-12-11 00:00:00+00:00,0.02394368175262989,0.024232633279483107,1.38142953908064
1702339200000,38.04,42.89,36.0,37.49,12429466.44,1702425599999,493046908.6693,789661,6044124.56000000,239961816.22940000,0,2023-12-12 00:00:00+00:00,-0.014564006929368808,-0.014458464773922097,1.344643510335211
1702425600000,37.49,41.47,34.02,38.99,11810098.4,1702511999999,447891593.752,677167,6046345.43000000,229299976.21070000,0,2023-12-13 00:00:00+00:00,0.03923097224668529,0.04001066951186982,1.165673867510061
1702512000000,38.98,40.34,36.51,39.3,7164273.35,1702598399999,277752335.2259,419683,3621526.79000000,140465101.05910000,0,2023-12-14 00:00:00+00:00,0.007919315880709462,0.00795075660425737,1.16392199103569
1702598400000,39.29,42.27,38.52,39.71,8958206.04,1702684799999,361849206.9914,570649,4531377.50000000,183238789.93870000,0,2023-12-15 00:00:00+00:00,0.01037852626794472,0.010432569974554884,0.9984809396220762
1702684800000,39.72,45.33,38.5,42.22,8705680.65,1702771199999,371395389.5634,585061,4509695.44000000,192372919.89170000,0,2023-12-16 00:00:00+00:00,0.06129099727701442,0.06320825988416012,1.0040618754397659
1702771200000,42.23,44.06,40.28,40.62,4937788.07,1702857599999,208149662.1194,349588,2559202.47000000,107937803.01350000,0,2023-12-17 00:00:00+00:00,-0.03863348626793596,-0.037896731406916184,1.025649020258471
1702857600000,40.62,41.44,36.5,41.16,6850358.5,1702943999999,268766460.2556,421847,3423105.83000000,134391148.83960000,0,2023-12-18 00:00:00+00:00,0.013206354813610273,0.013293943870014813,1.0239075849138104
1702944000000,41.15,42.17,38.73,39.74,4755734.07,1703030399999,192934937.9126,300526,2416689.18000000,98120357.25210000,0,2023-12-19 00:00:00+00:00,-0.0351086738421779,-0.03449951409135066,1.0400763179001375
1703030400000,39.73,44.49,39.08,43.46,6459700.84,1703116799999,274642781.0889,431865,3296694.29000000,140151149.56150000,0,2023-12-20 00:00:00+00:00,0.08948273770461267,0.09360845495722181,0.9894938175845451
1703116800000,43.46,47.38,43.06,45.97,7253794.87,1703203199999,328793781.9648,501069,3661824.80000000,166097123.65570000,0,2023-12-21 00:00:00+00:00,0.056148034989853,0.057754256787850844,0.9011968587776744
1703203200000,45.96,48.88,43.66,45.35,6546935.03,1703289599999,301992614.4829,492508,3241349.18000000,149764555.38820000,0,2023-12-22 00:00:00+00:00,-0.013578833256991009,-0.013487056776158357,0.8871948247023237
1703289600000,45.35,48.27,43.34,48.05,4660235.64,1703375999999,211931808.8044,304844,2312316.26000000,105342049.25290000,0,2023-12-23 00:00:00+00:00,0.05783195885515582,0.05953693495038581,0.8857691899834811
1703376000000,48.04,49.96,46.32,47.68,6410094.86,1703462399999,306550236.1412,467138,3155833.47000000,150997136.90640000,0,2023-12-24 00:00:00+00:00,-0.007730112659207093,-0.007700312174817814,0.8929547318108496
1703462400000,47.68,48.9,45.94,48.18,4146186.27,1703548799999,197044393.3015,281206,2031398.04000000,96602562.87310000,0,2023-12-25 00:00:00+00:00,0.010431974429631088,0.010486577181208157,0.8947801730797622
1703548800000,48.18,48.35,40.53,44.41,4773394.73,1703635199999,215972199.4733,344947,2302023.59000000,104040667.62790000,0,2023-12-26 00:00:00+00:00,-0.08147932788271446,-0.07824823578248241,0.9621473515924363
1703635200000,44.41,44.95,41.87,42.39,4199478.73,1703721599999,181963479.0321,289382,1984896.92000000,86060138.51900000,0,2023-12-27 00:00:00+00:00,-0.046552183939465,-0.04548525106957879,0.9725280754234091
1703721600000,42.4,43.39,39.23,39.8,5049991.19,1703807999999,206543476.7554,341277,2456629.72000000,100444912.40900000,0,2023-12-28 00:00:00+00:00,-0.06304557307415387,-0.06109931587638606,1.0191558874025517
1703808000000,39.8,42.15,38.5,40.18,5054515.59,1703894399999,205177566.4711,304590,2607687.50000000,105994998.25330000,0,2023-12-29 00:00:00+00:00,0.009502447096396475,0.009547738693467478,1.0200617251457853
1703894400000,40.18,40.36,38.15,39.33,2217519.52,1703980799999,87475649.3759,145795,1096008.57000000,43255976.60540000,0,2023-12-30 00:00:00+00:00,-0.021381772943070254,-0.021154803384768606,1.0306093705529622
1703980800000,39.33,40.55,37.51,38.55,2208181.77,1704067199999,87260271.4329,149718,1122772.49000000,44416699.10790000,0,2023-12-31 00:00:00+00:00,-0.020031486434379717,-0.019832189168573655,1.0401144094836052
1704067200000,38.57,42.0,38.0,41.94,2734126.31,1704153599999,109336068.2752,160645,1384615.59000000,55413213.53540000,0,2024-01-01 00:00:00+00:00,0.08428392546443551,0.08793774319066161,1.0647464972214142
1704153600000,41.95,43.44,40.31,40.61,3642001.26,1704239999999,152881602.4529,231180,1805222.36000000,75807953.29850000,0,2024-01-02 00:00:00+00:00,-0.03222568377556747,-0.03171196948020982,1.0743428192363123
1704240000000,40.61,41.43,33.06,36.8,6289630.67,1704326399999,235808452.7971,419264,3081916.55000000,115612945.85230000,0,2024-01-03 00:00:00+00:00,-0.09851649652332121,-0.09381925634080279,1.1503374066184326
1704326400000,36.79,39.45,36.07,38.72,3541865.71,1704412799999,134629036.8137,205791,1803886.96000000,68601003.04370000,0,2024-01-04 00:00:00+00:00,0.05085841723349116,0.052173913043478404,1.1351937223317403
1704412800000,38.72,38.91,35.0,36.46,3385914.09,1704499199999,123863570.2348,205391,1657109.80000000,60597375.43390000,0,2024-01-05 00:00:00+00:00,-0.06014049315785919,-0.058367768595041225,1.1496550704934616
1704499200000,36.46,36.51,33.42,34.61,2367153.87,1704585599999,82136611.3957,140623,1124154.93000000,39009527.06790000,0,2024-01-06 00:00:00+00:00,-0.05207311160326416,-0.05074053757542518,1.170353831844032
1704585600000,34.62,35.78,33.08,33.64,2727132.92,1704671999999,94797296.6874,152259,1374217.91000000,47802049.66910000,0,2024-01-07 00:00:00+00:00,-0.028426822542505586,-0.028026581912741988,1.065703495809314
1704672000000,33.65,36.46,31.12,36.08,5416852.99,1704758399999,183891701.8309,301153,2791822.43000000,94804455.79270000,0,2024-01-08 00:00:00+00:00,0.07002286008967563,0.07253269916765759,1.0804189691465964
1704758400000,36.08,37.6,33.78,34.65,4305952.25,1704844799999,153866821.883,279585,2117554.75000000,75761352.55710000,0,2024-01-09 00:00:00+00:00,-0.0404409695585107,-0.03963414634146345,0.9498766988624355
1704844800000,34.64,39.55,33.32,38.53,4360929.64,1704931199999,156681131.7459,271878,2307157.84000000,83038394.81970000,0,2024-01-10 00:00:00+00:00,0.10613943300215406,0.11197691197691206,1.0192118177110083
1704931200000,38.54,41.85,37.54,39.29,5071643.06,1705017599999,200053618.7225,345045,2677509.89000000,105707589.52500000,0,2024-01-11 00:00:00+00:00,0.019532874932302116,0.019724889696340453,1.0198388045479763
1705017600000,39.29,39.59,34.34,35.93,3189656.48,1705103999999,119413535.1855,236120,1545029.54000000,57804662.81470000,0,2024-01-12 00:00:00+00:00,-0.08939743244494096,-0.08551794349707298,1.0580207474824186
1705104000000,35.93,36.63,34.7,36.49,1741500.31,1705190399999,62472543.1589,118798,877733.18000000,31479355.85940000,0,2024-01-13 00:00:00+00:00,0.015465649322928881,0.015585861397161116,1.059302901472252
1705190400000,36.48,37.86,35.28,35.29,2179493.62,1705276799999,79754495.8894,155839,1099404.47000000,40249731.31370000,0,2024-01-14 00:00:00+00:00,-0.033438612761177676,-0.03288572211564822,1.063629187088324
1705276800000,35.28,36.81,35.16,35.61,1568139.13,1705363199999,56483453.1415,115039,757400.95000000,27276191.72660000,0,2024-01-15 00:00:00+00:00,0.009026859602507719,0.009067724567866309,1.0386195457483638
1705363200000,35.6,36.54,34.74,35.57,1813027.08,1705449599999,64853795.1133,116171,895536.86000000,32043082.19200000,0,2024-01-16 00:00:00+00:00,-0.0011239113293224931,-0.0011232799775343638,1.0318573583257427
1705449600000,35.58,36.51,35.25,36.06,2106057.31,1705535999999,75831603.8687,124471,1024827.11000000,36909196.90620000,0,2024-01-17 00:00:00+00:00,0.013681631814807459,0.01377565364070854,1.031960899763899
1705536000000,36.07,36.19,32.72,33.59,2528256.1,1705622399999,87012674.8334,142140,1238185.32000000,42588807.71560000,0,2024-01-18 00:00:00+00:00,-0.07095581415096977,-0.06849694952856344,1.0527485096370612
1705622400000,33.59,33.75,31.18,32.73,2406347.38,1705708799999,78517635.8357,135775,1240741.63000000,40468592.53000000,0,2024-01-19 00:00:00+00:00,-0.025936315111112444,-0.025602857993450634,0.9970429701307909
1705708800000,32.74,32.99,32.03,32.89,1224130.01,1705795199999,39872607.7968,62831,592711.17000000,19310838.51560000,0,2024-01-20 00:00:00+00:00,0.004876571687876501,0.00488848151542931,0.9702645526100749
1705795200000,32.87,33.5,32.45,32.54,1038127.76,1705881599999,34299280.4713,61407,481003.85000000,15899618.86110000,0,2024-01-21 00:00:00+00:00,-0.010698558410073947,-0.0106415323806629,0.9702262168634922
1705881600000,32.54,32.74,29.32,29.53,3467720.04,1705967999999,107101920.9723,166244,1686910.88000000,52072569.89220000,0,2024-01-22 00:00:00+00:00,-0.09706340603506036,-0.09250153657037485,0.9821478476024326
1705968000000,29.53,30.88,27.24,30.63,4731522.21,1706054399999,136439933.4959,212713,2507102.44000000,72341183.00530000,0,2024-01-23 00:00:00+00:00,0.03657322508885246,0.03725025397900428,0.9989853929362306
1706054400000,30.64,31.91,29.49,31.2,3391798.91,1706140799999,104263442.8063,160785,1691080.97000000,51999341.20860000,0,2024-01-24 00:00:00+00:00,0.018438173970752772,0.0186092066601371,1.0019116544943047
1706140800000,31.19,31.36,29.61,30.51,2064388.45,1706227199999,62623570.0628,114383,1013374.33000000,30743261.97110000,0,2024-01-25 00:00:00+00:00,-0.022363596086858315,-0.022115384615384537,0.9729598918863489
1706227200000,30.51,33.11,30.12,32.26,2655940.67,1706313599999,84623777.3737,140686,1406621.78000000,44801170.40660000,0,2024-01-26 00:00:00+00:00,0.05577357396848437,0.057358243198951,0.9931600278714346
1706313600000,32.26,33.32,31.85,33.28,1194938.73,1706399999999,38915351.9155,72926,606730.82000000,19767751.68610000,0,2024-01-27 00:00:00+00:00,0.031128543255945034,0.03161810291382516,0.9830533974302403
1706400000000,33.29,36.72,33.19,34.82,4440497.0,1706486399999,157564050.231,244070,2258779.79000000,80121770.42560000,0,2024-01-28 00:00:00+00:00,0.04523531838703501,0.046274038461538325,0.9979180102005608
1706486400000,34.83,36.55,34.34,36.06,3030189.03,1706572799999,107431891.172,169228,1552929.06000000,55084893.03880000,0,2024-01-29 00:00:00+00:00,0.03499228343512818,0.03561171740379088,1.0054535365476225
1706572800000,36.07,37.15,35.0,35.22,2959029.15,1706659199999,106967388.2851,169147,1454800.93000000,52587488.46180000,0,2024-01-30 00:00:00+00:00,-0.023570114707111223,-0.0232945091514144,1.0062881042592562
1706659200000,35.23,35.5,33.13,33.17,2629653.91,1706745599999,90998502.278,157782,1321763.84000000,45752684.54300000,0,2024-01-31 00:00:00+00:00,-0.059968250109098904,-0.05820556501987495,0.9740654510755951
1706745600000,33.18,33.97,32.3,33.85,2100203.11,1706831999999,69850053.0853,121332,1108277.58000000,36874555.92700000,0,2024-02-01 00:00:00+00:00,0.02029314639932286,0.020500452215857612,0.9747290594051867
1706832000000,33.87,36.94,33.76,36.76,3620321.22,1706918399999,129263139.9756,186691,1789384.79000000,63816856.43270000,0,2024-02-02 00:00:00+00:00,0.08247129812920219,0.08596750369276207,0.9630443628283886
1706918400000,36.76,37.6,35.4,35.95,1968125.41,1707004799999,71345861.0139,112271,1013832.13000000,36774402.58940000,0,2024-02-03 00:00:00+00:00,-0.022281213320430426,-0.022034820457018323,0.9480699610816004
1707004800000,35.96,36.53,34.68,34.87,1546090.99,1707091199999,55027209.6282,84999,689503.70000000,24557512.77060000,0,2024-02-04 00:00:00+00:00,-0.030502223479496094,-0.030041724617524523,0.9308605175468909
1707091200000,34.86,35.92,34.11,34.55,2069405.65,1707177599999,72413861.0035,100623,1035707.92000000,36258867.46460000,0,2024-02-05 00:00:00+00:00,-0.00921931047388085,-0.009176942930886112,0.9133865882926002
1707177600000,34.55,34.75,33.72,34.16,1814138.17,1707263999999,62009663.5949,81431,905333.78000000,30946363.00960000,0,2024-02-06 00:00:00+00:00,-0.011352181293309758,-0.011287988422575945,0.9086412377031814
1707264000000,34.16,35.5,33.65,35.28,2098188.17,1707350399999,73067917.6189,89161,1077440.17000000,37531833.28010000,0,2024-02-07 00:00:00+00:00,0.03226086221822148,0.032786885245901676,0.8814211514414263
1707350400000,35.28,36.15,35.08,35.42,2450459.44,1707436799999,87019169.572,109683,1220306.86000000,43334693.41570000,0,2024-02-08 00:00:00+00:00,0.003960401216096914,0.003968253968253954,0.8697841867508445
1707436800000,35.43,38.61,35.41,38.0,4106859.37,1707523199999,152502318.2192,184525,2077845.07000000,77090470.54590000,0,2024-02-09 00:00:00+00:00,0.07030952737169817,0.07284020327498575,0.8228455675620822
1707523200000,38.0,41.24,38.0,40.2,3494637.43,1707609599999,138026385.2698,197281,1707489.17000000,67493867.12640000,0,2024-02-10 00:00:00+00:00,0.05628083589858978,0.05789473684210544,0.8438012370403204
1707609600000,40.2,41.2,39.33,39.72,2087708.31,1707695999999,83925949.1124,122058,986670.77000000,39712044.43420000,0,2024-02-11 00:00:00+00:00,-0.012012156448003658,-0.01194029850746281,0.7805316981109153
1707696000000,39.73,41.18,38.38,40.97,4287581.66,1707782399999,170721445.5189,200787,2112814.05000000,84227841.72270000,0,2024-02-12 00:00:00+00:00,0.03098525238180787,0.03147029204431018,0.7854273856580632
1707782400000,40.96,41.7,38.88,39.74,3441748.25,1707868799999,138973220.8196,184014,1673778.66000000,67588317.31590000,0,2024-02-13 00:00:00+00:00,-0.03048185443510881,-0.030021967293141216,0.7837260049137873
1707868800000,39.73,42.42,39.1,42.22,3949578.16,1707955199999,162922260.7294,195370,1999694.97000000,82506106.67780000,0,2024-02-14 00:00:00+00:00,0.06053580529650361,0.0624056366381478,0.8081325424328283
1707955200000,42.23,43.6,40.84,41.55,3666472.28,1708041599999,154895019.4935,205233,1799450.17000000,76049407.84940000,0,2024-02-15 00:00:00+00:00,-0.015996521118717362,-0.01586925627664615,0.8113661307007407
1708041600000,41.54,41.81,39.41,40.26,2493109.32,1708127999999,101322784.7927,149655,1200005.01000000,48816454.93150000,0,2024-02-16 00:00:00+00:00,-0.03153910108981177,-0.031046931407942235,0.8206808552523422
1708128000000,40.25,40.47,38.38,39.76,1859591.84,1708214399999,73476733.9987,97184,905293.30000000,35781414.53760000,0,2024-02-17 00:00:00+00:00,-0.012497038423272122,-0.012419274714356665,0.7779952667214763
1708214400000,39.75,40.75,38.97,40.29,1612326.72,1708300799999,64625056.9196,92429,803471.04000000,32215361.77180000,0,2024-02-18 00:00:00+00:00,0.013241917414882601,0.013329979879275644,0.7699541577786455
1708300800000,40.29,40.64,39.11,39.51,2680806.5,1708387199999,106838681.1196,138230,1350381.28000000,53821053.94800000,0,2024-02-19 00:00:00+00:00,-0.01954949477995653,-0.0193596425912137,0.7754670811642325
1708387200000,39.51,39.72,36.84,38.49,3285660.95,1708473599999,126250607.2616,170700,1544292.77000000,59339274.89540000,0,2024-02-20 00:00:00+00:00,-0.02615533712764451,-0.025816249050873097,0.7815350340056523
1708473600000,38.5,38.55,35.9,37.61,2338956.78,1708559999999,86455737.6933,119650,1172309.94000000,43323448.77170000,0,2024-02-21 00:00:00+00:00,-0.023128494813409797,-0.022863081319823397,0.6973091364595269
1708560000000,37.6,38.22,36.52,36.78,1867725.13,1708646399999,69690461.6345,105007,921324.57000000,34396298.84540000,0,2024-02-22 00:00:00+00:00,-0.022315753306069983,-0.022068598776921022,0.6972579975376892
1708646400000,36.77,36.96,35.14,35.92,2257491.88,1708732799999,81642670.3018,118662,1101521.92000000,39843136.68470000,0,2024-02-23 00:00:00+00:00,-0.023659975742176168,-0.02338227297444262,0.703317369258002
1708732800000,35.91,36.95,35.2,36.76,1363828.68,1708819199999,49567366.3507,75714,716389.54000000,26044037.87570000,0,2024-02-24 00:00:00+00:00,0.023116054053487257,0.023385300668151254,0.6991725666048523
1708819200000,36.76,37.49,36.42,37.46,1434112.18,1708905599999,52961284.9352,74953,712373.22000000,26311147.70470000,0,2024-02-25 00:00:00+00:00,0.01886339952845616,0.0190424374319913,0.6777676445923904
1708905600000,37.46,39.35,36.28,39.29,2919488.8,1708991999999,110880743.6114,149261,1466248.12000000,55732933.04460000,0,2024-02-26 00:00:00+00:00,0.04769633655442599,0.048852108916177306,0.688195670543018
1708992000000,39.29,39.94,38.31,39.26,2163692.33,1709078399999,84965291.7747,129655,1064073.35000000,41806739.20480000,0,2024-02-27 00:00:00+00:00,-0.0007638447220534427,-0.0007635530669382051,0.6733395907782207
1709078400000,39.25,41.3,36.2,40.33,5048286.26,1709164799999,199681257.9541,331180,2535959.15000000,100361517.89760000,0,2024-02-28 00:00:00+00:00,0.0268894200369618,0.02725420275089152,0.6692261705107159
1709164800000,40.33,44.65,39.59,40.97,5668569.24,1709251199999,240248455.9603,410286,2865644.56000000,121529420.80830000,0,2024-02-29 00:00:00+00:00,0.01574448267350293,0.015869080089263576,0.6630619674047057
1709251200000,40.98,43.37,40.98,42.67,3451947.63,1709337599999,145794882.9088,218248,1718552.06000000,72615952.86830000,0,2024-03-01 00:00:00+00:00,0.040656005641128964,0.04149377593361003,0.6310122108718128
1709337600000,42.68,44.58,41.95,44.35,3750371.17,1709423999999,161061187.0129,222528,1846269.17000000,79335463.88010000,0,2024-03-02 00:00:00+00:00,0.03861661155567979,0.03937192406843204,0.6385525255306517
1709424000000,44.35,44.89,40.35,42.58,3292222.38,1709510399999,141173893.6321,225814,1635898.65000000,70219449.20800000,0,2024-03-03 00:00:00+00:00,-0.04072804929025518,-0.03990980834272839,0.6038069991420937
1709510400000,42.59,43.99,41.42,43.08,4856334.08,1709596799999,208220180.6985,310855,2434867.42000000,104355048.76770000,0,2024-03-04 00:00:00+00:00,0.011674192822854432,0.011742602160638826,0.5961363618716748
1709596800000,43.09,45.18,34.83,39.43,9520539.61,1709683199999,393662488.6656,646234,4725178.88000000,195566334.34140000,0,2024-03-05 00:00:00+00:00,-0.08853190439865202,-0.08472609099350048,0.6706078730801533
1709683200000,39.42,42.14,37.9,41.56,4232399.84,1709769599999,170395711.4554,266695,2158694.75000000,86954024.13810000,0,2024-03-06 00:00:00+00:00,0.05261121834149094,0.05401978189196055,0.6895672219990719
1709769600000,41.56,44.5,41.55,43.2,4954173.81,1709855999999,214071326.4093,318278,2421760.95000000,104669872.03140000,0,2024-03-07 00:00:00+00:00,0.03870232901903795,0.039461020211742026,0.695646223536677
1709856000000,43.2,43.96,41.09,42.61,3926241.42,1709942399999,167931924.5018,246965,1932959.02000000,82681037.56950000,0,2024-03-08 00:00:00+00:00,-0.013751527738244063,-0.013657407407407507,0.6938161839484766
1709942400000,42.62,43.54,42.33,42.92,2418252.27,1710028799999,103820937.7242,138282,1107320.67000000,47552939.00480000,0,2024-03-09 00:00:00+00:00,0.00724895025067702,0.007275287491199212,0.6937718844318933
1710028800000,42.92,43.93,40.89,42.05,2834035.29,1710115199999,120671794.4663,166151,1386644.40000000,59074568.42850000,0,2024-03-10 00:00:00+00:00,-0.02047853134354079,-0.020270270270270396,0.659963309291746
1710115200000,42.04,49.56,40.01,49.09,8911493.52,1710201599999,409472577.0986,563794,4639123.42000000,213195606.69010000,0,2024-03-11 00:00:00+00:00,0.1547959616510042,0.1674197384066589,0.8275440773333042
1710201600000,49.09,57.36,46.34,55.48,12915245.0,1710287999999,668918266.4206,1023325,6492035.41000000,336218273.04280000,0,2024-03-12 00:00:00+00:00,0.12236724737666967,0.13016907720513338,0.9172636462657248
1710288000000,55.48,55.52,52.2,54.79,5785825.53,1710374399999,312228136.6604,471263,2843232.86000000,153471312.95620000,0,2024-03-13 00:00:00+00:00,-0.012514899896306466,-0.012436914203316496,0.9179669539901898
1710374400000,54.79,59.28,50.46,53.95,7732957.59,1710460799999,427385035.7765,655742,3960451.40000000,218790859.97930000,0,2024-03-14 00:00:00+00:00,-0.015450003846180593,-0.015331264829348323,0.9111598810640004
1710460800000,53.95,59.0,48.3,58.36,11735553.58,1710547199999,636414805.634,999017,5958835.36000000,323436066.78440000,0,2024-03-15 00:00:00+00:00,0.07857303195044112,0.08174235403151053,0.9257589834953721
1710547200000,58.36,61.46,52.0,53.44,9615415.71,1710633599999,549894204.419,803907,4732765.38000000,270743937.28840000,0,2024-03-16 00:00:00+00:00,-0.08807119442619471,-0.08430431802604532,0.9842933610043124
1710633600000,53.44,58.5,50.05,58.45,6421648.71,1710719999999,352408551.0894,515350,3287172.49000000,180580781.68060000,0,2024-03-17 00:00:00+00:00,0.08961215868968714,0.09375,1.0127410919955118
1710720000000,58.44,65.39,55.26,60.65,11907328.03,1710806399999,735077808.7296,1075890,6034743.26000000,372910722.60040000,0,2024-03-18 00:00:00+00:00,0.036947947471981726,0.03763900769888795,1.0121105846715825
1710806400000,60.64,61.95,53.16,53.63,12376814.57,1710892799999,717161181.616,1109180,6351096.86000000,367989968.81420000,0,2024-03-19 00:00:00+00:00,-0.12301102239522528,-0.11574608408903542,1.1194188697252396
1710892800000,53.62,58.15,50.42,57.06,9552672.65,1710979199999,510854815.8858,772785,4982056.48000000,266595887.22290000,0,2024-03-20 00:00:00+00:00,0.06199473279052021,0.06395674063024437,1.1288501733738159
1710979200000,57.05,57.87,52.76,53.82,4920044.95,1711065599999,270643944.2592,433991,2380013.71000000,130943777.37980000,0,2024-03-21 00:00:00+00:00,-0.05845820048659417,-0.056782334384858024,1.1481413784444994
1711065600000,53.83,57.8,51.63,53.44,5691573.77,1711151999999,310739153.2166,490639,2796543.59000000,152752065.15070000,0,2024-03-22 00:00:00+00:00,-0.007085616070369522,-0.007060572277963639,1.143462722894188
1711152000000,53.44,55.98,52.6,53.45,2791760.71,1711238399999,151858218.4995,238466,1384272.54000000,75306050.85970000,0,2024-03-23 00:00:00+00:00,0.00018710824266405471,0.00018712574850310304,1.1377144650548812
1711238400000,53.45,55.82,52.43,55.68,2317592.73,1711324799999,125020868.1012,200005,1196481.09000000,64581195.82880000,0,2024-03-24 00:00:00+00:00,0.04087437855510987,0.04172123479887735,1.134190701421512
1711324800000,55.69,59.19,54.94,57.76,3814842.59,1711411199999,219010109.6845,317439,1877994.85000000,107828000.39300000,0,2024-03-25 00:00:00+00:00,0.03667547855840657,0.03735632183908044,1.136454353315167
1711411200000,57.75,60.0,55.33,55.78,3466292.41,1711497599999,198542241.1775,296813,1715125.53000000,98293577.32670000,0,2024-03-26 00:00:00+00:00,-0.034881112385227814,-0.03427977839335172,1.1495781519452517
1711497600000,55.79,56.72,52.5,54.1,3233550.45,1711583999999,176643631.9944,261268,1628776.27000000,88984717.84810000,0,2024-03-27 00:00:00+00:00,-0.030581196346907098,-0.030118321979204055,1.1524962127672014
1711584000000,54.1,55.05,53.18,54.63,1684510.45,1711670399999,91542489.9123,154367,856922.99000000,46577720.55640000,0,2024-03-28 00:00:00+00:00,0.009748996555190364,0.009796672828096042,1.1517675457535537
1711670400000,54.62,54.65,52.52,53.33,1637003.96,1711756799999,87644369.3565,162699,781207.97000000,41825243.08010000,0,2024-03-29 00:00:00+00:00,-0.02408415779511553,-0.023796448837635098,1.1566370056106043
1711756800000,53.32,54.63,52.76,52.93,1334954.82,1711843199999,71782958.3816,136246,657318.26000000,35362363.72450000,0,2024-03-30 00:00:00+00:00,-0.0075287387426146175,-0.0075004687792986635,1.157856455881688
1711843200000,52.92,54.28,52.87,54.06,1203818.27,1711929599999,64607779.0159,108433,601028.76000000,32267724.41860000,0,2024-03-31 00:00:00+00:00,0.021124254978405373,0.02134895144530513,1.1530315190652065
1711929600000,54.06,54.14,50.26,51.38,3011378.87,1712015999999,156553860.9361,251520,1450707.61000000,75412798.01750000,0,2024-04-01 00:00:00+00:00,-0.05084554916656397,-0.04957454679985196,1.1651841238630927
1712016000000,51.38,51.38,46.29,46.86,3239791.28,1712102399999,154830432.9359,276823,1577078.34000000,75279614.59200000,0,2024-04-02 00:00:00+00:00,-0.09208455860208804,-0.08797197353055675,1.203634429511009
1712102400000,46.87,48.32,44.97,45.89,2363000.86,1712188799999,110514330.3307,188692,1177189.91000000,55095861.29880000,0,2024-04-03 00:00:00+00:00,-0.020917204672907388,-0.020699957319675555,1.2061098532039933
1712188800000,45.89,48.16,45.42,46.5,1760856.23,1712275199999,82468190.2337,130664,909284.60000000,42621187.27170000,0,2024-04-04 00:00:00+00:00,0.013205084186568548,0.013292656352146492,1.1612535284471868
1712275200000,46.5,46.59,43.77,45.3,1789208.04,1712361599999,80710237.7441,136014,842205.02000000,38013564.78680000,0,2024-04-05 00:00:00+00:00,-0.02614528010432236,-0.02580645161290329,1.1535042470010097
1712361600000,45.3,48.98,45.05,48.19,2043537.32,1712447999999,96766131.2904,150525,1064964.21000000,50428891.90920000,0,2024-04-06 00:00:00+00:00,0.06184449816325299,0.06379690949227368,1.165315668828954
1712448000000,48.19,49.51,47.89,49.32,1194623.63,1712534399999,58052626.9338,91725,581242.15000000,28258478.34060000,0,2024-04-07 00:00:00+00:00,0.023178147643902223,0.023448848308777803,1.1654967853587754
1712534400000,49.33,50.81,48.25,49.86,1875605.09,1712620799999,93243385.7885,145325,932077.20000000,46359428.27440000,0,2024-04-08 00:00:00+00:00,0.010889399799268317,0.010948905109489093,1.1656592875018392
1712620800000,49.87,49.96,46.35,46.47,1749477.03,1712707199999,84177485.4531,128360,828350.12000000,39864741.59640000,0,2024-04-09 00:00:00+00:00,-0.07041213499852492,-0.06799037304452471,1.1921064367031826
1712707200000,46.47,48.01,45.07,47.3,2250167.7,1712793599999,105377413.6843,184423,1113854.59000000,52191689.02560000,0,2024-04-10 00:00:00+00:00,0.017703352401000277,0.017860985582095923,1.0616432922642618
1712793600000,47.3,47.5,45.59,46.01,1481848.1,1712879999999,68799759.5026,119415,690465.75000000,32070975.78570000,0,2024-04-11 00:00:00+00:00,-0.02765153133051001,-0.027272727272727226,0.9665038006203237
1712880000000,46.02,46.88,36.0,39.34,4679039.33,1712966399999,189778464.9731,366310,2223772.65000000,90060186.44920000,0,2024-04-12 00:00:00+00:00,-0.15661695120646407,-0.14496848511193205,1.0997914502695214
1712966400000,39.34,39.35,29.24,33.89,8362401.51,1713052799999,287382772.2156,563720,4087596.36000000,140618334.48330000,0,2024-04-13 00:00:00+00:00,-0.14912182734195306,-0.1385358413828165,1.2007367386690557
1713052800000,33.9,37.91,32.64,37.27,5518136.95,1713139199999,195815295.5717,363407,2777028.23000000,98639844.03070000,0,2024-04-14 00:00:00+00:00,0.09506872787220705,0.09973443493655942,1.2182532805159325
1713139200000,37.27,38.61,34.09,35.16,4953905.89,1713225599999,181182661.6317,323779,2457503.99000000,89956814.06280000,0,2024-04-15 00:00:00+00:00,-0.05827964067419093,-0.056613898577944854,1.2000427216310108
1713225600000,35.16,35.91,32.7,34.76,3313166.78,1713311999999,113739884.0186,235639,1663845.83000000,57127368.11910000,0,2024-04-16 00:00:00+00:00,-0.011441772419784942,-0.011376564277588153,1.1405683095318138
1713312000000,34.75,35.36,32.23,33.58,3016090.08,1713398399999,102621089.2508,218134,1517479.62000000,51646629.71650000,0,2024-04-17 00:00:00+00:00,-0.034536648747796474,-0.03394706559263516,1.1249045050389883
1713398400000,33.58,35.61,32.8,34.85,2688659.01,1713484799999,92539554.3744,195266,1363213.05000000,46940331.47530000,0,2024-04-18 00:00:00+00:00,0.037122485557138304,0.0378201310303754,1.0774882666446235
1713484800000,34.84,36.14,31.92,34.67,3273162.24,1713571199999,112889750.9377,216931,1683070.49000000,58094223.33170000,0,2024-04-19 00:00:00+00:00,-0.005178377509600791,-0.005164992826398818,1.0424760879939743
1713571200000,34.66,38.49,34.12,38.31,1920545.62,1713657599999,69728770.2262,142619,945006.67000000,34383251.88600000,0,2024-04-20 00:00:00+00:00,0.09983619901562557,0.10498990481684456,1.1067330196681646
1713657600000,38.31,38.77,36.35,37.15,1574355.22,1713743999999,59028643.4637,104016,733979.00000000,27525808.85490000,0,2024-04-21 00:00:00+00:00,-0.030747187548789568,-0.03027930044374849,1.1086663222858275
1713744000000,37.14,39.72,36.75,39.19,1818594.75,1713830399999,70413028.0985,141631,906119.42000000,35081001.37670000,0,2024-04-22 00:00:00+00:00,0.05345784104777187,0.054912516823687696,1.1314461060622167
1713830400000,39.18,39.92,37.98,38.3,1435816.55,1713916799999,55564423.5331,106515,681749.13000000,26390970.70910000,0,2024-04-23 00:00:00+00:00,-0.022971716024939852,-0.02270987496810417,1.1168926310419207
1713916800000,38.3,39.84,36.02,36.37,2306966.5,1714003199999,87499076.5049,163223,1136743.07000000,43145118.30360000,0,2024-04-24 00:00:00+00:00,-0.05170563718770259,-0.05039164490861614,1.1104698168958307
1714003200000,36.37,36.75,34.7,35.59,2133979.93,1714089599999,75984595.7483,133350,977882.82000000,34843837.36580000,0,2024-04-25 00:00:00+00:00,-0.021679559476796246,-0.0214462469067912,1.1085106608993671
1714089600000,35.59,35.88,34.27,34.42,1641347.49,1714175999999,57796224.8962,90854,808051.70000000,28466361.63010000,0,2024-04-26 00:00:00+00:00,-0.03342690873870794,-0.032874402922169144,1.1090591044804154
1714176000000,34.43,35.13,33.08,34.47,1810409.95,1714262399999,61815567.0287,98299,877044.98000000,29973097.35870000,0,2024-04-27 00:00:00+00:00,0.0014515897453805473,0.0014526438117372642,1.1070976585655898
1714262400000,34.47,35.39,33.8,33.95,1251390.9,1714348799999,43507285.116,67524,627482.68000000,21824892.43890000,0,2024-04-28 00:00:00+00:00,-0.015200526524068747,-0.015085581665216008,1.1066490887845448
1714348800000,33.95,35.88,32.84,35.28,2258794.34,1714435199999,77198606.2464,127634,1129140.40000000,38603629.89030000,0,2024-04-29 00:00:00+00:00,0.038427377133885283,0.039175257731958624,1.122084139643801
1714435200000,35.29,35.73,31.92,32.71,2815332.3,1714521599999,93852030.7949,153960,1336131.05000000,44529564.06430000,0,2024-04-30 00:00:00+00:00,-0.07563538958829799,-0.07284580498866211,1.135163368778493
1714521600000,32.71,34.0,30.26,33.33,3380517.89,1714607999999,108925079.8347,186008,1671798.88000000,53899730.13030000,0,2024-05-01 00:00:00+00:00,0.01877705076935561,0.01895444818098424,1.134817868540815
1714608000000,33.33,34.13,32.3,33.58,1703436.21,1714694399999,56848906.0451,97831,858483.95000000,28653083.24560000,0,2024-05-02 00:00:00+00:00,0.007472759329746443,0.007500750075007501,1.1017188485405853
1714694400000,33.57,36.13,33.3,35.54,1553343.97,1714780799999,53837533.6925,91459,794088.62000000,27550528.15990000,0,2024-05-03 00:00:00+00:00,0.05672817107711055,0.058368076235854716,1.1260382620577425
1714780800000,35.55,37.68,35.18,37.36,1920904.84,1714867199999,69719212.2234,116976,973573.43000000,35359827.18710000,0,2024-05-04 00:00:00+00:00,0.049941790634136604,0.05120990433314576,1.14213487566295
1714867200000,37.36,38.01,36.6,37.35,1760586.91,1714953599999,65537437.8577,117502,834738.63000000,31090510.25460000,0,2024-05-05 00:00:00+00:00,-0.0002677017818155054,-0.0002676659528907388,1.1403246970148826
1714953600000,37.35,39.87,36.78,37.11,2933511.56,1715039999999,111834033.5109,184111,1412437.34000000,53859328.97070000,0,2024-05-06 00:00:00+00:00,-0.006446436506320104,-0.006425702811244993,1.1134227171488402
1715040000000,37.12,37.6,35.27,35.31,1852417.36,1715126399999,67921942.2224,110319,884483.75000000,32457134.10010000,0,2024-05-07 00:00:00+00:00,-0.04972026513221109,-0.04850444624090533,1.1161776059135373
1715126400000,35.31,35.5,33.62,34.02,2157691.01,1715212799999,74538366.5002,126565,1036091.52000000,35824694.20110000,0,2024-05-08 00:00:00+00:00,-0.03721762297257931,-0.03653355989804585,1.116841136782627
1715212800000,34.02,35.38,33.73,35.07,1576030.39,1715299199999,54170713.069,96262,799069.25000000,27474577.11150000,0,2024-05-09 00:00:00+00:00,0.030397477184370948,0.030864197530864113,1.1066321650715165
1715299200000,35.07,36.12,33.23,33.71,2261922.59,1715385599999,78617666.3908,127159,1082307.38000000,37623490.19390000,0,2024-05-10 00:00:00+00:00,-0.039551534906117354,-0.03877958368976331,1.1070148742283004
1715385600000,33.71,34.04,33.06,33.49,1182903.0,1715471999999,39737059.9758,64666,575860.54000000,19341594.55340000,0,2024-05-11 00:00:00+00:00,-0.006547642439856124,-0.006526253337288623,1.105535661076147
1715472000000,33.49,34.0,32.78,33.14,688258.16,1715558399999,23080898.4686,46622,335170.84000000,11245607.30460000,0,2024-05-12 00:00:00+00:00,-0.010505874807696438,-0.010450880859958267,0.9720366275753252
1715558400000,33.14,33.82,31.93,32.46,2038043.28,1715644799999,67252363.288,104801,1050480.28000000,34682551.95000000,0,2024-05-13 00:00:00+00:00,-0.020732449911971658,-0.02051901025950509,0.8257975965408717
1715644800000,32.46,33.34,31.48,31.58,1769809.13,1715731199999,57193264.9023,88674,853511.56000000,27593117.56980000,0,2024-05-14 00:00:00+00:00,-0.027484553258949208,-0.02711028958718431,0.7529674152379154
1715731200000,31.58,34.79,31.35,34.66,2196525.74,1715817599999,73696952.4486,111021,1111289.71000000,37297580.62650000,0,2024-05-15 00:00:00+00:00,0.09306227545996393,0.09753008233058891,0.8028964690181997
1715817600000,34.66,35.01,33.75,34.46,1449092.77,1715903999999,49891095.6522,77062,711930.69000000,24516156.73810000,0,2024-05-16 00:00:00+00:00,-0.0057870531876763,-0.0057703404500863975,0.8021664928707606
1715904000000,34.45,37.59,34.26,36.43,2207393.25,1715990399999,80374559.8983,118166,1140811.93000000,41510637.17300000,0,2024-05-17 00:00:00+00:00,0.05559337992068892,0.05716773070226355,0.8152331990639098
1715990400000,36.43,37.66,36.34,37.24,1211992.75,1716076799999,45083811.8269,83473,601927.57000000,22391685.39520000,0,2024-05-18 00:00:00+00:00,0.021990841388394057,0.02223442217952254,0.8088790207040157
1716076800000,37.23,37.76,35.37,35.6,1108974.49,1716163199999,40393050.1641,71979,514475.59000000,18772235.22500000,0,2024-05-19 00:00:00+00:00,-0.045037814550881586,-0.04403866809881851,0.8252451550612777
1716163200000,35.6,40.35,35.15,40.13,2853777.98,1716249599999,107147027.4022,169707,1504119.13000000,56601558.64190000,0,2024-05-20 00:00:00+00:00,0.11977854642084067,0.12724719101123605,0.8576378877743542
1716249600000,40.13,41.42,39.66,41.2,3039403.61,1716335999999,123442698.7488,186669,1499219.98000000,60906577.82060000,0,2024-05-21 00:00:00+00:00,0.02631407207665541,0.026663344131572453,0.8536806864171941
1716336000000,41.19,41.8,39.19,40.0,2116832.47,1716422399999,85499874.053,133765,1028108.19000000,41542151.06150000,0,2024-05-22 00:00:00+00:00,-0.029558802241544505,-0.029126213592233108,0.8414962094370335
1716422400000,40.01,40.47,36.37,38.52,3125908.9,1716508799999,120639334.9263,204625,1483007.49000000,57203581.37930000,0,2024-05-23 00:00:00+00:00,-0.03770186718401142,-0.03699999999999992,0.8482490071702072
1716508800000,38.52,39.0,36.91,38.01,1363527.65,1716595199999,51852303.8384,85102,620923.27000000,23615851.93880000,0,2024-05-24 00:00:00+00:00,-0.013328303928767517,-0.013239875389408184,0.8290422225388752
1716595200000,38.01,38.72,37.71,38.28,735441.75,1716681599999,28064975.9783,55470,347839.12000000,13281823.70440000,0,2024-05-25 00:00:00+00:00,0.007078283583596293,0.007103393843725492,0.8249938286601682
1716681600000,38.28,38.31,36.46,36.76,892477.39,1716767999999,33232783.77,60033,431364.16000000,16060396.66100000,0,2024-05-26 00:00:00+00:00,-0.04051726909726735,-0.03970741901776398,0.8292322039772595
1716768000000,36.76,38.95,36.65,38.26,1355234.36,1716854399999,51245768.0804,84190,677451.28000000,25613809.31970000,0,2024-05-27 00:00:00+00:00,0.03999466652462046,0.04080522306855272,0.8396318842917153
1716854400000,38.27,38.4,36.53,37.02,1944227.48,1716940799999,72192289.8009,116033,948902.97000000,35223650.17720000,0,2024-05-28 00:00:00+00:00,-0.032946656866755256,-0.032409827496079346,0.8468511476073283
1716940800000,37.02,37.5,36.14,36.2,1410140.99,1717027199999,51945591.1298,80252,679106.55000000,25024647.37140000,0,2024-05-29 00:00:00+00:00,-0.02239918831362603,-0.022150189086979966,0.8412800923783386
1717027200000,36.2,37.09,35.3,35.98,1589093.3,1717113599999,57807071.2783,91372,759037.46000000,27615755.10330000,0,2024-05-30 00:00:00+00:00,-0.006095890309338547,-0.00607734806629856,0.7954162198729595
1717113600000,35.98,36.79,35.2,36.02,1109882.27,1717199999999,39991001.9967,66256,513120.29000000,18500314.83200000,0,2024-05-31 00:00:00+00:00,0.0011111112254231928,0.0011117287381881003,0.7934395619810826
1717200000000,36.04,36.22,35.7,35.76,480351.19,1717286399999,17298006.5376,39651,217694.98000000,7839601.34090000,0,2024-06-01 00:00:00+00:00,-0.007244389442496732,-0.007218212104386557,0.7939594714703897
1717286400000,35.76,36.18,34.77,34.91,948549.12,1717372799999,33668426.9407,61891,404973.38000000,14382598.73690000,0,2024-06-02 00:00:00+00:00,-0.024056629188368754,-0.023769574944071614,0.7737426510589597
1717372800000,34.91,36.27,34.56,35.03,1502543.1,1717459199999,53465616.5972,72442,721470.58000000,25676761.69960000,0,2024-06-03 00:00:00+00:00,0.003431516092450981,0.003437410484102177,0.7522154286973175
1717459200000,35.03,36.29,34.41,36.06,1295062.99,1717545599999,45713111.8379,69977,661327.43000000,23354588.82030000,0,2024-06-04 00:00:00+00:00,0.02897938056577588,0.029403368541250474,0.7600122009650355
1717545600000,36.07,36.91,35.93,36.57,1320551.18,1717631999999,48026610.5066,67320,660188.77000000,24008727.20410000,0,2024-06-05 00:00:00+00:00,0.014044014386118624,0.014143094841930104,0.7615813202233541
1717632000000,36.58,37.2,35.72,35.89,1130097.72,1717718399999,41245262.0184,61706,516468.74000000,18866348.10390000,0,2024-06-06 00:00:00+00:00,-0.018769527001773936,-0.01859447634673228,0.7438444218692438
1717718400000,35.89,36.89,30.9,33.51,2946397.48,1717804799999,100663704.7375,192205,1438378.71000000,49122567.25710000,0,2024-06-07 00:00:00+00:00,-0.06861480341029692,-0.06631373641682925,0.7714545477720328
1717804800000,33.51,33.73,31.92,32.27,1168309.91,1717891199999,38304804.5855,70890,588486.90000000,19296471.59770000,0,2024-06-08 00:00:00+00:00,-0.03770589568534845,-0.03700387943897332,0.7736909100165664
1717891200000,32.27,33.02,32.04,32.98,601496.64,1717977599999,19536741.6705,38266,302827.72000000,9838231.01550000,0,2024-06-09 00:00:00+00:00,0.021763311067582194,0.02200185931205434,0.7665335622879119
1717977600000,32.99,33.47,32.02,32.28,1131273.21,1718063999999,36937712.1557,54310,543954.40000000,17772365.14940000,0,2024-06-10 00:00:00+00:00,-0.021453473729704717,-0.021224984839296468,0.7697141640976615
1718064000000,32.28,32.38,30.59,31.55,1847318.93,1718150399999,58507811.9831,93585,860500.68000000,27257770.93180000,0,2024-06-11 00:00:00+00:00,-0.02287425441452591,-0.022614622057001266,0.7727937170954904
1718150400000,31.56,33.99,30.79,33.27,1877715.47,1718236799999,61655997.157,114337,918089.06000000,30142671.07250000,0,2024-06-12 00:00:00+00:00,0.053082501043163366,0.05451664025356595,0.7924798373385635
1718236800000,33.27,33.44,30.92,30.99,1377426.4,1718323199999,44157110.4107,81703,657257.84000000,21078470.62770000,0,2024-06-13 00:00:00+00:00,-0.0709915182307286,-0.0685302073940488,0.8258657420957465
1718323200000,31.0,32.21,29.29,30.29,2200667.62,1718409599999,67446270.9129,124209,1042361.84000000,31963666.40920000,0,2024-06-14 00:00:00+00:00,-0.0228469467605109,-0.02258793159083572,0.7564055473136121
1718409600000,30.29,30.65,29.91,30.01,647613.47,1718495999999,19579437.5271,38864,300963.26000000,9103877.26050000,0,2024-06-15 00:00:00+00:00,-0.009286965586870142,-0.009243974909210917,0.7565794449884256
1718496000000,30.01,30.48,29.66,30.08,951476.4,1718582399999,28573651.3726,59103,444201.76000000,13342488.08470000,0,2024-06-16 00:00:00+00:00,0.0023298396293631486,0.0023325558147282432,0.7254045446126487
1718582400000,30.07,30.35,27.29,28.47,1975971.78,1718668799999,56802836.1104,104131,942317.46000000,27069670.52430000,0,2024-06-17 00:00:00+00:00,-0.055009597791692906,-0.05352393617021278,0.7371223619592244
1718668800000,28.47,28.54,24.94,26.6,2809030.18,1718755199999,73954733.2437,155571,1346203.19000000,35421242.05340000,0,2024-06-18 00:00:00+00:00,-0.06793968550229265,-0.06568317527221623,0.7553373903954548
1718755200000,26.6,27.67,26.38,26.94,1296859.97,1718841599999,35174949.1602,69756,639962.06000000,17363547.39000000,0,2024-06-19 00:00:00+00:00,0.012700955194564606,0.012781954887218117,0.6008303785612584
1718841600000,26.95,28.89,26.67,27.58,1873349.75,1718927999999,51810644.1732,93877,962713.02000000,26659394.11640000,0,2024-06-20 00:00:00+00:00,0.023478701382937704,0.02375649591685214,0.5985555416935294
1718928000000,27.58,28.03,26.93,27.48,1411878.18,1719014399999,38909264.3193,74118,671862.13000000,18511061.42930000,0,2024-06-21 00:00:00+00:00,-0.0036324050110070464,-0.0036258158085568093,0.596562642754467
1719014400000,27.48,27.5,24.52,25.61,3754180.61,1719100799999,96219307.8166,233449,1790174.48000000,45778181.09130000,0,2024-06-22 00:00:00+00:00,-0.07047556714271477,-0.06804949053857356,0.6242877391851432
1719100800000,25.62,26.15,24.12,25.09,2992605.46,1719187199999,74742374.2028,148185,1530885.27000000,38247571.53950000,0,2024-06-23 00:00:00+00:00,-0.020513539833102903,-0.02030456852791873,0.6247503516761749
1719187200000,25.08,25.25,23.51,24.8,3210819.75,1719273599999,78337741.2475,151050,1584825.33000000,38669342.95730000,0,2024-06-24 00:00:00+00:00,-0.011625707207394403,-0.011558389796731738,0.6202561677058501
1719273600000,24.79,25.79,24.58,25.4,1484143.35,1719359999999,37456242.4556,73693,699720.23000000,17673015.77700000,0,2024-06-25 00:00:00+00:00,0.023905520853554386,0.024193548387096753,0.6268746683838722
1719360000000,25.4,26.66,25.28,25.82,2304629.01,1719446399999,59795467.941,99211,1069494.98000000,27760034.97820000,0,2024-06-26 00:00:00+00:00,0.016400211394005645,0.016535433070866246,0.607184143985477
1719446400000,25.82,28.38,25.36,27.91,2306236.79,1719532799999,62280204.565,111616,1171635.33000000,31628232.47090000,0,2024-06-27 00:00:00+00:00,0.07783566212973433,0.08094500387296666,0.6801977038568218
1719532800000,27.91,29.09,27.66,27.96,2075840.6,1719619199999,58730860.7456,111704,1016336.09000000,28769144.27190000,0,2024-06-28 00:00:00+00:00,0.0017898698173786404,0.0017914725904693007,0.679619158194143
1719619200000,27.96,28.68,27.57,27.76,1083357.0,1719705599999,30477482.7618,56658,522363.49000000,14702793.97610000,0,2024-06-29 00:00:00+00:00,-0.007178781727005751,-0.007153075822603716,0.6795792446320618
1719705600000,27.77,29.57,27.4,29.36,1537329.37,1719791999999,43687945.3238,91155,769373.12000000,21874583.78250000,0,2024-06-30 00:00:00+00:00,0.05603706810771099,0.057636887608069065,0.715557726818314
1719792000000,29.36,30.12,28.81,28.83,1691942.47,1719878399999,50168618.6036,106466,811788.72000000,24078917.42380000,0,2024-07-01 00:00:00+00:00,-0.018216692096004076,-0.01805177111716627,0.7166633110761765
1719878400000,28.83,28.91,28.09,28.71,1535912.34,1719964799999,43714512.6025,82902,778978.70000000,22173470.14680000,0,2024-07-02 00:00:00+00:00,-0.00417101751733819,-0.004162330905306932,0.7141216757409563
1719964800000,28.72,28.97,26.43,26.51,2084008.75,1720051199999,57083893.4253,116249,954397.12000000,26128302.27470000,0,2024-07-03 00:00:00+00:00,-0.0797234738320384,-0.07662835249042144,0.7571483734349065
1720051200000,26.51,26.7,24.28,24.44,2122362.53,1720137599999,54238577.7526,116464,996752.56000000,25476160.47750000,0,2024-07-04 00:00:00+00:00,-0.08130088599753958,-0.0780837419841569,0.7842234801639918
1720137600000,24.43,25.44,21.8,25.13,4416833.2,1720223999999,104088829.6159,235885,2160570.45000000,50932330.37090000,0,2024-07-05 00:00:00+00:00,0.02784121725210616,0.028232405891980283,0.7916458616036727
1720224000000,25.13,27.61,24.84,27.41,1273710.29,1720310399999,33193537.6349,85481,640946.15000000,16734697.17330000,0,2024-07-06 00:00:00+00:00,0.08684555875919375,0.09072821329088754,0.863575958942839
1720310400000,27.41,27.49,25.46,25.75,1523225.99,1720396799999,40061548.5345,100515,689389.73000000,18128955.81530000,0,2024-07-07 00:00:00+00:00,-0.06247328320494924,-0.060561838744983554,0.8584892337989373
1720396800000,25.75,27.21,24.53,25.21,3013924.84,1720483199999,78064237.4912,174853,1451678.94000000,37588476.64610000,0,2024-07-08 00:00:00+00:00,-0.021193885909916645,-0.020970873786407718,0.8534038468616133
1720483200000,25.21,26.5,24.71,26.43,2301249.16,1720569599999,58903183.4973,120415,1168620.26000000,29911302.37190000,0,2024-07-09 00:00:00+00:00,0.047258987416369226,0.048393494644981994,0.869169775304261
1720569600000,26.43,27.42,25.63,25.75,1444884.87,1720655999999,38399327.9763,97645,664993.35000000,17665831.68240000,0,2024-07-10 00:00:00+00:00,-0.02606510150645264,-0.025728339008702195,0.8702577621010931
1720656000000,25.75,26.38,25.01,25.21,2064310.7,1720742399999,52941820.6821,125177,1054953.63000000,27060659.03090000,0,2024-07-11 00:00:00+00:00,-0.021193885909916645,-0.020970873786407718,0.8699046159381962
1720742400000,25.19,26.1,24.82,25.96,1236543.8,1720828799999,31475282.6795,79061,591828.98000000,15068770.86480000,0,2024-07-12 00:00:00+00:00,0.02931615063606079,0.029750099166997224,0.8528632296875698
1720828800000,25.97,26.34,25.53,25.86,1755388.94,1720915199999,45491281.9359,107690,725042.17000000,18804375.74670000,0,2024-07-13 00:00:00+00:00,-0.0038595184921779158,-0.0038520801232666546,0.8223233748681049
1720915200000,25.85,26.67,25.6,26.35,1493849.24,1721001599999,38925850.4996,91034,715102.07000000,18637093.33060000,0,2024-07-14 00:00:00+00:00,0.01877090164366005,0.01894818252126851,0.824423131035226
1721001600000,26.35,27.89,26.27,27.82,2252819.9,1721087999999,60995475.2153,146787,1113813.63000000,30165977.50680000,0,2024-07-15 00:00:00+00:00,0.05428691150792541,0.0557874762808348,0.8493633794913189
1721088000000,27.83,29.25,26.47,28.01,2956440.06,1721174399999,82273401.7024,203215,1409941.35000000,39232750.87970000,0,2024-07-16 00:00:00+00:00,0.006806402776720302,0.006829618979151686,0.849828884789491
1721174400000,28.01,29.03,27.21,27.24,2275728.47,1721260799999,64203078.292,146080,1153908.87000000,32573283.90000000,0,2024-07-17 00:00:00+00:00,-0.02787510799070569,-0.027490182077829495,0.8337965934979475
1721260800000,27.24,27.94,26.59,27.14,1688798.14,1721347199999,46231790.1961,101322,831636.71000000,22766430.97760000,0,2024-07-18 00:00:00+00:00,-0.0036778268745884515,-0.0036710719530101965,0.7987117359357423
1721347200000,27.13,28.41,26.65,28.16,2176432.94,1721433599999,59868083.9465,112146,1086456.83000000,29881730.21610000,0,2024-07-19 00:00:00+00:00,0.036893876883118536,0.037582903463522443,0.8077056336153419
1721433600000,28.17,29.18,27.78,29.11,1467397.44,1721519999999,41756067.0432,81374,698702.02000000,19888790.17740000,0,2024-07-20 00:00:00+00:00,0.033179226467690164,0.033735795454545414,0.8117302109594086
1721520000000,29.1,33.0,28.54,32.64,4881628.18,1721606399999,149864559.6375,322402,2511655.90000000,77171331.54590000,0,2024-07-21 00:00:00+00:00,0.11445677233837437,0.12126417038818271,0.901345299537353
1721606400000,32.64,32.95,31.32,31.87,2823413.4,1721692799999,90737040.3786,207046,1356369.94000000,43601608.03720000,0,2024-07-22 00:00:00+00:00,-0.023873401666661187,-0.023590686274509776,0.865704047708065
1721692800000,31.87,32.63,29.43,29.82,2989620.04,1721779199999,91559187.202,199956,1563351.00000000,47841332.01070000,0,2024-07-23 00:00:00+00:00,-0.06648581909265275,-0.06432381550047073,0.8985163550748048
1721779200000,29.82,30.55,28.26,28.38,2813233.19,1721865599999,82729476.2732,198571,1411721.73000000,41507376.50540000,0,2024-07-24 00:00:00+00:00,-0.04949463760469586,-0.048289738430583595,0.9172510157102035
1721865600000,28.37,28.59,26.26,27.24,2457846.44,1721951999999,67018304.0481,170650,1201998.49000000,32752175.34740000,0,2024-07-25 00:00:00+00:00,-0.040998190450585,-0.04016913319238902,0.9278406862429165
1721952000000,27.23,28.93,27.17,28.72,2103180.06,1722038399999,59215084.0221,131944,1129337.27000000,31819329.93330000,0,2024-07-26 00:00:00+00:00,0.052907262898711796,0.05433186490455211,0.9434153974389364
1722038400000,28.73,29.52,27.59,28.04,1595083.64,1722124799999,45551954.8035,113472,727720.35000000,20768041.76190000,0,2024-07-27 00:00:00+00:00,-0.023961682013634068,-0.0236768802228412,0.9087086893243669
1722124800000,28.04,28.17,27.1,27.4,955992.62,1722211199999,26343950.0845,73432,468402.18000000,12910530.04530000,0,2024-07-28 00:00:00+00:00,-0.023089048772364815,-0.022824536376604865,0.9122818913926773
1722211200000,27.39,28.86,26.96,27.01,2335986.83,1722297599999,65430675.0145,144348,1097644.86000000,30773346.75290000,0,2024-07-29 00:00:00+00:00,-0.014335845589500278,-0.01423357664233571,0.9132651877178528
1722297600000,27.01,27.32,26.03,26.33,1375203.85,1722383999999,36860292.9684,94873,704562.13000000,18889035.37900000,0,2024-07-30 00:00:00+00:00,-0.0254981942963063,-0.025175860792299276,0.8933368906338331
1722384000000,26.32,26.87,25.44,25.7,1930480.93,1722470399999,50588227.541,128138,836133.23000000,21922993.06720000,0,2024-07-31 00:00:00+00:00,-0.024217981607043915,-0.02392707937713634,0.894814189329091
1722470400000,25.7,25.92,24.01,25.71,1979230.94,1722556799999,49488078.4528,137581,971815.82000000,24280662.69760000,0,2024-08-01 00:00:00+00:00,0.00038902937662399706,0.00038910505836575737,0.894933729704638
1722556800000,25.71,25.91,23.35,23.6,2234805.73,1722643199999,54604667.8436,170351,1059208.51000000,25887664.40140000,0,2024-08-02 00:00:00+00:00,-0.08563330924623366,-0.08206923376118236,0.9014677368297755
1722643200000,23.6,24.15,22.2,22.67,1850832.83,1722729599999,42969793.9417,123914,870544.04000000,20219670.43360000,0,2024-08-03 00:00:00+00:00,-0.04020424751212672,-0.03940677966101691,0.8678112953959145
1722729600000,22.68,22.96,20.58,21.25,2081859.37,1722815999999,45338300.7548,116384,967229.60000000,21074330.72770000,0,2024-08-04 00:00:00+00:00,-0.06468556914901184,-0.06263784737538602,0.8868909186884413
1722816000000,21.26,21.38,17.29,19.54,9670531.58,1722902399999,182450243.8281,471497,4682465.97000000,88295807.90830000,0,2024-08-05 00:00:00+00:00,-0.08389324875578923,-0.08047058823529418,0.8625396852408539
1722902400000,19.54,21.46,19.51,20.89,2687249.82,1722988799999,55749283.5702,148054,1354594.25000000,28084585.71910000,0,2024-08-06 00:00:00+00:00,0.06680692895383776,0.06908904810644834,0.8835878598743848
1722988800000,20.88,21.7,19.71,19.85,2185632.53,1723075199999,45248760.4547,130283,1081939.63000000,22433403.43340000,0,2024-08-07 00:00:00+00:00,-0.05106656843527491,-0.049784585926280434,0.8957003161676031
1723075200000,19.86,22.8,19.52,22.73,2398279.56,1723161599999,51022188.497,133218,1198726.83000000,25486305.65670000,0,2024-08-08 00:00:00+00:00,0.13548163073125238,0.14508816120906798,1.0097631677458312
1723161600000,22.73,22.8,21.29,21.74,1708499.52,1723247999999,37226098.6635,110759,784707.29000000,17087385.30190000,0,2024-08-09 00:00:00+00:00,-0.04453175617138855,-0.04355477342718883,1.0166367114199204
1723248000000,21.75,22.05,21.4,21.59,829812.48,1723334399999,17996461.1832,54711,412185.23000000,8941088.00490000,0,2024-08-10 00:00:00+00:00,-0.006923637166347283,-0.006899724011039443,1.015106681941415
1723334400000,21.59,22.37,20.39,20.4,1316532.04,1723420799999,28180519.506,90996,655363.24000000,14031714.54970000,0,2024-08-11 00:00:00+00:00,-0.056695343676545294,-0.055118110236220486,1.0226388457411761
1723420800000,20.4,21.71,20.3,21.26,1828261.75,1723507199999,38548924.1,128574,869169.84000000,18341720.19520000,0,2024-08-12 00:00:00+00:00,0.041292472063631236,0.04215686274509811,1.0369856056495672
1723507200000,21.27,21.62,20.6,21.37,1369820.3,1723593599999,28945587.8375,98570,677215.16000000,14295084.82900000,0,2024-08-13 00:00:00+00:00,0.005160696417254365,0.005174035747883332,1.033888331368714
1723593600000,21.38,21.87,20.77,20.95,1239087.66,1723679999999,26415235.1138,100440,604846.10000000,12897423.63360000,0,2024-08-14 00:00:00+00:00,-0.019849422962909622,-0.019653720168460564,1.0106704461277374
1723680000000,20.95,21.15,19.83,20.14,1891885.5,1723766399999,38908034.2839,155579,1013884.06000000,20852899.93250000,0,2024-08-15 00:00:00+00:00,-0.03943075907773039,-0.0386634844868734,1.0141697099050708
1723766400000,20.14,20.72,19.78,20.36,1292955.85,1723852799999,26208595.5055,120230,630553.22000000,12788996.90900000,0,2024-08-16 00:00:00+00:00,0.010864304391905662,0.010923535253227312,1.015055893525399
1723852800000,20.36,20.71,20.23,20.7,594996.7,1723939199999,12200550.1588,55110,286039.20000000,5869471.79290000,0,2024-08-17 00:00:00+00:00,0.016561508589001305,0.016699410609037235,1.0190153984359223
1723939200000,20.7,21.51,20.55,20.82,1080288.16,1724025599999,22734942.9213,101615,505895.46000000,10646286.44990000,0,2024-08-18 00:00:00+00:00,0.005780362915499549,0.005797101449275477,1.0070766124310786
1724025600000,20.83,21.25,20.38,21.21,1079897.76,1724111999999,22393421.5361,102366,572221.77000000,11865684.66020000,0,2024-08-19 00:00:00+00:00,0.01855870538976825,0.018731988472622474,1.0004440196025202
1724112000000,21.22,22.79,21.16,22.26,2257515.64,1724198399999,49753996.6191,187686,1005401.05000000,22163077.76440000,0,2024-08-20 00:00:00+00:00,0.04831857727080773,0.04950495049504955,0.9197737955104572
1724198400000,22.26,23.8,22.25,23.53,2113314.06,1724284799999,48983823.4056,232617,1077767.75000000,24981957.00300000,0,2024-08-21 00:00:00+00:00,0.05548485689187228,0.0570530098831985,0.9488952391613291
1724284800000,23.53,25.35,23.05,25.22,2451735.12,1724371199999,59655170.6904,250052,1244499.76000000,30289140.09760000,0,2024-08-22 00:00:00+00:00,0.06936112779750232,0.07182320441988943,0.9654834325392685
1724371200000,25.22,27.01,25.22,26.49,3388980.56,1724457599999,89076545.4562,407714,1681781.59000000,44218587.95390000,0,2024-08-23 00:00:00+00:00,0.049129972747204875,0.050356859635210194,0.970303855971247
1724457600000,26.5,28.0,26.19,27.11,2329717.63,1724543999999,63305812.6052,226125,1086930.29000000,29529928.22750000,0,2024-08-24 00:00:00+00:00,0.02313536022659594,0.023405058512646404,0.9638743581479683
1724544000000,27.12,27.68,26.13,26.92,2020535.79,1724630399999,54288884.5478,184807,988163.83000000,26580168.84220000,0,2024-08-25 00:00:00+00:00,-0.007033158734047028,-0.007008483954260347,0.9448266357119676
1724630400000,26.93,27.2,25.89,25.94,1936106.29,1724716799999,51492936.0162,191108,944439.37000000,25126147.27080000,0,2024-08-26 00:00:00+00:00,-0.03708332588822921,-0.036404160475482894,0.9497337538301831
1724716800000,25.94,26.81,23.66,24.09,2200225.1,1724803199999,55812661.7586,239678,1084696.29000000,27513798.17180000,0,2024-08-27 00:00:00+00:00,-0.07398936226151785,-0.07131842713955283,0.9796810606849339
1724803200000,24.08,24.84,23.19,23.45,2427017.83,1724889599999,58124609.6399,278901,1281043.00000000,30677369.86670000,0,2024-08-28 00:00:00+00:00,-0.026926321734491696,-0.026567040265670472,0.9822866233596386
1724889600000,23.44,24.68,22.78,22.89,1881922.74,1724975999999,44603570.2641,194850,1027332.08000000,24343985.69320000,0,2024-08-29 00:00:00+00:00,-0.024170360927812953,-0.023880597014925287,0.9819438182560355
1724976000000,22.9,23.64,22.18,23.29,1640828.47,1725062399999,37662456.7693,169262,835950.28000000,19196108.18420000,0,2024-08-30 00:00:00+00:00,0.017323949931774246,0.01747487986020091,0.9822246984321324
1725062400000,23.29,23.4,22.47,22.81,731034.89,1725148799999,16773810.8913,73223,306731.69000000,7037071.07790000,0,2024-08-31 00:00:00+00:00,-0.02082504759995302,-0.020609703735508855,0.9840123584165071
1725148800000,22.8,22.84,21.09,21.42,1701717.55,1725235199999,37609773.4716,157166,834852.77000000,18452514.59140000,0,2024-09-01 00:00:00+00:00,-0.06287397127669377,-0.060938185006575885,0.9632279466566143
1725235200000,21.42,22.57,21.37,22.37,1213729.2,1725321599999,26745482.6414,120149,639433.74000000,14092411.98210000,0,2024-09-02 00:00:00+00:00,0.043395710482435595,0.04435107376283853,0.9669709300456197
1725321600000,22.37,22.73,21.33,21.38,1165499.01,1725407999999,25694253.9313,123463,601752.15000000,13265714.46270000,0,2024-09-03 00:00:00+00:00,-0.045264869905139116,-0.0442556995976755,0.953003735199493
1725408000000,21.38,22.32,20.48,21.9,1783124.44,1725494399999,38361489.1873,167192,841569.13000000,18122863.57280000,0,2024-09-04 00:00:00+00:00,0.024030731225555903,0.024321796071094415,0.9063458051317155
1725494400000,21.91,22.19,21.23,21.38,1130561.49,1725580799999,24485822.0076,132169,544665.78000000,11800379.26640000,0,2024-09-05 00:00:00+00:00,-0.024030731225555945,-0.0237442922374429,0.8819215612227571
1725580800000,21.38,22.19,20.48,21.17,2491055.66,1725667199999,53194424.167,230492,1241519.14000000,26512567.29030000,0,2024-09-06 00:00:00+00:00,-0.009870820450125196,-0.009822263797941821,0.8629462782017809
1725667200000,21.16,22.0,21.05,21.8,951544.49,1725753599999,20542367.1707,78843,447200.04000000,9651761.92650000,0,2024-09-07 00:00:00+00:00,0.029324884648269416,0.029759093056211494,0.7249022669818195
1725753600000,21.8,23.52,21.71,23.25,1913376.33,1725839999999,43646473.907,170187,925113.57000000,21106459.68940000,0,2024-09-08 00:00:00+00:00,0.06439516223832198,0.0665137614678899,0.7426681087655449
1725840000000,23.25,24.44,23.14,23.84,2082195.37,1725926399999,49599865.701,206587,1069756.59000000,25500578.19300000,0,2024-09-09 00:00:00+00:00,0.025059710163783704,0.02537634408602152,0.7460732569720165
1725926400000,23.85,24.59,23.57,24.36,1441227.33,1726012799999,34584566.5462,140635,752721.19000000,18059747.66770000,0,2024-09-10 00:00:00+00:00,0.02157760064454715,0.021812080536912637,0.7162035027320145
1726012800000,24.36,24.52,22.87,23.28,1685272.65,1726099199999,39700927.9164,176030,781373.38000000,18399313.50730000,0,2024-09-11 00:00:00+00:00,-0.045347819978459145,-0.044334975369458074,0.7260286581119901
1726099200000,23.28,24.1,23.27,24.02,1532687.18,1726185599999,36335837.1531,147872,803518.62000000,19049424.88070000,0,2024-09-12 00:00:00+00:00,0.0312921937886003,0.0317869415807559,0.7326869393443546
1726185600000,24.02,25.1,23.66,24.91,1883781.59,1726271999999,45713745.9191,178658,918539.83000000,22302494.41420000,0,2024-09-13 00:00:00+00:00,0.03638251262225165,0.03705245628642806,0.7359953434043793
1726272000000,24.91,25.66,24.61,25.32,1199130.86,1726358399999,30153730.3833,127713,557860.87000000,14035882.35030000,0,2024-09-14 00:00:00+00:00,0.016325268001886457,0.016459253311922994,0.7183806502695345
1726358400000,25.33,25.38,23.64,23.8,1451892.29,1726444799999,35627441.5368,147059,731951.59000000,17959265.82480000,0,2024-09-15 00:00:00+00:00,-0.06190901659854646,-0.0600315955766193,0.7580100418178676
1726444800000,23.8,24.24,23.22,23.52,1751162.34,1726531199999,41392391.9152,171860,893716.66000000,21127350.14930000,0,2024-09-16 00:00:00+00:00,-0.01183445764700291,-0.01176470588235301,0.7591252431282777
1726531200000,23.52,24.49,23.16,23.77,1583225.8,1726617599999,37959235.7743,157061,770883.14000000,18485271.97110000,0,2024-09-17 00:00:00+00:00,0.01057315834167641,0.010629251700680298,0.7594302943872767
1726617600000,23.78,24.73,22.79,24.68,2073720.9,1726703999999,48753644.3984,176396,1055940.89000000,24829795.15550000,0,2024-09-18 00:00:00+00:00,0.037568917665084564,0.038283550694152346,0.7667454138595409
1726704000000,24.7,26.79,24.69,26.66,2927349.19,1726790399999,76311005.4693,307410,1369678.60000000,35700975.52270000,0,2024-09-19 00:00:00+00:00,0.07717111571337547,0.08022690437601288,0.7933800209359814
1726790400000,26.67,28.8,26.48,27.67,3375743.3,1726876799999,93413291.5339,362098,1680248.93000000,46409747.37890000,0,2024-09-20 00:00:00+00:00,0.03718447904827196,0.037884471117779484,0.7814962073167132
1726876800000,27.67,28.13,26.99,27.79,1074371.17,1726963199999,29561950.865,152517,513006.42000000,14129363.80500000,0,2024-09-21 00:00:00+00:00,0.0043274499555777,0.004336826888326595,0.7466524420349123
1726963200000,27.79,27.8,26.45,27.29,1232505.34,1727049599999,33432679.6909,163349,574454.78000000,15586171.30680000,0,2024-09-22 00:00:00+00:00,-0.018155909034165304,-0.017992083483267418,0.7313261692916789
1727049600000,27.3,28.18,26.56,27.39,2044240.42,1727135999999,56175373.3908,221767,1050221.79000000,28858257.34440000,0,2024-09-23 00:00:00+00:00,0.0036576485547398447,0.003664345914254463,0.7270465907859756
1727136000000,27.39,28.55,26.84,28.46,1891613.31,1727222399999,52064639.4076,236954,954220.50000000,26267970.54630000,0,2024-09-24 00:00:00+00:00,0.03832160938671954,0.03906535231836439,0.7383789860384653
1727222400000,28.46,28.5,27.15,27.28,2136050.42,1727308799999,59288278.1376,263190,1039527.02000000,28854947.30510000,0,2024-09-25 00:00:00+00:00,-0.042345759686444905,-0.04146170063246657,0.7420906019992629
1727308800000,27.29,29.42,26.96,29.16,2834148.82,1727395199999,80954044.9618,311542,1358168.51000000,38819813.25060000,0,2024-09-26 00:00:00+00:00,0.066644074165196,0.06891495601173014,0.7235025269952369
1727395200000,29.15,30.85,28.93,30.43,2216838.14,1727481599999,66390948.5937,338523,1122154.28000000,33622447.76580000,0,2024-09-27 00:00:00+00:00,0.042631056768422375,0.04355281207133066,0.7238973443499633
1727481600000,30.44,30.76,29.03,29.28,1265112.67,1727567999999,37547068.6622,190218,565040.39000000,16772224.83160000,0,2024-09-28 00:00:00+00:00,-0.038524274815768866,-0.03779165297403875,0.7337612764582687
1727568000000,29.29,29.47,28.24,29.04,1309575.5,1727654399999,37840831.3986,205543,675574.36000000,19520930.30590000,0,2024-09-29 00:00:00+00:00,-0.008230499136515591,-0.00819672131147553,0.735177567836385
1727654400000,29.04,29.12,27.56,27.71,2118117.74,1727740799999,59979330.2505,241966,1005317.37000000,28468693.41050000,0,2024-09-30 00:00:00+00:00,-0.04688083108170824,-0.045798898071625294,0.7531460557532801
1727740800000,27.71,28.89,25.0,25.82,3528601.75,1727827199999,94507403.5353,403276,1746901.22000000,46827390.01030000,0,2024-10-01 00:00:00+00:00,-0.07064397345639056,-0.06820642367376395,0.7625809522323344
1727827200000,25.82,26.78,25.03,25.33,2104510.83,1727913599999,54444077.2651,245103,1035781.94000000,26786970.83170000,0,2024-10-02 00:00:00+00:00,-0.019159921404912714,-0.018977536793183702,0.7553889467344725
1727913600000,25.33,25.67,23.9,24.66,2257868.51,1727999999999,55724653.9427,258293,1079637.70000000,26654057.85830000,0,2024-10-03 00:00:00+00:00,-0.026806966277385515,-0.0264508487958941,0.7428334441601139
1728000000000,24.66,26.5,24.44,26.27,1804442.66,1728086399999,46297749.9978,207850,848888.68000000,21767008.35770000,0,2024-10-04 00:00:00+00:00,0.06324510596125027,0.06528791565287917,0.767812460926648
1728086400000,26.27,26.45,25.1,25.67,1054363.46,1728172799999,27258996.9185,129497,418174.41000000,10816920.07910000,0,2024-10-05 00:00:00+00:00,-0.02310460881439934,-0.02283974114960019,0.7673622376057825
1728172800000,25.67,27.08,25.49,26.94,1233938.51,1728259199999,32687088.2107,160985,570680.04000000,15116862.94390000,0,2024-10-06 00:00:00+00:00,0.048289176099168954,0.04947409427347105,0.7788609350359559
1728259200000,26.93,27.74,26.51,26.56,1779576.78,1728345599999,48317380.6145,215829,868214.01000000,23576469.26860000,0,2024-10-07 00:00:00+00:00,-0.014205846373984945,-0.014105419450631151,0.778684494165101
1728345600000,26.57,27.19,26.03,26.34,1316635.28,1728431999999,34934854.7237,178196,615899.26000000,16332069.25820000,0,2024-10-08 00:00:00+00:00,-0.008317628293098112,-0.008283132530120474,0.7515717235160072
1728432000000,26.34,26.7,25.68,25.76,1612088.05,1728518399999,42119019.9567,194597,742443.99000000,19407708.95800000,0,2024-10-09 00:00:00+00:00,-0.02226579507898206,-0.022019741837509432,0.7531343585144584
1728518400000,25.76,26.37,25.06,25.86,1305991.34,1728604799999,33682369.1492,171184,660511.65000000,17040365.76940000,0,2024-10-10 00:00:00+00:00,0.0038744721075584933,0.0038819875776396895,0.7500395703879632
1728604800000,25.85,27.6,25.75,27.45,1356314.72,1728691199999,36241553.5428,162260,655057.45000000,17518075.43960000,0,2024-10-11 00:00:00+00:00,0.05966879461182812,0.061484918793503374,0.7560396267179678
1728691200000,27.46,29.37,27.39,28.64,2063826.88,1728777599999,59088021.3294,261282,992798.50000000,28411831.89610000,0,2024-10-12 00:00:00+00:00,0.04243817413690537,0.04335154826958121,0.7618045033340747
1728777600000,28.63,29.36,28.3,29.06,1605213.5,1728863999999,46283905.1046,192854,822766.17000000,23731996.54660000,0,2024-10-13 00:00:00+00:00,0.01455831604969189,0.014664804469273651,0.7545694798727234
1728864000000,29.05,29.87,28.65,29.07,2007570.41,1728950399999,58934697.3877,276167,1023709.52000000,30063465.98780000,0,2024-10-14 00:00:00+00:00,0.0003440564286478494,0.0003441156228494169,0.7536453758285891
1728950400000,29.07,29.62,27.45,28.21,2806768.34,1729036799999,80098151.2386,367975,1371781.84000000,39162028.70130000,0,2024-10-15 00:00:00+00:00,-0.030030189556879593,-0.02958376332989332,0.7259280630595799
1729036800000,28.21,28.22,27.25,28.02,1952738.95,1729123199999,54092851.6123,178468,1005002.93000000,27844811.77200000,0,2024-10-16 00:00:00+00:00,-0.006757984105044023,-0.006735200283587428,0.7246024534998394
1729123200000,28.03,28.27,26.82,27.31,1321790.89,1729209599999,36337925.1313,129401,638059.24000000,17523073.30950000,0,2024-10-17 00:00:00+00:00,-0.02566560542324731,-0.025339043540328343,0.7326014377364535
1729209600000,27.31,28.17,27.1,28.1,894689.48,1729295999999,24778156.1531,92961,425730.94000000,11791722.13860000,0,2024-10-18 00:00:00+00:00,0.028516640854086433,0.028927132918344922,0.7281453100287821
1729296000000,28.1,28.46,27.71,28.1,588731.97,1729382399999,16538971.6094,69381,251224.87000000,7059622.50290000,0,2024-10-19 00:00:00+00:00,0.0,0.0,0.6790764260933007
1729382400000,28.1,29.0,27.76,28.96,883990.57,1729468799999,25017782.3893,92107,450574.17000000,12748755.51220000,0,2024-10-20 00:00:00+00:00,0.03014599117781546,0.030604982206405618,0.6748851938883347
1729468800000,28.97,29.32,27.38,27.75,1515208.07,1729555199999,42865094.7506,134977,722907.20000000,20426891.20060000,0,2024-10-21 00:00:00+00:00,-0.04267972732507212,-0.04178176795580113,0.6921207114067747
1729555200000,27.75,28.23,27.24,27.64,1311372.78,1729641599999,36359773.8113,116048,658360.31000000,18258481.24160000,0,2024-10-22 00:00:00+00:00,-0.003971841292974329,-0.0039639639639639235,0.6892122241840506
1729641600000,27.65,27.71,25.89,26.75,1697988.9,1729727999999,45278205.2017,128316,843048.61000000,22475783.67590000,0,2024-10-23 00:00:00+00:00,-0.03272952555745358,-0.03219971056439941,0.6986854304475439
1729728000000,26.75,27.24,26.38,26.83,1323965.2,1729814399999,35524442.5994,101092,733754.88000000,19681870.25160000,0,2024-10-24 00:00:00+00:00,0.002986191095517252,0.0029906542056075125,0.6845182967168804
1729814400000,26.84,26.89,24.01,24.93,2098635.37,1729900799999,53725297.0426,181917,1015054.66000000,26031396.35350000,0,2024-10-25 00:00:00+00:00,-0.07344876690206621,-0.07081625046589635,0.7155069272644549
1729900800000,24.94,25.68,24.56,25.41,1042871.56,1729987199999,26269037.0388,88867,504266.10000000,12701905.41190000,0,2024-10-26 00:00:00+00:00,0.019070899796606325,0.01925391095066198,0.6753381336589914
1729987200000,25.41,25.94,25.25,25.77,596461.7,1730073599999,15291541.581,66965,314095.75000000,8056455.58210000,0,2024-10-27 00:00:00+00:00,0.014068227332200962,0.01416765053128688,0.6573103871749306
1730073600000,25.77,26.54,25.05,26.25,1509538.85,1730159999999,39155059.55,157560,757683.90000000,19642405.16170000,0,2024-10-28 00:00:00+00:00,0.01845496437335912,0.0186263096623982,0.6513439973790865
1730160000000,26.26,27.16,26.17,26.88,1492949.8,1730246399999,39886683.7537,125685,739955.82000000,19774469.79920000,0,2024-10-29 00:00:00+00:00,0.023716526617316065,0.02400000000000002,0.6580090326373204
1730246400000,26.88,26.91,26.01,26.18,1634180.54,1730332799999,43220750.8053,124432,797251.65000000,21099233.55730000,0,2024-10-30 00:00:00+00:00,-0.026386755173194887,-0.02604166666666663,0.6443833960101893
1730332800000,26.17,26.23,24.68,25.03,1389613.61,1730419199999,35186075.7217,107299,674468.16000000,17059321.06960000,0,2024-10-31 00:00:00+00:00,-0.04492065503807101,-0.04392666157372038,0.6154373908158804
1730419200000,25.03,25.71,24.4,24.78,1566405.89,1730505599999,39162928.6368,126459,701721.47000000,17551060.93230000,0,2024-11-01 00:00:00+00:00,-0.010038229242686408,-0.009988014382740662,0.6128735143618319
1730505600000,24.79,25.02,23.96,24.12,747467.07,1730591999999,18214287.5524,78249,312624.44000000,7622187.42990000,0,2024-11-02 00:00:00+00:00,-0.026995504342011752,-0.026634382566586012,0.6129748191907516
1730592000000,24.13,24.2,22.6,23.54,1839984.69,1730678399999,42845339.8992,160607,799351.00000000,18623906.27300000,0,2024-11-03 00:00:00+00:00,-0.024340270026854093,-0.024046434494195745,0.5727173319011268
1730678400000,23.53,23.94,22.35,22.72,1698424.83,1730764799999,39369761.1175,174293,740649.57000000,17177667.56220000,0,2024-11-04 00:00:00+00:00,-0.03545550797918008,-0.034834324553950746,0.5795750437011433
1730764800000,22.72,24.51,22.59,23.99,1705771.01,1730851199999,40421717.8039,184772,779523.73000000,18491352.02100000,0,2024-11-05 00:00:00+00:00,0.05439148299865268,0.05589788732394374,0.5868586388501548
1730851200000,24.0,27.3,24.0,27.01,3669930.55,1730937599999,95661304.1502,305182,1832953.76000000,47784663.82050000,0,2024-11-06 00:00:00+00:00,0.11857009095292104,0.12588578574406006,0.72411005906138
1730937600000,27.01,28.0,26.51,27.38,2304556.93,1731023999999,62873205.2314,236895,1137533.70000000,31045238.20340000,0,2024-11-07 00:00:00+00:00,0.01360565205577846,0.013698630136986134,0.7247646549976672
1731024000000,27.39,28.79,27.1,28.78,2423694.41,1731110399999,67829426.4764,403055,1225193.98000000,34318782.07100000,0,2024-11-08 00:00:00+00:00,0.049867881598918924,0.05113221329437545,0.7387940522622957
1731110400000,28.78,30.48,28.49,30.36,2817405.7,1731196799999,82497709.1434,361047,1402652.32000000,41079177.67130000,0,2024-11-09 00:00:00+00:00,0.05344525106820734,0.054899235580263994,0.7589051091024046
1731196800000,30.37,33.29,29.69,31.89,6132136.02,1731283199999,194206289.3845,870208,3036205.90000000,96187902.37940000,0,2024-11-10 00:00:00+00:00,0.049166528494537114,0.05039525691699609,0.7502787291553745
1731283200000,31.89,35.79,30.7,35.71,7008431.33,1731369599999,232582798.0292,854776,3528109.29000000,117149363.69910000,0,2024-11-11 00:00:00+00:00,0.11313828058439084,0.1197867670116024,0.8308827348617216
1731369600000,35.72,37.67,32.66,33.96,9074667.64,1731455999999,316778934.5885,1313970,4313792.92000000,150709047.21400000,0,2024-11-12 00:00:00+00:00,-0.050247400163210505,-0.04900588070568468,0.854231399360119
1731456000000,33.96,35.05,31.2,33.12,8175967.91,1731542399999,271484932.7425,962432,4159785.50000000,138235797.83800000,0,2024-11-13 00:00:00+00:00,-0.02504603192608769,-0.024734982332155542,0.8606127839831613
1731542400000,33.11,34.72,30.68,31.21,4206583.37,1731628799999,136834420.7992,622735,2185244.30000000,71079111.39500000,0,2024-11-14 00:00:00+00:00,-0.05939877323437074,-0.05766908212560373,0.8812281733555614
1731628800000,31.21,33.3,30.59,33.13,2971420.25,1731715199999,95198522.4096,443912,1494202.99000000,47877331.24920000,0,2024-11-15 00:00:00+00:00,0.05970066002911644,0.061518743992310165,0.9018641804368306
1731715200000,33.13,35.74,32.79,35.14,4066373.3,1731801599999,141387216.153,568668,2013654.51000000,69978246.75770000,0,2024-11-16 00:00:00+00:00,0.05890086644714648,0.06067008753395697,0.9131518877953761
1731801600000,35.15,37.27,33.08,34.71,5673738.64,1731887999999,202935987.0229,719943,2766653.78000000,99028638.53600000,0,2024-11-17 00:00:00+00:00,-0.012312252885256192,-0.012236767216846856,0.9129381449074943
1731888000000,34.72,36.16,34.06,35.48,4439039.4,1731974399999,156459725.7756,571800,2174473.22000000,76651812.55240000,0,2024-11-18 00:00:00+00:00,0.021941327567683713,0.0221838087006625,0.9140153047434513
1731974400000,35.48,35.63,33.52,34.2,2987306.04,1732060799999,103415382.1749,390101,1475564.20000000,51076927.24910000,0,2024-11-19 00:00:00+00:00,-0.036743513372819156,-0.036076662908680834,0.9231412178391488
1732060800000,34.2,35.75,32.77,33.59,3615587.8,1732147199999,123686935.6677,465209,1778227.25000000,60845820.88700000,0,2024-11-20 00:00:00+00:00,-0.01799724044435811,-0.01783625730994154,0.9108457027107665
1732147200000,33.6,36.2,32.31,35.84,4208872.98,1732233599999,146592209.795,539825,2079926.68000000,72399603.29040000,0,2024-11-21 00:00:00+00:00,0.0648361844825284,0.06698422149449246,0.9323824262149795
1732233600000,35.84,43.52,35.18,43.17,8056726.78,1732319999999,313578549.6165,1020925,4268545.25000000,166323804.66770000,0,2024-11-22 00:00:00+00:00,0.18608122146065634,0.2045200892857142,1.1062915534132713
1732320000000,43.18,45.27,40.69,41.44,7788308.37,1732406399999,334734194.3538,1128343,3744187.49000000,160995765.77540000,0,2024-11-23 00:00:00+00:00,-0.04089921161615862,-0.04007412555015066,1.123226767503409
1732406400000,41.44,43.14,38.31,42.06,5915164.28,1732492799999,241000210.3046,891844,2896418.95000000,117988110.15900000,0,2024-11-24 00:00:00+00:00,0.01485057232332621,0.01496138996139007,1.0775133570324467
1732492800000,42.05,47.93,40.02,41.31,9557513.01,1732579199999,417727497.5234,1301940,4841086.45000000,211651773.09470000,0,2024-11-25 00:00:00+00:00,-0.017992568865880524,-0.01783166904422251,1.0845373978702428
1732579200000,41.31,43.35,38.5,42.72,6473991.3,1732665599999,267482961.0192,925694,3283923.71000000,135841228.13420000,0,2024-11-26 00:00:00+00:00,0.03356259324326614,0.03413217138707325,1.0861857991003934
1732665600000,42.73,44.47,41.95,43.78,4868664.66,1732751999999,210644449.2972,657803,2493477.45000000,107895876.78090000,0,2024-11-27 00:00:00+00:00,0.024509897442777623,0.024812734082397148,1.0865037938715536
1732752000000,43.78,44.24,41.51,42.77,2715014.37,1732838399999,115964045.7599,391227,1386426.52000000,59227811.25830000,0,2024-11-28 00:00:00+00:00,-0.023340169855899522,-0.023069894929191315,1.0952329775566
1732838400000,42.78,45.07,42.54,44.86,2791481.17,1732924799999,122489794.788,457010,1415278.95000000,62163296.40360000,0,2024-11-29 00:00:00+00:00,0.047709606853244865,0.048866027589431704,1.0900646651527544
1732924800000,44.86,46.26,43.65,44.81,2529834.27,1733011199999,114264133.7938,451738,1266740.07000000,57214888.34830000,0,2024-11-30 00:00:00+00:00,-0.0011152002940104915,-0.0011145786892553522,1.0687652503497285
1733011200000,44.81,45.78,43.65,45.09,2620155.57,1733097599999,116980846.1556,503371,1292911.20000000,57752907.41900000,0,2024-12-01 00:00:00+00:00,0.006229163634941236,0.006248605222048731,1.0646216663527037
1733097600000,45.09,52.49,45.0,52.27,13230224.23,1733183999999,637685454.4509,1663473,6903894.33000000,333035416.37080000,0,2024-12-02 00:00:00+00:00,0.1477621002918376,0.15923708139276993,1.1394986848493946
1733184000000,52.27,53.95,47.8,50.9,8509217.61,1733270399999,433373443.5631,1234667,4171254.97000000,212592594.69510000,0,2024-12-03 00:00:00+00:00,-0.026559669168353454,-0.026210063133728756,1.1407529304927833
1733270400000,50.9,55.79,50.83,52.76,6737952.02,1733356799999,361391902.1541,806244,3270806.90000000,175481600.14520000,0,2024-12-04 00:00:00+00:00,0.0358904042926367,0.03654223968565806,1.1195564486809602
1733356800000,52.76,53.62,48.76,50.3,5150018.91,1733443199999,266029870.3727,825078,2514759.37000000,129940265.51990000,0,2024-12-05 00:00:00+00:00,-0.04774825074342031,-0.046626231993934786,1.1457291922135842
1733443200000,50.29,53.55,49.62,52.47,3531401.48,1733529599999,183017115.2437,598554,1725947.03000000,89463639.31920000,0,2024-12-06 00:00:00+00:00,0.042236500592926836,0.0431411530815109,1.0968939762107563
1733529600000,52.48,53.08,51.2,51.6,1802079.69,1733615999999,93826491.073,331616,862329.71000000,44922437.85870000,0,2024-12-07 00:00:00+00:00,-0.016719905211103298,-0.01658090337335616,1.1049325642229424
1733616000000,51.6,54.39,50.35,53.98,2610374.95,1733702399999,136298773.0172,453528,1360318.99000000,71134177.19260000,0,2024-12-08 00:00:00+00:00,0.04509193510234137,0.04612403100775175,1.1034934501610096
1733702400000,53.99,54.2,40.4,45.02,8678006.11,1733788799999,410835147.279,1122982,4378278.39000000,206837186.10100000,0,2024-12-09 00:00:00+00:00,-0.18150677211127222,-0.16598740274175605,1.302776271189099
1733788800000,45.02,46.49,41.32,44.6,5913538.77,1733875199999,260398681.0232,855291,2867955.12000000,126473375.29760000,0,2024-12-10 00:00:00+00:00,-0.009372976452567811,-0.009329187027987573,1.298391652848065
1733875200000,44.6,48.48,42.78,48.47,3179918.54,1733961599999,146677911.4226,426477,1638986.55000000,75684434.52610000,0,2024-12-11 00:00:00+00:00,0.08321119083126625,0.08677130044843051,1.2727567754112814
1733961600000,48.46,55.41,48.21,53.14,6946012.23,1734047999999,361910981.1884,941176,3524987.86000000,183722836.53380000,0,2024-12-12 00:00:00+00:00,0.09198489047438291,0.09634825665360025,1.284397950913828
1734048000000,53.14,54.03,50.72,52.78,3059871.58,1734134399999,159498082.8642,458236,1571386.65000000,81968728.29520000,0,2024-12-13 00:00:00+00:00,-0.006797609256489477,-0.006774557771923262,1.2788153664617858
1734134400000,52.79,53.84,49.38,49.85,2178229.4,1734220799999,112587915.5692,377038,1023761.10000000,52900598.07100000,0,2024-12-14 00:00:00+00:00,-0.057113834667330686,-0.055513452065176216,1.2771540123230545
1734220800000,49.85,51.56,48.1,50.76,2534152.78,1734307199999,126223151.3498,319640,1256101.15000000,62627448.16390000,0,2024-12-15 00:00:00+00:00,0.018090146438339474,0.018254764292878534,1.2672826321661843
1734307200000,50.77,52.05,48.34,48.98,2847916.5,1734393599999,142060478.5804,485608,1395995.52000000,69703444.04270000,0,2024-12-16 00:00:00+00:00,-0.035696591322165225,-0.03506698187549251,1.2682626798250942
1734393600000,48.99,50.84,47.52,47.92,2405448.95,1734479999999,118587968.5269,437143,1095649.70000000,54063263.30970000,0,2024-12-17 00:00:00+00:00,-0.021879097716827646,-0.0216414863209472,1.2709187527037908
1734480000000,47.92,48.2,42.63,42.78,4851431.93,1734566399999,220212557.4353,563112,2282987.68000000,103631930.54050000,0,2024-12-18 00:00:00+00:00,-0.11346225015293436,-0.10726210350584309,1.3416986924292977
1734566400000,42.78,43.61,37.46,38.83,6144612.93,1734652799999,249266230.6841,694030,3002573.14000000,121987324.62170000,0,2024-12-19 00:00:00+00:00,-0.09687755991068368,-0.09233286582515199,1.3817421269545225
1734652800000,38.84,40.39,33.6,39.86,6360495.34,1734739199999,236335621.7853,624025,3111274.34000000,115605066.77260000,0,2024-12-20 00:00:00+00:00,0.02618017104107277,0.026525882049961425,1.3813891386759043
1734739200000,39.85,42.36,36.93,37.42,2760917.7,1734825599999,108690002.0766,353190,1342485.82000000,52961527.14260000,0,2024-12-21 00:00:00+00:00,-0.06316799393870506,-0.06121424987456092,1.3845779549233708
1734825600000,37.42,38.54,35.52,36.57,2091153.42,1734911999999,77612224.2374,267976,1006286.50000000,37350676.05270000,0,2024-12-22 00:00:00+00:00,-0.022977088684653722,-0.02271512560128275,1.2153681006371548
1734912000000,36.57,39.74,35.62,39.11,3166198.31,1734998399999,118045262.3049,372445,1626879.90000000,60686646.14410000,0,2024-12-23 00:00:00+00:00,0.0671499566061329,0.0694558381186765,1.2340839561418897
1734998400000,39.1,42.06,37.7,41.25,2566311.12,1735084799999,102505025.0055,275405,1306494.35000000,52194240.83000000,0,2024-12-24 00:00:00+00:00,0.05327292401326717,0.054717463564305735,1.247859548886674
1735084800000,41.25,41.9,39.83,40.25,1222671.71,1735171199999,49851890.42,161888,604034.68000000,24639893.47030000,0,2024-12-25 00:00:00+00:00,-0.02454110891611766,-0.024242424242424288,1.2492134690860985
1735171200000,40.26,40.74,36.97,37.33,1918690.88,1735257599999,73445870.6935,224763,900312.97000000,34432001.61680000,0,2024-12-26 00:00:00+00:00,-0.07531271093807994,-0.07254658385093171,1.2690144639774434
1735257600000,37.33,39.05,36.31,36.56,1872302.26,1735343999999,70181445.8119,244609,954110.70000000,35785551.42120000,0,2024-12-27 00:00:00+00:00,-0.020842546340543156,-0.020626841682293007,1.2658234531916033
1735344000000,36.57,38.14,36.28,37.74,1085666.84,1735430399999,40337601.0782,125427,531646.23000000,19761672.80560000,0,2024-12-28 00:00:00+00:00,0.031765793354454855,0.032275711159737375,1.2709099080635846
1735430400000,37.75,37.81,35.53,35.84,1157162.61,1735516799999,42295552.2293,120656,544927.56000000,19903186.00260000,0,2024-12-29 00:00:00+00:00,-0.051655951833674434,-0.05034446210916799,1.2671122409773343
1735516800000,35.85,37.19,34.87,35.97,2903986.22,1735603199999,105411654.37,208895,1457374.99000000,52914167.24870000,0,2024-12-30 00:00:00+00:00,0.003620669600802688,0.0036272321428569843,1.2675193904312352
1735603200000,35.98,37.29,34.94,35.71,1329180.53,1735689599999,47951380.4469,108609,627705.08000000,22659601.71600000,0,2024-12-31 00:00:00+00:00,-0.007254496101175383,-0.007228245760355745,1.2665768656036407
1735689600000,35.7,37.99,34.95,37.78,1248478.54,1735775999999,45581445.1364,101431,614436.12000000,22429853.96070000,0,2025-01-01 00:00:00+00:00,0.05634910046700648,0.05796695603472424,1.161026722587764
1735776000000,37.77,40.6,37.77,39.28,1937889.62,1735862399999,76293071.2295,198664,936022.30000000,36849221.19660000,0,2025-01-02 00:00:00+00:00,0.03893562141290154,0.03970354685018518,1.1722740049539822
1735862400000,39.28,42.19,38.89,41.94,2194111.86,1735948799999,90014945.1182,263766,1168817.62000000,47949853.12500000,0,2025-01-03 00:00:00+00:00,0.06552454198750869,0.06771894093686348,1.1908516317652174
1735948800000,41.93,42.85,40.89,42.63,1643635.51,1736035199999,68826668.9244,197063,764698.14000000,32059014.84230000,0,2025-01-04 00:00:00+00:00,0.016318205303345216,0.016452074391988702,1.1846517611597929
1736035200000,42.63,43.2,41.24,43.11,1297708.53,1736121599999,54687769.588,183441,596166.49000000,25124967.09690000,0,2025-01-05 00:00:00+00:00,0.01119675798192415,0.011259676284306686,1.1738022126764462
1736121600000,43.11,45.05,42.03,44.05,2332218.89,1736207999999,102430295.0404,284387,1188377.99000000,52210795.84170000,0,2025-01-06 00:00:00+00:00,0.02157036362314519,0.021804685687775383,1.1772200082431914
1736208000000,44.04,44.57,39.13,39.21,3020624.86,1736294399999,125638901.6721,270479,1397223.00000000,58051531.89600000,0,2025-01-07 00:00:00+00:00,-0.1163935360779482,-0.10987514188422243,1.224087672988438
1736294400000,39.2,39.93,36.19,37.43,2979010.3,1736380799999,113149764.621,326027,1446028.17000000,54976128.15910000,0,2025-01-08 00:00:00+00:00,-0.04645929438790274,-0.04539658250446321,1.0674652604712336
1736380800000,37.42,37.94,35.5,36.2,1999453.23,1736467199999,73080769.7353,260786,958866.14000000,35087250.70250000,0,2025-01-09 00:00:00+00:00,-0.033413403084612124,-0.032861341170184244,1.0716629153512969
1736467200000,36.21,37.93,35.95,36.67,2106803.56,1736553599999,77720625.2669,301439,1035431.59000000,38237083.68690000,0,2025-01-10 00:00:00+00:00,0.012899863251509222,0.012983425414364591,1.0242179543881536
1736553600000,36.67,37.78,36.02,37.13,864520.17,1736639999999,31797081.1118,148606,402101.17000000,14799181.67730000,0,2025-01-11 00:00:00+00:00,0.012466286105754124,0.012544314153258851,0.9608414345198274
1736640000000,37.14,37.63,36.11,36.56,806162.71,1736726399999,29734176.1547,138559,377787.33000000,13943079.56000000,0,2025-01-12 00:00:00+00:00,-0.015470521603039404,-0.015351467815782338,0.9607322922673588
1736726400000,36.57,37.36,32.79,35.29,3196828.06,1736812799999,110252574.6697,385223,1542248.76000000,53153874.03440000,0,2025-01-13 00:00:00+00:00,-0.03535510889877059,-0.03473741794310725,0.9508880375678289
1736812800000,35.3,36.72,35.01,36.57,1368764.92,1736899199999,49231450.6572,168168,686882.78000000,24720914.84300000,0,2025-01-14 00:00:00+00:00,0.03562859447411116,0.03627089827146501,0.9596875866661587
1736899200000,36.57,40.02,36.2,39.82,2645740.7,1736985599999,101398574.6973,382193,1328955.52000000,50995593.54620000,0,2025-01-15 00:00:00+00:00,0.0851410664747604,0.08887065901011759,1.011591994955096
1736985600000,39.83,40.53,38.34,40.06,2530086.47,1737071999999,99954575.8891,338346,1213506.93000000,47991646.95890000,0,2025-01-16 00:00:00+00:00,0.006009031601622088,0.006027122049221623,1.0110719376369814
1737072000000,40.07,41.82,40.07,41.38,1918562.98,1737158399999,78772706.5281,296435,1012966.07000000,41605726.30220000,0,2025-01-17 00:00:00+00:00,0.03241934207972484,0.03295057413879188,0.9415227895355499
1737158400000,41.37,41.68,38.3,39.25,2433155.45,1737244799999,96055274.1831,286747,1164563.09000000,45976437.81700000,0,2025-01-18 00:00:00+00:00,-0.052846228088979624,-0.05147414209763179,0.8966080700700286
1737244800000,39.25,40.57,34.86,35.68,5434412.75,1737331199999,204328955.076,559038,2562809.07000000,96484420.58910000,0,2025-01-19 00:00:00+00:00,-0.09536113651660884,-0.09095541401273888,0.9511229124203304
1737331200000,35.68,40.24,34.49,36.03,7072834.44,1737417599999,260134821.6861,726992,3445463.24000000,126834680.69660000,0,2025-01-20 00:00:00+00:00,0.009761617048193361,0.00980941704035887,0.927448387853182
1737417600000,36.04,37.59,34.52,36.95,2671980.96,1737503999999,96599835.1213,325245,1325579.32000000,47954918.94580000,0,2025-01-21 00:00:00+00:00,0.025213722634209065,0.02553427699139621,0.9284790986768976
1737504000000,36.96,37.77,36.5,36.8,1563354.77,1737590399999,57918690.4278,183080,758363.78000000,28109973.98480000,0,2025-01-22 00:00:00+00:00,-0.004067802219325698,-0.004059539918809363,0.8966709919076454
1737590400000,36.8,36.96,34.64,35.56,2662984.04,1737676799999,94707000.3001,294479,1295221.53000000,46046660.57660000,0,2025-01-23 00:00:00+00:00,-0.03427643452918127,-0.033695652173912904,0.8805670363575586
1737676800000,35.56,36.79,34.56,35.34,1730924.12,1737763199999,62133579.0296,190576,807794.49000000,28997054.23600000,0,2025-01-24 00:00:00+00:00,-0.006205943754153415,-0.00618672665916753,0.877750138452094
1737763200000,35.35,37.26,34.9,36.61,1441802.34,1737849599999,52088486.7723,152858,704911.72000000,25477446.55150000,0,2025-01-25 00:00:00+00:00,0.03530596024059435,0.03593661573288043,0.84952135801247
1737849600000,36.61,38.16,35.71,35.75,1529011.14,1737935999999,57086352.3127,169827,806738.21000000,30153241.36250000,0,2025-01-26 00:00:00+00:00,-0.023771157992128207,-0.023490849494673616,0.8504584332740213
1737936000000,35.74,36.06,32.87,34.2,3827537.04,1738022399999,130216503.9459,381484,1961363.65000000,66724790.78520000,0,2025-01-27 00:00:00+00:00,-0.044324625071457076,-0.04335664335664324,0.85524706456094
1738022400000,34.2,34.52,31.84,32.08,1705606.48,1738108799999,57137570.9517,188835,826553.60000000,27756259.63690000,0,2025-01-28 00:00:00+00:00,-0.06399286107024585,-0.06198830409356737,0.8650557548639989
1738108800000,32.08,33.84,31.89,32.8,2065519.3,1738195199999,68039294.0912,237242,1019854.90000000,33615947.23090000,0,2025-01-29 00:00:00+00:00,0.022195732391784347,0.02244389027431426,0.8694479461819695
1738195200000,32.8,34.7,32.44,34.29,1413844.81,1738281599999,48115679.5965,156632,724479.32000000,24664135.08640000,0,2025-01-30 00:00:00+00:00,0.044425251084730916,0.04542682926829267,0.8848715094950806
1738281600000,34.29,36.17,33.8,34.42,2009294.72,1738367999999,70087463.1508,211333,958309.73000000,33444624.18450000,0,2025-01-31 00:00:00+00:00,0.003784024308564554,0.0037911927675708945,0.8603864769257464
1738368000000,34.42,35.1,31.87,32.11,1623830.23,1738454399999,54567232.2356,165539,707980.11000000,23775307.16650000,0,2025-02-01 00:00:00+00:00,-0.06947028268197085,-0.06711214410226618,0.8766551628570521
1738454400000,32.11,32.59,25.91,27.63,5849752.61,1738540799999,169857544.972,509067,2877925.42000000,83624605.95120000,0,2025-02-02 00:00:00+00:00,-0.15026536916609748,-0.13952039862971044,0.97090115484484
1738540800000,27.63,28.78,21.2,28.39,16232211.47,1738627199999,412423278.6182,1133223,7963129.71000000,202207869.36160000,0,2025-02-03 00:00:00+00:00,0.027134831549554664,0.02750633369525879,0.9758603602489703
1738627200000,28.4,28.64,25.54,26.46,4687789.13,1738713599999,125115874.6498,462494,2246123.92000000,59906848.87550000,0,2025-02-04 00:00:00+00:00,-0.07040281179807019,-0.06798168369144064,0.9912024683341197
1738713600000,26.47,27.41,25.62,25.84,2339405.41,1738799999999,61967111.5563,251487,1145176.28000000,30362508.37750000,0,2025-02-05 00:00:00+00:00,-0.023710479772408564,-0.023431594860166327,0.9819857504872479
1738800000000,25.85,26.82,24.28,24.5,2104041.57,1738886399999,53648955.7017,237153,1034092.87000000,26371549.55620000,0,2025-02-06 00:00:00+00:00,-0.05325056136371985,-0.05185758513931893,0.9252365391935958
1738886400000,24.5,26.22,23.71,24.46,2801287.99,1738972799999,70197288.2572,291563,1355461.10000000,33980499.83270000,0,2025-02-07 00:00:00+00:00,-0.0016339872916550239,-0.0016326530612245094,0.9196595894710026
1738972800000,24.46,24.82,23.91,24.58,1241644.47,1739059199999,30238254.6543,138051,635165.62000000,15472521.98160000,0,2025-02-08 00:00:00+00:00,0.004893973878862318,0.004905968928863302,0.9192835848770275
1739059200000,24.59,25.52,23.66,24.87,1924433.81,1739145599999,47747381.8961,187791,969766.04000000,24090769.62570000,0,2025-02-09 00:00:00+00:00,0.011729153677424744,0.011798209926769943,0.9188789634717196
1739145600000,24.87,25.99,23.86,25.67,2019175.78,1739231999999,51027513.9993,228029,986620.30000000,24937843.60470000,0,2025-02-10 00:00:00+00:00,0.03166073706773584,0.03216726980297557,0.9279537743154477
1739232000000,25.66,27.02,24.88,25.39,2096874.29,1739318399999,54579420.5182,226430,969926.31000000,25254762.77730000,0,2025-02-11 00:00:00+00:00,-0.010967599166462057,-0.010907674328009431,0.9278932654088846
1739318400000,25.39,27.09,24.29,26.49,2870270.45,1739404799999,72789130.0413,302388,1409633.48000000,35761720.73630000,0,2025-02-12 00:00:00+00:00,0.042411907567391285,0.043324143363528966,0.9429458700664081
1739404800000,26.5,26.62,25.09,25.39,1590769.95,1739491199999,40864349.8023,186237,787103.64000000,20225428.70100000,0,2025-02-13 00:00:00+00:00,-0.042411907567391154,-0.04152510381275942,0.9351321565183438
1739491200000,25.4,27.23,25.3,26.39,1934433.81,1739577599999,50962705.426,205146,974801.30000000,25688377.78420000,0,2025-02-14 00:00:00+00:00,0.03862975479864569,0.039385584875935464,0.8870564816697087
1739577600000,26.38,26.97,25.38,25.48,880943.46,1739663999999,22959101.3097,115586,414675.72000000,10812671.94050000,0,2025-02-15 00:00:00+00:00,-0.03509131981127006,-0.03448275862068961,0.8871400642549477
1739664000000,25.49,25.59,24.74,24.85,1050638.52,1739750399999,26467002.9519,114085,526360.02000000,13267372.27160000,0,2025-02-16 00:00:00+00:00,-0.025036078161324773,-0.024725274725274637,0.8709071197145911
1739750400000,24.86,25.95,24.43,25.03,1756982.01,1739836799999,44270096.3329,205132,857263.60000000,21601725.61070000,0,2025-02-17 00:00:00+00:00,0.0072173529010450726,0.007243460764587484,0.8649690885003105
1739836800000,25.04,25.12,22.93,23.52,2182686.86,1739923199999,51671352.225,303459,987356.20000000,23415647.04320000,0,2025-02-18 00:00:00+00:00,-0.062223982413256766,-0.06032760687175398,0.8333638687362378
1739923200000,23.53,24.02,22.98,23.74,1684111.7,1740009599999,39830964.9959,184576,817297.13000000,19339816.16330000,0,2025-02-19 00:00:00+00:00,0.00931026615109568,0.009353741496598511,0.8332041055030885
1740009600000,23.73,25.35,23.72,25.15,2019666.25,1740095999999,49698632.5128,200576,962090.34000000,23669770.13110000,0,2025-02-20 00:00:00+00:00,0.0576965073642262,0.05939342881213139,0.8596823988539727
1740096000000,25.15,26.54,23.77,24.54,3693083.33,1740182399999,93158496.7842,382990,1797550.19000000,45388852.44490000,0,2025-02-21 00:00:00+00:00,-0.024553457262982834,-0.024254473161033796,0.8600259227051782
1740182400000,24.54,26.37,24.44,25.83,2159273.44,1740268799999,55008685.3541,208567,1039613.35000000,26464811.11020000,0,2025-02-22 00:00:00+00:00,0.051232167824983736,0.05256723716381417,0.8853797695595081
1740268800000,25.84,25.98,24.4,24.85,1371001.72,1740355199999,34383537.2343,148440,665239.85000000,16676573.76040000,0,2025-02-23 00:00:00+00:00,-0.03867885456511126,-0.03794037940379391,0.8905555912785154
1740355200000,24.85,25.18,21.47,21.88,2988167.3,1740441599999,69436665.5074,369982,1397376.50000000,32473653.61980000,0,2025-02-24 00:00:00+00:00,-0.12728477498885737,-0.11951710261569426,0.9603021339475692
1740441600000,21.88,22.34,20.3,21.94,5702796.73,1740527999999,121123997.5943,567068,2895042.62000000,61560015.22130000,0,2025-02-25 00:00:00+00:00,0.0027384772933037706,0.002742230347349217,0.9624539448333775
1740528000000,21.94,22.59,21.0,21.87,3583388.79,1740614399999,78322118.175,354172,1731562.49000000,37879008.14040000,0,2025-02-26 00:00:00+00:00,-0.003195620158407758,-0.0031905195989061497,0.9580490843619777
1740614400000,21.88,23.39,21.65,22.52,2709549.54,1740700799999,61273125.5863,274989,1347517.78000000,30470817.98460000,0,2025-02-27 00:00:00+00:00,0.029287968582813184,0.029721079103795178,0.9531303656630886
1740700800000,22.53,22.61,20.23,22.37,4866833.75,1740787199999,103422389.1454,390828,2446910.38000000,51977011.22640000,0,2025-02-28 00:00:00+00:00,-0.006683027769451371,-0.006660746003552376,0.9454603617001726
1740787200000,22.38,22.5,21.05,21.86,1582538.68,1740873599999,34477528.8809,145442,802018.81000000,17481945.28500000,0,2025-03-01 00:00:00+00:00,-0.0230622927536458,-0.02279839070183287,0.9231287770199608
1740873600000,21.87,24.99,21.56,24.95,5943544.61,1740959999999,139096246.2803,501795,2899560.25000000,67872144.40760000,0,2025-03-02 00:00:00+00:00,0.1322153394491351,0.14135407136322042,1.0552722307569717
1740960000000,24.95,25.12,20.58,20.95,5065494.28,1741046399999,115053851.0895,491084,2440662.22000000,55341756.35930000,0,2025-03-03 00:00:00+00:00,-0.174735175829381,-0.16032064128256518,1.1849366969146993
1741046400000,20.96,21.11,18.84,20.0,7079770.52,1741132799999,141421209.3369,629235,3499440.25000000,69930422.46070000,0,2025-03-04 00:00:00+00:00,-0.04640637281415568,-0.04534606205250591,1.0861288645125797
1741132800000,19.99,22.48,19.69,21.73,5087934.65,1741219199999,106170321.9242,384524,2554468.25000000,53323244.08800000,0,2025-03-05 00:00:00+00:00,0.0829615207143473,0.08650000000000002,1.1273266724927764
1741219200000,21.73,22.57,20.89,20.99,3392070.57,1741305599999,73529163.9997,327922,1656401.96000000,35904386.53310000,0,2025-03-06 00:00:00+00:00,-0.03464766043579678,-0.03405430280717914,1.1095380842651261
1741305600000,21.0,21.32,19.68,20.14,4832190.14,1741391999999,99216520.7926,430605,2347414.21000000,48214019.00170000,0,2025-03-07 00:00:00+00:00,-0.04133824654212527,-0.040495474035254775,1.1144285960868714
1741392000000,20.14,21.1,19.42,20.49,2408378.09,1741478399999,48799426.9391,221625,1219074.03000000,24714548.23840000,0,2025-03-08 00:00:00+00:00,0.01722907496039213,0.0173783515392254,1.1057357726866626
1741478400000,20.5,20.69,17.76,17.97,2853469.06,1741564799999,53567494.2243,261847,1317906.97000000,24757223.36420000,0,2025-03-09 00:00:00+00:00,-0.13123326145534073,-0.12298682284040996,1.1886532995822061
1741564800000,17.98,19.06,16.14,16.26,5594677.27,1741651199999,97887232.2178,468913,2720513.86000000,47618722.35160000,0,2025-03-10 00:00:00+00:00,-0.09999559667580296,-0.09515859766277113,1.2274745000233516
1741651200000,16.26,17.91,15.27,17.51,7468057.14,1741737599999,125898176.6961,474716,3686050.69000000,62115046.08190000,0,2025-03-11 00:00:00+00:00,0.07406404217809591,0.07687576875768753,1.26253185087994
1741737600000,17.51,18.98,16.95,18.91,3790676.49,1741823999999,68699303.4944,292452,1867237.75000000,33852117.09380000,0,2025-03-12 00:00:00+00:00,0.07691873637260555,0.079954311821816,1.2916277227087776
1741824000000,18.92,19.33,17.73,18.5,3010210.36,1741910399999,56114838.3378,254820,1491835.92000000,27829879.28820000,0,2025-03-13 00:00:00+00:00,-0.021920150586086994,-0.021681649920676893,1.2922757745100295
1741910400000,18.51,19.31,18.46,18.58,2623693.56,1741996799999,49382522.0337,184398,1326350.22000000,24972407.21130000,0,2025-03-14 00:00:00+00:00,0.0043150013014132795,0.00432432432432428,1.2793914023906385
1741996800000,18.58,19.47,18.37,19.4,2550418.34,1742083199999,47865003.7058,182174,1339375.71000000,25141886.15700000,0,2025-03-15 00:00:00+00:00,0.04318733268359001,0.04413347685683533,1.288440371889592
1742083200000,19.39,19.85,18.12,18.25,2170899.75,1742169599999,40969548.7115,200582,1015056.92000000,19178055.97610000,0,2025-03-16 00:00:00+00:00,-0.06110798604078183,-0.05927835051546382,1.2890320309962169
1742169600000,18.26,19.09,18.2,18.82,1988333.14,1742255999999,36971660.9853,164503,980174.68000000,18234865.18600000,0,2025-03-17 00:00:00+00:00,0.030755054128733177,0.031232876712328883,1.2948236595979028
1742256000000,18.83,19.28,18.32,18.97,2168023.22,1742342399999,40601532.7985,203824,1078874.53000000,20205950.14000000,0,2025-03-18 00:00:00+00:00,0.007938649789689077,0.00797024442082872,1.295144413603824
1742342400000,18.97,20.1,18.84,19.74,3243124.39,1742428799999,63209350.0208,292647,1668474.64000000,32529940.61280000,0,2025-03-19 00:00:00+00:00,0.039788250058412584,0.040590405904058935,1.3052212874562197
1742428800000,19.74,19.86,18.41,18.74,1835276.74,1742515199999,34882936.5782,153031,933356.44000000,17746606.82480000,0,2025-03-20 00:00:00+00:00,-0.05198675719505942,-0.050658561296859195,1.3003393047405734
1742515200000,18.75,19.49,18.36,19.18,1398814.97,1742601599999,26361091.9,119003,630503.40000000,11887644.19340000,0,2025-03-21 00:00:00+00:00,0.02320779264501604,0.023479188900747072,1.3035100873512313
1742601600000,19.19,19.74,19.08,19.43,1024746.34,1742687999999,19927143.8146,86504,424488.27000000,8257723.60800000,0,2025-03-22 00:00:00+00:00,0.012950193934056596,0.013034410844629862,1.2847190405116922
1742688000000,19.43,19.85,19.31,19.82,931913.86,1742774399999,18218893.4998,82278,466699.01000000,9126440.36610000,0,2025-03-23 00:00:00+00:00,0.019873265512493285,0.02007205352547614,1.2871196738878359
1742774400000,19.82,22.14,19.78,21.48,3286114.76,1742860799999,70137438.4496,271256,1700767.78000000,36269342.05480000,0,2025-03-24 00:00:00+00:00,0.080430740738822,0.08375378405650857,1.3076463219121168
1742860800000,21.49,23.46,21.29,22.9,2480199.49,1742947199999,55666156.96,236458,1273196.17000000,28573908.84890000,0,2025-03-25 00:00:00+00:00,0.06401464091952988,0.06610800744878942,1.3244440856242745
1742947200000,22.91,23.25,21.83,22.04,1937359.3,1743033599999,43449904.9655,167441,917406.12000000,20614115.81780000,0,2025-03-26 00:00:00+00:00,-0.03827792627548018,-0.03755458515283838,1.2535783326221654
1743033600000,22.05,22.38,21.63,22.02,1464098.29,1743119999999,32253008.4496,130407,705931.16000000,15557174.21800000,0,2025-03-27 00:00:00+00:00,-0.0009078529901797828,-0.0009074410163338875,1.2535514892652826
1743120000000,22.03,22.19,19.77,20.36,2326905.48,1743206399999,48054422.387,191564,1099451.77000000,22685639.86660000,0,2025-03-28 00:00:00+00:00,-0.07837893961221191,-0.07538601271571299,1.2831372757940795
1743206400000,20.37,20.54,19.46,19.6,1829316.22,1743292799999,36504610.3305,154664,858915.02000000,17152022.63700000,0,2025-03-29 00:00:00+00:00,-0.03804262544585032,-0.037328094302553905,1.2837119712286496
1743292800000,19.6,19.91,18.69,18.86,1847685.92,1743379199999,35696938.21,153442,887820.71000000,17153204.05660000,0,2025-03-30 00:00:00+00:00,-0.038486289031160234,-0.037755102040816446,1.289134065231487
1743379200000,18.87,19.12,18.18,18.77,2071811.15,1743465599999,38779225.2074,191836,1079992.51000000,20218882.23440000,0,2025-03-31 00:00:00+00:00,-0.004783426606894028,-0.004772004241781591,1.2876094081378497
1743465600000,18.78,19.95,18.72,19.82,2184703.13,1743551999999,42539275.3153,170214,1102470.52000000,21477955.68900000,0,2025-04-01 00:00:00+00:00,0.05443167830342442,0.05594033031433132,1.2094318570964775
1743552000000,19.83,19.9,17.76,17.99,4154300.33,1743638399999,79695314.8266,331745,2024389.78000000,38822988.87800000,0,2025-04-02 00:00:00+00:00,-0.09687548093940031,-0.09233097880928365,1.0995694366608457
1743638400000,17.98,18.99,17.58,18.15,2568740.81,1743724799999,46698936.2102,206603,1231634.08000000,22403039.76960000,0,2025-04-03 00:00:00+00:00,0.008854512748418019,0.008893829905503026,1.0902827421300956
1743724800000,18.16,18.77,17.61,18.19,2567824.38,1743811199999,46526960.4437,218548,1306085.90000000,23656289.41420000,0,2025-04-04 00:00:00+00:00,0.0022014318191712545,0.0022038567493114503,1.0453888363284332
1743811200000,18.18,18.37,17.69,17.87,892954.09,1743897599999,16053024.7534,69064,346723.74000000,6245199.58570000,0,2025-04-05 00:00:00+00:00,-0.017748663358694235,-0.017592083562396943,1.0411988550190212
1743897600000,17.88,17.92,15.62,16.04,2995334.12,1743983999999,50269103.4019,211162,1370719.75000000,22949877.29040000,0,2025-04-06 00:00:00+00:00,-0.10803772673296828,-0.10240626748740911,1.0948161973388666
1743984000000,16.05,17.23,14.66,16.68,7001164.45,1744070399999,112072613.5996,529203,3387471.67000000,54286415.35370000,0,2025-04-07 00:00:00+00:00,0.039124794492232225,0.03990024937655856,1.1036908693151066
1744070400000,16.69,17.74,15.94,16.15,3013852.32,1744156799999,50680687.3626,248240,1353174.35000000,22773635.13690000,0,2025-04-08 00:00:00+00:00,-0.03229034726193518,-0.03177458033573144,1.0136406839404803
1744156800000,16.16,18.91,15.59,18.44,5039404.19,1744243199999,87358685.7385,408307,2444745.86000000,42426016.28330000,0,2025-04-09 00:00:00+00:00,0.13260216845978234,0.14179566563467505,1.0588044547696764
1744243200000,18.44,18.45,17.55,18.31,2260469.93,1744329599999,40856524.9191,188169,1092758.94000000,19764466.18280000,0,2025-04-10 00:00:00+00:00,-0.007074859442028523,-0.007049891540130249,1.0288144030947193
1744329600000,18.31,19.57,18.31,19.12,2645844.68,1744415999999,50243726.5795,192222,1517699.54000000,28847438.28610000,0,2025-04-11 00:00:00+00:00,0.043287548936836104,0.04423812124522142,1.0041729163194641
1744416000000,19.13,21.03,18.84,20.49,2565460.53,1744502399999,51164785.4125,176306,1285097.65000000,25633741.88410000,0,2025-04-12 00:00:00+00:00,0.06920205462755306,0.07165271966527187,1.0287186645412154
1744502400000,20.5,20.68,19.27,19.59,2081180.7,1744588799999,41435383.9504,165364,973248.90000000,19373357.30170000,0,2025-04-13 00:00:00+00:00,-0.04491773029435894,-0.04392386530014636,1.0424132145392702
1744588800000,19.6,20.68,19.55,20.11,2493602.65,1744675199999,50354679.0092,222343,1261013.85000000,25457993.27880000,0,2025-04-14 00:00:00+00:00,0.026197971828111278,0.02654415518121489,1.0355781155260042
1744675200000,20.12,20.28,18.96,19.01,1992562.14,1744761599999,39340073.8086,180495,934500.08000000,18477771.67670000,0,2025-04-15 00:00:00+00:00,-0.05625204728422283,-0.054699154649428094,1.0320333775677415
1744761600000,19.01,19.3,18.5,18.76,1866616.8,1744847999999,35218492.2373,186846,917634.77000000,17325193.02300000,0,2025-04-16 00:00:00+00:00,-0.013238212922259195,-0.013150973172014746,1.0276613154222025
1744848000000,18.75,19.56,18.69,19.05,1310110.82,1744934399999,25172332.3713,132090,651139.47000000,12515807.67490000,0,2025-04-17 00:00:00+00:00,0.01534015799463122,0.015458422174839948,1.028714347570632
1744934400000,19.06,19.34,18.85,19.07,717388.72,1745020799999,13686565.8289,75533,339893.27000000,6485677.16410000,0,2025-04-18 00:00:00+00:00,0.0010493180396177549,0.0010498687664042272,1.0187487264913928
1745020800000,19.07,20.36,19.03,19.89,1150790.73,1745107199999,22727767.9792,117853,556451.82000000,10974133.81640000,0,2025-04-19 00:00:00+00:00,0.042100673253553246,0.04299947561615114,1.0124988681867546
1745107200000,19.89,20.04,19.23,19.51,968529.05,1745193599999,18959174.4691,87915,492119.22000000,9638827.85800000,0,2025-04-20 00:00:00+00:00,-0.01928993823086092,-0.019105077928607272,1.0121385178985198
1745193600000,19.51,20.95,19.51,19.92,2363765.38,1745279999999,47952952.1332,206436,1205906.07000000,24456211.04750000,0,2025-04-21 00:00:00+00:00,0.020797097521432384,0.021014864172219427,1.013715542900979
1745280000000,19.92,22.3,19.44,22.11,3142750.25,1745366399999,66139435.1782,302341,1608556.06000000,33825688.93820000,0,2025-04-22 00:00:00+00:00,0.10430574271290258,0.10993975903614439,1.074628776675628
1745366400000,22.11,23.08,21.88,22.33,3055259.88,1745452799999,68661297.3,330659,1489301.50000000,33492044.06820000,0,2025-04-23 00:00:00+00:00,0.009901070982711537,0.00995024875621886,1.0387603424905334
1745452800000,22.34,22.64,21.61,22.37,1922790.32,1745539199999,42587258.3043,218568,929952.97000000,20602216.44820000,0,2025-04-24 00:00:00+00:00,0.0017897096499719309,0.001791312136139922,1.0138483658959223
1745539200000,22.38,22.87,21.77,22.17,2307424.43,1745625599999,51711129.2556,236089,1188299.23000000,26651335.07860000,0,2025-04-25 00:00:00+00:00,-0.00898075187381809,-0.008940545373267716,1.0053247534121041
1745625600000,22.17,22.99,21.72,22.42,1837182.04,1745711999999,40923431.6444,191332,868227.88000000,19348505.44230000,0,2025-04-26 00:00:00+00:00,0.011213394015793843,0.011276499774470095,1.0060460344635975
1745712000000,22.41,22.8,21.65,21.71,1405919.05,1745798399999,31126231.0543,179269,641178.04000000,14204246.47040000,0,2025-04-27 00:00:00+00:00,-0.03218043375381347,-0.03166815343443363,0.9727533409225354
1745798400000,21.72,22.43,21.02,21.84,2387195.87,1745884799999,52073415.8734,244850,1164929.58000000,25416904.87440000,0,2025-04-28 00:00:00+00:00,0.005970166986503754,0.0059880239520957446,0.9619244964876277
1745884800000,21.84,22.3,21.27,21.57,1849977.57,1745971199999,40576282.7602,196135,913572.53000000,20064510.76260000,0,2025-04-29 00:00:00+00:00,-0.012439690475639236,-0.012362637362637319,0.9518162247855102
1745971200000,21.56,21.94,20.36,20.92,2032986.84,1746057599999,42991436.4224,196036,968779.26000000,20473257.02770000,0,2025-04-30 00:00:00+00:00,-0.030597821204342738,-0.03013444598980053,0.9592070838686451
1746057600000,20.91,21.87,20.81,21.64,2133588.19,1746143999999,45632481.5394,170167,1118240.79000000,23923015.13680000,0,2025-05-01 00:00:00+00:00,0.03383781478155854,0.03441682600382401,0.9481006811438553
1746144000000,21.64,22.19,20.97,21.25,1781738.14,1746230399999,38255276.4756,173594,890657.22000000,19125028.29300000,0,2025-05-02 00:00:00+00:00,-0.018186558607854997,-0.01802218114602594,0.8812149084631922
1746230400000,21.26,21.28,20.49,20.52,1026816.5,1746316799999,21408406.8564,85636,481097.73000000,10037370.77610000,0,2025-05-03 00:00:00+00:00,-0.03495687506785705,-0.034352941176470586,0.8923284326509039
1746316800000,20.53,20.63,19.76,19.91,1135995.1,1746403199999,22868619.5267,112606,529412.78000000,10657636.74060000,0,2025-05-04 00:00:00+00:00,-0.030177902226463816,-0.029727095516569157,0.9003032444471112
1746403200000,19.91,20.24,19.3,19.69,1425147.33,1746489599999,28146509.3088,121494,678525.85000000,13404449.41110000,0,2025-05-05 00:00:00+00:00,-0.011111225425070722,-0.011049723756906049,0.8986730762458363
1746489600000,19.69,20.13,19.27,20.01,1370974.68,1746575999999,27023837.2436,137363,635380.50000000,12536484.78640000,0,2025-05-06 00:00:00+00:00,0.016121255944607792,0.016251904520060867,0.8046146795071967
1746576000000,20.01,20.25,19.09,19.55,1742392.2,1746662399999,34142291.6819,152566,857226.62000000,16781020.53770000,0,2025-05-07 00:00:00+00:00,-0.02325686216426735,-0.02298850574712652,0.8030498090875343
1746662400000,19.55,22.17,19.49,22.16,3458163.09,1746748799999,72841350.7856,279818,1836049.22000000,38673327.65740000,0,2025-05-08 00:00:00+00:00,0.12531357544770821,0.13350383631713547,0.8933066534640349
1746748800000,22.16,24.01,21.96,23.27,4452531.81,1746835199999,102519688.405,399378,2132342.07000000,49058984.91290000,0,2025-05-09 00:00:00+00:00,0.04887611543511735,0.05009025270758127,0.7912275151628206
1746835200000,23.27,25.97,23.01,25.82,4159813.91,1746921599999,101624346.2023,391744,2027187.96000000,49521098.22310000,0,2025-05-10 00:00:00+00:00,0.10398440810429618,0.10958315427589183,0.8571163761894169
1746921600000,25.81,26.02,24.16,24.78,2729887.08,1747007999999,68150117.3342,311422,1294597.22000000,32333402.80050000,0,2025-05-11 00:00:00+00:00,-0.04111250921750004,-0.04027885360185901,0.8681531486769003
1747008000000,24.79,26.84,23.73,24.83,5218008.53,1747094399999,131614493.6047,509067,2528914.58000000,63863607.80700000,0,2025-05-12 00:00:00+00:00,0.0020157233190787626,0.0020177562550443007,0.8403516590064081
1747094400000,24.83,26.25,23.45,25.72,2925803.5,1747180799999,72716442.2431,306181,1451626.74000000,36090944.29500000,0,2025-05-13 00:00:00+00:00,0.035216299849343394,0.03584373741441804,0.82510272233892
1747180800000,25.72,26.54,24.74,24.96,2672732.93,1747267199999,68678206.3357,319358,1296082.96000000,33340911.11560000,0,2025-05-14 00:00:00+00:00,-0.029994355868191602,-0.02954898911353021,0.8336613807997075
1747267200000,24.95,25.13,22.94,23.5,3638550.04,1747353599999,86761937.605,358053,1803654.57000000,43032004.63610000,0,2025-05-15 00:00:00+00:00,-0.06027412235111365,-0.05849358974358976,0.8376231470966449
1747353600000,23.51,24.05,22.67,23.06,2227565.34,1747439999999,52512748.3983,242918,1046983.75000000,24713756.89180000,0,2025-05-16 00:00:00+00:00,-0.018900906309200313,-0.018723404255319154,0.8395815466598986
1747440000000,23.06,23.14,21.97,22.17,1687574.64,1747526399999,38022312.1884,191589,754645.02000000,17000457.39220000,0,2025-05-17 00:00:00+00:00,-0.039359491212692756,-0.038594969644405785,0.8541956625631056
1747526400000,22.18,23.86,21.56,23.06,2886141.5,1747612799999,65624125.9404,263970,1457216.47000000,33159893.48870000,0,2025-05-18 00:00:00+00:00,0.03935949121269268,0.04014433919711302,0.8623475050754525
1747612800000,23.06,23.2,21.26,22.25,2300923.36,1747699199999,50650958.3385,228547,1091978.19000000,24060821.19580000,0,2025-05-19 00:00:00+00:00,-0.035757506228663666,-0.035125758889852476,0.8644625791461259
1747699200000,22.25,22.82,21.75,22.6,2363016.87,1747785599999,52681440.0096,224065,1146214.74000000,25560383.06640000,0,2025-05-20 00:00:00+00:00,0.015607897665990968,0.01573033707865168,0.8613269356239932
1747785600000,22.61,23.81,22.15,23.17,3700764.84,1747871999999,84517794.0543,357335,1812264.21000000,41410192.26180000,0,2025-05-21 00:00:00+00:00,0.024908432166044606,0.02522123893805306,0.8624006559938695
1747872000000,23.18,25.43,23.13,25.26,4544921.58,1747958399999,112080848.1633,392026,2259593.80000000,55688874.89780000,0,2025-05-22 00:00:00+00:00,0.08636377847806018,0.09020284851100557,0.8383423450429299
1747958400000,25.26,25.98,22.92,23.07,4705888.32,1748044799999,116259960.8171,471129,2082476.26000000,51472113.02360000,0,2025-05-23 00:00:00+00:00,-0.09068904473668282,-0.08669833729216159,0.9011637577504917
1748044800000,23.08,23.48,22.75,22.96,1900215.75,1748131199999,43939870.4176,204181,896234.73000000,20732120.15960000,0,2025-05-24 00:00:00+00:00,-0.004779500734296622,-0.004768097095795398,0.9013905473488498
1748131200000,22.96,23.47,22.03,23.45,1560632.88,1748217599999,35290419.9525,179472,751470.23000000,17005338.57140000,0,2025-05-25 00:00:00+00:00,0.021116923440922614,0.021341463414634054,0.9033630492535022
1748217600000,23.45,24.0,22.87,23.07,1683985.16,1748303999999,39483368.5259,192272,784205.78000000,18390913.31350000,0,2025-05-26 00:00:00+00:00,-0.01633742270662608,-0.016204690831556512,0.9048871450483656
1748304000000,23.06,23.88,22.51,23.38,2332149.83,1748390399999,54648932.4714,225622,1145366.83000000,26861837.66270000,0,2025-05-27 00:00:00+00:00,0.013347883858260086,0.013437364542696173,0.8978127416099576
1748390400000,23.38,23.77,22.77,23.6,1846290.62,1748476799999,42979769.1325,187605,853014.93000000,19871797.04920000,0,2025-05-28 00:00:00+00:00,0.00936575598764209,0.009409751924722043,0.8980574344790145
1748476800000,23.61,24.35,22.17,22.25,3088525.48,1748563199999,71969453.6183,278205,1458031.28000000,33977056.00460000,0,2025-05-29 00:00:00+00:00,-0.05890470341931524,-0.057203389830508544,0.9221423827060204
1748563200000,22.25,22.35,20.4,20.56,3279913.72,1748649599999,70186709.5842,333701,1602464.77000000,34326615.06960000,0,2025-05-30 00:00:00+00:00,-0.07899456802528497,-0.07595505617977538,0.9577998319224174
1748649600000,20.55,21.12,19.77,20.8,1892744.39,1748735999999,38663263.2305,203361,954830.67000000,19508190.39460000,0,2025-05-31 00:00:00+00:00,0.01160554612030811,0.011673151750972943,0.9508592854667145
1748736000000,20.81,20.97,20.17,20.88,1153604.59,1748822399999,23818452.0286,115680,542189.77000000,11197826.08870000,0,2025-06-01 00:00:00+00:00,0.003838776307165667,0.0038461538461538325,0.9490437826321799
1748822400000,20.88,21.32,20.22,21.15,1502072.99,1748908799999,31027122.4076,157839,731824.02000000,15126106.74210000,0,2025-06-02 00:00:00+00:00,0.012848142477849059,0.012931034482758674,0.9418744224847483
1748908800000,21.16,21.7,20.89,21.14,1566776.54,1748995199999,33430603.6816,149396,719317.13000000,15352185.69530000,0,2025-06-03 00:00:00+00:00,-0.0004729250501952905,-0.00047281323877057524,0.935170567310711
1748995200000,21.14,21.64,20.06,20.09,1830422.72,1749081599999,38314308.974,137149,866737.59000000,18145852.07670000,0,2025-06-04 00:00:00+00:00,-0.050944801615248565,-0.04966887417218546,0.9523622660669049
1749081600000,20.08,20.54,18.43,18.75,3250405.7,1749167999999,63224269.4929,267943,1550480.31000000,30164775.39180000,0,2025-06-05 00:00:00+00:00,-0.06902842641042327,-0.06669985067197615,0.9808619405871322
1749168000000,18.75,19.95,18.63,19.64,1859494.01,1749254399999,36188053.4991,142988,945146.14000000,18398925.70460000,0,2025-06-06 00:00:00+00:00,0.0463745505099001,0.04746666666666677,0.9920263016321397
1749254400000,19.64,21.13,19.56,20.65,1466628.82,1749340799999,30282870.0483,118155,717156.82000000,14802377.48610000,0,2025-06-07 00:00:00+00:00,0.05014701648072184,0.051425661914460186,0.9033487071415289
1749340800000,20.66,21.49,20.14,21.04,1901641.64,1749427199999,39498650.9825,131345,946163.92000000,19638730.11560000,0,2025-06-08 00:00:00+00:00,0.01871006846246737,0.018886198547215516,0.8878118666880102
1749427200000,21.04,22.04,20.22,21.95,2477870.38,1749513599999,52259304.3858,186213,1215747.00000000,25655833.85790000,0,2025-06-09 00:00:00+00:00,0.04234175165167127,0.04325095057034223,0.8172382885988285
1749513600000,21.94,22.59,21.51,22.57,3111970.84,1749599999999,68629418.8938,271598,1598265.03000000,35256058.87570000,0,2025-06-10 00:00:00+00:00,0.02785445130826407,0.028246013667426073,0.814721638268676
1749600000000,22.57,22.77,21.32,21.57,2612028.0,1749686399999,57771094.1021,231003,1185060.42000000,26233442.76620000,0,2025-06-11 00:00:00+00:00,-0.04531813042837931,-0.04430660168365086,0.8275981949024777
1749686400000,21.56,21.62,20.15,20.28,2415966.59,1749772799999,50459040.4408,201025,1101446.06000000,23034716.36200000,0,2025-06-12 00:00:00+00:00,-0.06166828167808254,-0.0598052851182197,0.8377317272252276
1749772800000,20.28,20.3,18.46,19.41,5203353.31,1749859199999,99727333.404,347239,2534545.99000000,48492835.12600000,0,2025-06-13 00:00:00+00:00,-0.04384678154206358,-0.04289940828402372,0.8436978241383589
1749859200000,19.42,19.43,18.71,18.93,1096166.12,1749945599999,20932176.8945,94944,503955.41000000,9626201.26060000,0,2025-06-14 00:00:00+00:00,-0.02504043195968744,-0.02472952086553326,0.8251706742362442
1749945600000,18.94,19.28,18.73,19.1,1025408.3,1750031999999,19509764.3731,91189,510213.09000000,9711411.53740000,0,2025-06-15 00:00:00+00:00,0.008940369831352822,0.008980454305335561,0.8259194861321507
1750032000000,19.11,20.0,18.9,19.06,2053892.52,1750118399999,40223871.2045,169539,1010079.95000000,19798321.28030000,0,2025-06-16 00:00:00+00:00,-0.002096436826528293,-0.0020942408376964927,0.8173179281610822
1750118400000,19.06,19.49,18.13,18.58,2290731.0,1750204799999,43022270.9223,194810,1108321.03000000,20817990.39250000,0,2025-06-17 00:00:00+00:00,-0.025506164840363648,-0.025183630640083998,0.8041807712019371
1750204800000,18.59,18.9,18.07,18.16,1961262.65,1750291199999,36105227.5714,166141,1003311.92000000,18478756.17900000,0,2025-06-18 00:00:00+00:00,-0.022864360212545124,-0.022604951560817987,0.7996630424389437
1750291200000,18.17,18.39,17.64,18.06,2008390.39,1750377599999,36067416.0777,121864,978467.35000000,17581499.18560000,0,2025-06-19 00:00:00+00:00,-0.005521825184307973,-0.005506607929515517,0.7956067592630777
1750377600000,18.06,18.41,16.94,17.37,2195101.91,1750463999999,38767451.28,151181,1006193.95000000,17779772.29970000,0,2025-06-20 00:00:00+00:00,-0.03895496773582565,-0.038205980066445044,0.7940735383376176
1750464000000,17.38,17.64,16.32,16.82,2333601.25,1750550399999,39632785.8237,153776,1127161.70000000,19145303.09890000,0,2025-06-21 00:00:00+00:00,-0.032175925708211595,-0.031663788140472104,0.7177423678297341
1750550400000,16.82,17.11,15.61,16.53,3130501.11,1750636799999,51197558.8548,253329,1525375.19000000,24964960.10770000,0,2025-06-22 00:00:00+00:00,-0.017391742711869107,-0.01724137931034475,0.6619682438643795
1750636800000,16.53,18.19,16.26,18.06,3812779.65,1750723199999,65369436.3486,255852,1901532.15000000,32648456.11240000,0,2025-06-23 00:00:00+00:00,0.08852263615590648,0.09255898366606163,0.7476555107695344
1750723200000,18.06,18.49,17.88,18.23,2249538.26,1750809599999,40819439.1602,171652,1176463.92000000,21356307.98670000,0,2025-06-24 00:00:00+00:00,0.009369040701732388,0.009413067552602516,0.7430052853538012
1750809600000,18.24,18.37,17.42,17.57,1737924.36,1750895999999,31076200.959,136927,899669.36000000,16105873.79370000,0,2025-06-25 00:00:00+00:00,-0.03687568649156588,-0.03620405924300607,0.7491969325069352
1750896000000,17.57,18.02,17.09,17.23,1486292.73,1750982399999,25923578.8127,128886,701889.19000000,12260514.01960000,0,2025-06-26 00:00:00+00:00,-0.019540851659167618,-0.019351166761525374,0.7455804482519639
1750982400000,17.24,17.79,17.02,17.58,1267515.56,1751068799999,22106995.5366,108169,635379.33000000,11088138.07180000,0,2025-06-27 00:00:00+00:00,0.020109841717192455,0.02031340684851979,0.7500529082716109
1751068800000,17.58,18.08,17.48,17.97,818567.26,1751155199999,14551091.6647,58142,448087.71000000,7968875.80420000,0,2025-06-28 00:00:00+00:00,0.02194180853843673,0.022184300341296925,0.736343970292283
1751155200000,17.98,18.9,17.8,18.73,1322755.99,1751241599999,24223211.435,99799,680639.92000000,12477207.43520000,0,2025-06-29 00:00:00+00:00,0.0414228156605296,0.04229271007234292,0.7076448790987411
1751241600000,18.73,18.88,17.71,17.96,1826960.62,1751327999999,33127241.3994,127103,840367.18000000,15237819.90580000,0,2025-06-30 00:00:00+00:00,-0.04197945358194363,-0.041110517885744824,0.7182272259547615
1751328000000,17.97,18.06,16.94,17.1,1494015.26,1751414399999,26047107.175,88744,676177.13000000,11790843.55390000,0,2025-07-01 00:00:00+00:00,-0.04906859936543931,-0.04788418708240527,0.7336739211443826
1751414400000,17.11,18.83,16.97,18.51,2701044.64,1751500799999,49193260.2731,165420,1333039.61000000,24286094.43600000,0,2025-07-02 00:00:00+00:00,0.07923266307679201,0.08245614035087723,0.790246279247426
1751500800000,18.51,19.17,18.34,18.54,2023149.88,1751587199999,37940372.2192,134021,998905.90000000,18743706.52150000,0,2025-07-03 00:00:00+00:00,0.0016194335523027543,0.0016207455429495532,0.7904123088010148
1751587200000,18.55,18.88,17.5,17.8,1884464.87,1751673599999,34416034.0214,135555,1017180.70000000,18643017.72580000,0,2025-07-04 00:00:00+00:00,-0.04073210283966952,-0.03991370010787476,0.7836123983559018
1751673600000,17.8,17.99,17.62,17.92,638719.79,1751759999999,11378956.8995,48876,325603.40000000,5802776.53220000,0,2025-07-05 00:00:00+00:00,0.006718950248745009,0.006741573033707926,0.7482841259014297
1751760000000,17.92,18.62,17.74,18.29,1092614.2,1751846399999,19852310.1509,72075,573388.03000000,10420385.36520000,0,2025-07-06 00:00:00+00:00,0.020437054855989668,0.020647321428571175,0.7327008569764792
1751846400000,18.3,18.59,17.8,17.99,1162903.04,1751932799999,21090066.2562,89943,531071.63000000,9633057.13110000,0,2025-07-07 00:00:00+00:00,-0.016538414440332643,-0.016402405686167354,0.7090781927547475
1751932800000,18.0,18.48,17.69,18.36,1311269.48,1752019199999,23725709.9757,91947,619415.28000000,11207352.84070000,0,2025-07-08 00:00:00+00:00,0.020358337229902816,0.02056698165647597,0.7097830331920616
1752019200000,18.37,19.63,18.09,19.5,2690754.32,1752105599999,50742758.8765,154412,1344011.04000000,25337965.85280000,0,2025-07-09 00:00:00+00:00,0.06024008037735672,0.06209150326797386,0.7271950304117369
1752105600000,19.5,20.79,19.34,20.7,3077304.92,1752191999999,61077271.2647,167142,1606156.01000000,31881266.48720000,0,2025-07-10 00:00:00+00:00,0.05971923470162228,0.06153846153846154,0.7527768951035292
1752192000000,20.7,21.53,20.32,20.68,3331979.17,1752278399999,69861988.4064,269620,1708242.52000000,35814912.45020000,0,2025-07-11 00:00:00+00:00,-0.00096665063109499,-0.0009661835748792091,0.7370410088469141
1752278400000,20.67,21.08,20.18,20.69,2113337.99,1752364799999,43711197.2116,159771,1044087.23000000,21601483.87850000,0,2025-07-12 00:00:00+00:00,0.00048344211722337494,0.00048355899419738613,0.7042330199057546
1752364800000,20.68,21.8,20.66,21.2,2637539.97,1752451199999,56090250.1389,215268,1359886.74000000,28930439.09260000,0,2025-07-13 00:00:00+00:00,0.02435068992051501,0.024649589173513675,0.6900095274142711
1752451200000,21.21,22.08,21.02,21.26,2537960.71,1752537599999,54912747.923,223547,1265625.27000000,27390823.92540000,0,2025-07-14 00:00:00+00:00,0.0028261912358352663,0.002830188679245449,0.682593158232774
1752537600000,21.27,22.58,20.39,22.51,4237676.39,1752623999999,90392468.0933,307705,2364856.48000000,50537066.74480000,0,2025-07-15 00:00:00+00:00,0.057132282004838955,0.05879586077140164,0.7073483963131622
1752624000000,22.52,23.02,21.61,22.66,3024064.87,1752710399999,67472490.8146,242947,1335620.87000000,29846553.41310000,0,2025-07-16 00:00:00+00:00,0.0066416006812194065,0.00666370501999114,0.7068275378835122
1752710400000,22.65,24.34,22.02,23.91,4163407.41,1752796799999,95506180.6424,346722,2055259.90000000,47280159.23810000,0,2025-07-17 00:00:00+00:00,0.053695525870373066,0.05516328331862308,0.7166424154241149
1752796800000,23.91,25.03,23.06,23.51,4182701.83,1752883199999,100857656.5153,352325,2046593.62000000,49361920.35540000,0,2025-07-18 00:00:00+00:00,-0.01687091891825517,-0.01672940192388117,0.7136494226192697
1752883200000,23.51,25.23,23.01,24.5,2828014.21,1752969599999,68471815.7685,220123,1461354.98000000,35397297.75850000,0,2025-07-19 00:00:00+00:00,0.04124725499870308,0.042109740535942075,0.7206071753539476
1752969600000,24.51,25.55,24.31,25.04,3050674.47,1753055999999,76318637.9644,255695,1502424.74000000,37584843.69150000,0,2025-07-20 00:00:00+00:00,0.02180142868121652,0.022040816326530654,0.6993292858706072
1753056000000,25.05,26.53,24.64,25.43,3722779.88,1753142399999,95637853.5464,332336,1756454.47000000,45136316.61730000,0,2025-07-21 00:00:00+00:00,0.01545503320213054,0.015575079872204523,0.680785382087646
1753142400000,25.43,26.09,24.71,25.88,5403307.88,1753228799999,137071109.3833,482299,2668413.23000000,67693888.48690000,0,2025-07-22 00:00:00+00:00,0.0175408901986715,0.017695635076681038,0.6714955025668261
1753228800000,25.88,26.1,23.15,23.95,4138078.83,1753315199999,101151689.0473,365967,2036877.01000000,49789641.47610000,0,2025-07-23 00:00:00+00:00,-0.07750214577577558,-0.07457496136012365,0.6919278804297467
1753315200000,23.96,24.44,22.53,23.67,2954572.88,1753401599999,69983103.3711,301560,1417138.06000000,33578407.34010000,0,2025-07-24 00:00:00+00:00,-0.01175990033103158,-0.011691022964509301,0.695857035727656
1753401600000,23.67,24.04,22.86,24.01,2429187.43,1753487999999,56915041.3195,271764,1136521.94000000,26642581.31750000,0,2025-07-25 00:00:00+00:00,0.01426198670726931,0.014364174059991575,0.6762838897324362
1753488000000,24.01,25.77,23.84,24.94,2322954.64,1753574399999,57584998.1966,191365,1160775.61000000,28731926.07300000,0,2025-07-26 00:00:00+00:00,0.03800253001872852,0.03873386089129527,0.6739909238874537
1753574400000,24.94,26.46,24.74,26.06,2193331.4,1753660799999,55664672.9223,194622,1151595.83000000,29216624.80200000,0,2025-07-27 00:00:00+00:00,0.04392863144480856,0.04490777866880502,0.6825192517594854
1753660800000,26.06,27.38,24.99,25.21,5003307.81,1753747199999,132011082.1201,468867,2313915.94000000,61085065.17360000,0,2025-07-28 00:00:00+00:00,-0.03316083049687048,-0.03261703760552559,0.7003853148242996
1753747200000,25.21,25.51,23.88,24.37,3654141.86,1753833599999,90297768.0662,304276,1704068.49000000,42111157.02730000,0,2025-07-29 00:00:00+00:00,-0.033887873562713625,-0.03332011106703692,0.7088093067109869
1753833600000,24.38,24.51,22.4,23.31,3448147.52,1753919999999,80756333.7879,294597,1531934.72000000,35860417.07660000,0,2025-07-30 00:00:00+00:00,-0.044470414589449205,-0.04349610176446461,0.7111037607707251
1753920000000,23.3,24.12,22.4,22.47,2756295.09,1754006399999,63798314.3043,206356,1191122.34000000,27659989.65350000,0,2025-07-31 00:00:00+00:00,-0.03670136685042793,-0.036036036036036,0.6996771081927978
1754006400000,22.47,22.58,21.02,21.51,3948656.05,1754092799999,86599867.3314,356558,1956155.58000000,42908456.50600000,0,2025-08-01 00:00:00+00:00,-0.04366314291759896,-0.042723631508678084,0.6755406186425565
1754092800000,21.52,21.82,20.66,20.86,1443378.5,1754179199999,30625872.2936,162224,669261.67000000,14204830.09360000,0,2025-08-02 00:00:00+00:00,-0.030684493707012355,-0.030218503021850363,0.6868814670211444
1754179200000,20.87,21.54,20.57,21.37,1065667.37,1754265599999,22670383.0355,95738,565340.98000000,12032906.64740000,0,2025-08-03 00:00:00+00:00,0.02415461975843001,0.024448705656759495,0.670881554290915
1754265600000,21.38,23.13,21.34,23.11,2828179.45,1754351999999,62947527.9794,214213,1703487.67000000,37924962.42550000,0,2025-08-04 00:00:00+00:00,0.07827735495523304,0.08142255498362183,0.7165963323906611
1754352000000,23.12,23.14,21.44,21.92,1854068.5,1754438399999,41395062.416,164618,1029340.67000000,23009503.43870000,0,2025-08-05 00:00:00+00:00,-0.05286596220647444,-0.05149286023366495,0.7462032737850857
1754438400000,21.92,22.4,21.57,22.23,1609597.38,1754524799999,35484210.3086,128196,803146.24000000,17715151.50130000,0,2025-08-06 00:00:00+00:00,0.014043265896290279,0.014142335766423209,0.7421730599029758
1754524800000,22.24,23.36,21.95,23.36,2606524.79,1754611199999,59086246.0713,149593,1407090.65000000,31917980.74300000,0,2025-08-07 00:00:00+00:00,0.049582429983921025,0.050832208726945494,0.7556446352810169
1754611200000,23.35,23.87,23.0,23.79,2948550.23,1754697599999,69027912.0342,249685,1516517.94000000,35519286.69710000,0,2025-08-08 00:00:00+00:00,0.018240166354839923,0.018407534246575263,0.7329805234330835
1754697600000,23.8,24.82,23.73,24.23,3706511.37,1754783999999,90316333.9696,234768,1407621.01000000,34327347.41470000,0,2025-08-09 00:00:00+00:00,0.01832621051356806,0.018495166036149646,0.7090753918068609
1754784000000,24.24,24.55,23.26,23.83,2042077.94,1754870399999,48725702.8884,186460,931802.40000000,22243687.16690000,0,2025-08-10 00:00:00+00:00,-0.01664624371778375,-0.01650846058605049,0.7129040586887677
1754870400000,23.84,24.63,22.65,22.79,2917750.34,1754956799999,69378117.5416,280898,1436889.66000000,34223908.81070000,0,2025-08-11 00:00:00+00:00,-0.04462344785305788,-0.04364246747796896,0.7333512277482537
1754956800000,22.79,24.9,22.74,24.67,3234718.02,1755043199999,77214092.9174,259768,1682900.90000000,40194060.13800000,0,2025-08-12 00:00:00+00:00,0.07926608728367253,0.08249232119350602,0.7769825207432461
1755043200000,24.67,25.68,24.37,25.47,3255245.91,1755129599999,81639829.3596,283833,1763746.79000000,44259350.65050000,0,2025-08-13 00:00:00+00:00,0.031913358450100134,0.032428050263477726,0.7825376863226818
1755129600000,25.47,25.99,23.18,23.67,5773899.55,1755215999999,140109859.8052,429800,3089165.79000000,74848509.92800000,0,2025-08-14 00:00:00+00:00,-0.07329286546547302,-0.07067137809187274,0.8071737910656234
1755216000000,23.66,25.66,23.46,23.77,5593714.7,1755302399999,136005122.672,408154,3000086.34000000,72964478.42900000,0,2025-08-15 00:00:00+00:00,0.004215857846209854,0.0042247570764679665,0.8070302648177632
1755302400000,23.76,24.37,23.57,24.3,1610583.32,1755388799999,38546322.9427,150604,769106.54000000,18416902.20910000,0,2025-08-16 00:00:00+00:00,0.022052068974400187,0.022297013041649105,0.788656737882393
1755388800000,24.3,25.68,24.02,25.06,2713774.39,1755475199999,67900115.2624,201223,1409213.04000000,35265191.57160000,0,2025-08-17 00:00:00+00:00,0.030796599121419417,0.031275720164609,0.7929273603753066
1755475200000,25.07,25.33,23.36,23.7,3792415.91,1755561599999,90778161.1943,311523,1846730.51000000,44205794.43620000,0,2025-08-18 00:00:00+00:00,-0.055797901326836666,-0.05426975259377487,0.8048318181873182
1755561600000,23.7,24.06,22.31,22.37,2882360.08,1755647999999,66367317.7042,259082,1274074.33000000,29336332.65210000,0,2025-08-19 00:00:00+00:00,-0.057754272639047144,-0.056118143459915504,0.8239433188730703
1755648000000,22.36,23.55,22.23,23.46,2293194.21,1755734399999,52662843.9266,205705,1172765.88000000,26939570.70580000,0,2025-08-20 00:00:00+00:00,0.04757606772329123,0.048725972284309416,0.8408156877473606
1755734400000,23.45,23.62,22.72,22.77,1706315.72,1755820799999,39551905.8033,154707,884151.86000000,20540328.41130000,0,2025-08-21 00:00:00+00:00,-0.02985296314968116,-0.02941176470588236,0.8427136979570986
1755820800000,22.78,25.4,22.19,25.25,5485181.93,1755907199999,131281578.8651,402824,2685365.96000000,64251489.93640000,0,2025-08-22 00:00:00+00:00,0.10338227564572053,0.1089152393500219,0.8802220008146587
1755907200000,25.26,26.77,24.47,26.26,5753729.12,1755993599999,148324322.008,355768,2595899.59000000,67006025.68260000,0,2025-08-23 00:00:00+00:00,0.03922071315328133,0.040000000000000036,0.888290259847914
1755993600000,26.26,26.57,24.92,25.83,4047628.7,1756079999999,103785899.4887,339088,1935507.99000000,49691555.11680000,0,2025-08-24 00:00:00+00:00,-0.016510261766901176,-0.016374714394516543,0.8900641715877292
1756080000000,25.83,26.0,23.03,23.35,4117635.73,1756166399999,99633826.5408,355922,1993537.36000000,48185205.22950000,0,2025-08-25 00:00:00+00:00,-0.10093962299284263,-0.09601238869531536,0.9501025723298245
1756166400000,23.35,24.35,23.09,24.17,2647190.56,1756252799999,62575477.9549,245186,1332081.80000000,31512361.67080000,0,2025-08-26 00:00:00+00:00,0.03451521060048537,0.03511777301927199,0.9449039231168784
1756252800000,24.17,25.33,23.86,24.42,3575703.83,1756339199999,88227442.4631,289031,1898159.13000000,46856818.45610000,0,2025-08-27 00:00:00+00:00,0.010290273967166934,0.010343400910219236,0.9393022681759117
1756339200000,24.42,25.08,24.13,24.93,2606202.3,1756425599999,64188025.2906,177786,1272676.64000000,31371025.56600000,0,2025-08-28 00:00:00+00:00,0.020669428852907762,0.020884520884520752,0.9345698360346063
1756425600000,24.93,25.2,23.2,23.55,3838827.52,1756511999999,92240264.2551,270862,1963151.34000000,47177034.26190000,0,2025-08-29 00:00:00+00:00,-0.05694607707303973,-0.0553549939831528,0.943142540258602
1756512000000,23.54,23.94,23.1,23.78,1173614.41,1756598399999,27698339.0622,91691,600830.10000000,14186694.76350000,0,2025-08-30 00:00:00+00:00,0.009719070800209015,0.009766454352441611,0.9340504356373989
1756598400000,23.78,24.2,23.38,23.4,1062889.49,1756684799999,25411840.7228,80535,487535.42000000,11660345.23430000,0,2025-08-31 00:00:00+00:00,-0.016108868898980087,-0.015979814970563555,0.9220045788737948
1756684800000,23.4,24.33,22.67,23.21,3735535.61,1756771199999,87954802.3932,219980,1891731.43000000,44518876.61320000,0,2025-09-01 00:00:00+00:00,-0.008152802077309932,-0.00811965811965798,0.9150264597268335
1756771200000,23.22,24.5,23.02,24.46,3640156.76,1756857599999,87088297.5268,244361,1782522.44000000,42635867.29870000,0,2025-09-02 00:00:00+00:00,0.05245590997268059,0.05385609651012491,0.9282734052303491
1756857600000,24.47,25.78,24.27,25.2,3567888.32,1756943999999,89324292.2756,222471,1938105.86000000,48546930.51340000,0,2025-09-03 00:00:00+00:00,0.029804864258351303,0.030253475061324586,0.8945721277446224
1756944000000,25.21,25.28,24.18,24.21,2160658.31,1757030399999,53366143.0953,129682,1029996.88000000,25450859.76210000,0,2025-09-04 00:00:00+00:00,-0.04007822356741047,-0.03928571428571426,0.8856085013055934
1757030400000,24.21,25.11,23.86,24.47,2980843.48,1757116799999,73138861.1763,174769,1486385.89000000,36511188.52970000,0,2025-09-05 00:00:00+00:00,0.010682106504613013,0.010739363899215038,0.8851733902058315
1757116800000,24.48,24.62,24.09,24.38,869250.62,1757203199999,21159306.9731,59186,414971.65000000,10107327.06580000,0,2025-09-06 00:00:00+00:00,-0.003684753401454869,-0.003677973028197834,0.8694028194119032
1757203200000,24.37,24.95,24.26,24.68,1253296.14,1757289599999,30811268.7977,70890,698891.57000000,17193623.56180000,0,2025-09-07 00:00:00+00:00,0.012230074984061586,0.012305168170631653,0.8681916464022675
1757289600000,24.69,25.8,24.53,25.29,2389358.41,1757375999999,60304893.2998,162147,1196297.17000000,30183906.44590000,0,2025-09-08 00:00:00+00:00,0.02441586164468661,0.024716369529983684,0.8699594819185915
1757376000000,25.29,26.36,24.9,25.93,3883910.84,1757462399999,100408729.4527,233130,1939115.87000000,50158511.81270000,0,2025-09-09 00:00:00+00:00,0.0249915388686993,0.025306445235270925,0.8711943847407944
1757462400000,25.94,29.52,25.75,29.48,7835798.78,1757548799999,218802126.3264,446822,4208080.30000000,117448269.52400000,0,2025-09-10 00:00:00+00:00,0.1283114677705628,0.13690705746239873,0.9572526202136067
1757548800000,29.47,29.99,28.3,29.15,4409659.2,1757635199999,127862617.2341,309958,2198287.47000000,63786757.64840000,0,2025-09-11 00:00:00+00:00,-0.011257154524634558,-0.011194029850746356,0.9246401963381287
1757635200000,29.14,29.4,28.25,28.99,3485659.59,1757721599999,99961035.3992,209845,1729752.79000000,49634645.24090000,0,2025-09-12 00:00:00+00:00,-0.005503969862937288,-0.005488850771869669,0.9204204456755777
1757721600000,28.98,31.25,28.74,30.08,6655109.56,1757807999999,200842960.0513,476544,3446710.10000000,104036643.86920000,0,2025-09-13 00:00:00+00:00,0.036909556148075034,0.0375991721283202,0.8829744388044998
1757808000000,30.08,30.64,28.96,29.44,4026228.24,1757894399999,120027359.034,285555,1963306.04000000,58620885.28960000,0,2025-09-14 00:00:00+00:00,-0.021506205220963505,-0.02127659574468077,0.8888961109735318
1757894400000,29.44,30.45,28.22,29.81,4822176.71,1757980799999,141231815.9825,359858,2314979.96000000,67927215.74040000,0,2025-09-15 00:00:00+00:00,0.01248961382930454,0.012567934782608647,0.8875005189873156
1757980800000,29.81,31.0,29.17,30.08,4046243.14,1758067199999,122246666.5847,316924,2050942.40000000,62004778.31370000,0,2025-09-16 00:00:00+00:00,0.009016591391658937,0.009057363300905674,0.8833340876575203
1758067200000,30.07,32.0,29.38,31.82,4496864.96,1758153599999,136426878.4008,357194,2357728.26000000,71628545.15280000,0,2025-09-17 00:00:00+00:00,0.056234523828001794,0.05784574468085113,0.8708989697463978
1758153600000,31.82,35.43,31.63,35.19,8086451.91,1758239999999,270473842.6564,599408,4313088.20000000,144266050.18270000,0,2025-09-18 00:00:00+00:00,0.10066692842385284,0.10590823381521042,0.8912558014600572
1758240000000,35.19,35.81,33.34,33.75,5353801.63,1758326399999,184306198.6617,433645,2585683.87000000,89094150.01300000,0,2025-09-19 00:00:00+00:00,-0.04178153401495488,-0.040920716112531896,0.9046757593142185
1758326400000,33.74,34.11,32.86,33.17,2827363.71,1758412799999,94837130.8942,183527,1373666.43000000,46100358.69440000,0,2025-09-20 00:00:00+00:00,-0.017334564359577673,-0.01718518518518508,0.8983972085443048
1758412800000,33.17,33.61,32.58,33.04,2354952.36,1758499199999,77740220.4221,158234,1135213.92000000,37484279.82070000,0,2025-09-21 00:00:00+00:00,-0.003926904306183793,-0.003919204100090501,0.8377553787999724
1758499200000,33.05,33.98,29.41,33.86,7906750.93,1758585599999,250346419.5027,563694,3938371.74000000,124851506.24460000,0,2025-09-22 00:00:00+00:00,0.024515428052212032,0.024818401937046097,0.83262516915238
1758585600000,33.87,36.16,32.75,33.61,9338116.95,1758671999999,322546503.3092,789199,4796089.89000000,165894048.00230000,0,2025-09-23 00:00:00+00:00,-0.0074107349679749385,-0.00738334317779088,0.8297888381293109
1758672000000,33.6,34.85,32.26,32.31,4766219.2,1758758399999,161661593.9112,427498,2403500.72000000,81604158.18710000,0,2025-09-24 00:00:00+00:00,-0.0394468619006073,-0.03867896459387077,0.7514815724349508
1758758400000,32.31,32.8,28.51,28.64,7152756.29,1758844799999,218339928.1601,659455,3289088.41000000,100428819.08250000,0,2025-09-25 00:00:00+00:00,-0.1205724377439621,-0.11358712472918608,0.8745732312404587
1758844800000,28.63,29.6,27.07,29.09,6421766.72,1758931199999,181928406.8736,514120,3099805.77000000,87929881.94970000,0,2025-09-26 00:00:00+00:00,0.015590130414665426,0.015712290502793325,0.8751218688036243
1758931200000,29.1,29.11,28.23,28.74,1881547.05,1759017599999,53893549.8049,180862,861835.95000000,24684076.10810000,0,2025-09-27 00:00:00+00:00,-0.012104591856231462,-0.0120316259883122,0.8755951853076531
1759017600000,28.75,30.3,27.92,30.01,2997791.17,1759103999999,87001287.7043,256671,1502491.61000000,43744499.79350000,0,2025-09-28 00:00:00+00:00,0.043240778801396894,0.04418928322894922,0.8562816695969085
1759104000000,30.01,30.82,29.13,30.41,5331556.45,1759190399999,159622162.441,391175,2984348.43000000,89354439.37480000,0,2025-09-29 00:00:00+00:00,0.013240842236997546,0.013328890369876722,0.8564546053864873
1759190400000,30.41,30.72,28.81,30.01,4008225.28,1759276799999,119033130.0239,332688,1791635.82000000,53233924.61560000,0,2025-09-30 00:00:00+00:00,-0.013240842236997537,-0.013153567905294317,0.8554880262291129
1759276800000,30.02,31.1,29.61,30.73,3883191.93,1759363199999,118338502.3958,313335,1916628.88000000,58438537.83340000,0,2025-10-01 00:00:00+00:00,0.023708716690117523,0.023992002665778056,0.8549974618281472
1759363200000,30.74,31.38,29.48,30.98,6997460.97,1759449599999,213606125.863,488220,3349171.54000000,102237784.63060000,0,2025-10-02 00:00:00+00:00,0.00810245884632923,0.008135372600065027,0.8407342339921827
1759449600000,30.97,31.57,29.99,31.31,4752367.67,1759535999999,146423055.6887,341928,2326208.31000000,71661904.14960000,0,2025-10-03 00:00:00+00:00,0.010595700349591638,0.010652033570045072,0.8370903864670179
1759536000000,31.32,31.44,29.85,30.12,2572315.27,1759622399999,78386828.0117,202161,1272290.86000000,38806344.28440000,0,2025-10-04 00:00:00+00:00,-0.038748132406621456,-0.03800702650910248,0.8361564856066198
1759622400000,30.12,31.21,29.63,30.07,2993145.41,1759708799999,90821357.5274,237887,1499492.01000000,45468929.40030000,0,2025-10-05 00:00:00+00:00,-0.001661405931255127,-0.0016600265604249653,0.836632873820359
1759708800000,30.07,31.03,29.94,30.61,3085401.61,1759795199999,94315938.1605,237396,1385281.84000000,42303919.47900000,0,2025-10-06 00:00:00+00:00,0.017798755956883423,0.017958097771865633,0.8365778012800745
1759795200000,30.61,30.73,27.81,27.93,4890362.4,1759881599999,142728911.2437,338382,2358902.63000000,68765035.22620000,0,2025-10-07 00:00:00+00:00,-0.09162537300023568,-0.08755308722639654,0.904958081552827
1759881600000,27.92,29.63,27.84,28.82,2651599.97,1759967999999,75823094.5706,228908,1377333.73000000,39410128.87250000,0,2025-10-08 00:00:00+00:00,0.03136821061429075,0.0318653777300395,0.9072422510553917
1759968000000,28.82,28.9,27.58,28.38,2269490.81,1760054399999,63914514.1015,194206,1114335.38000000,31384088.88600000,0,2025-10-09 00:00:00+00:00,-0.015384918839479456,-0.01526717557251911,0.9066141680646911
1760054400000,28.38,28.62,8.52,20.68,15387912.02,1760140799999,355423741.4296,1222436,7492199.79000000,172040456.79630000,0,2025-10-10 00:00:00+00:00,-0.3165176220916683,-0.2713178294573644,1.3514228625271816
1760140800000,20.67,23.38,20.27,21.46,9122170.63,1760227199999,200303058.187,678716,4597122.93000000,101181281.63510000,0,2025-10-11 00:00:00+00:00,0.03702368756232404,0.03771760154738879,1.3621257507064404
1760227200000,21.45,23.34,20.66,22.51,7083271.57,1760313599999,156432252.5798,528574,3596737.71000000,79377820.98440000,0,2025-10-12 00:00:00+00:00,0.04776891771608857,0.04892823858341111,1.3770347803299923
1760313600000,22.5,24.07,21.68,23.8,9277860.33,1760399999999,211242005.7449,581017,4767884.26000000,108771261.49760000,0,2025-10-13 00:00:00+00:00,0.05572592575878804,0.05730786317192349,1.3863654434663244
1760400000000,23.8,23.9,21.81,22.74,6841648.76,1760486399999,155363045.771,494159,3196232.40000000,72625766.08580000,0,2025-10-14 00:00:00+00:00,-0.0455600923550391,-0.044537815126050484,1.3918851060199564
1760486400000,22.73,23.29,21.56,21.9,3657254.33,1760572799999,81752047.9957,288281,1679748.33000000,37591013.28640000,0,2025-10-15 00:00:00+00:00,-0.03763885149993481,-0.03693931398416883,1.3933038677187575
1760572800000,21.9,22.39,20.58,20.98,4348824.61,1760659199999,93192365.1408,330972,2155193.40000000,46205563.42620000,0,2025-10-16 00:00:00+00:00,-0.04291703385430388,-0.04200913242009119,1.3960250470978444
1760659200000,20.97,21.27,19.03,19.96,5812253.03,1760745599999,115493913.2018,409861,2811750.62000000,55911730.77130000,0,2025-10-17 00:00:00+00:00,-0.04983933208483323,-0.04861773117254531,1.3796955763000853
1760745600000,19.95,20.42,19.82,20.21,1676585.17,1760831999999,33746941.3928,110733,676659.70000000,13621586.54940000,0,2025-10-18 00:00:00+00:00,0.012447260532211657,0.01252505010020033,1.3191574459052338
1760832000000,20.22,20.84,19.75,20.59,2143184.1,1760918399999,43803823.6571,146925,1044846.69000000,21358940.72350000,0,2025-10-19 00:00:00+00:00,0.018627989624168374,0.018802572983671384,1.32255514068946
1760918400000,20.59,21.21,20.17,20.34,2955524.04,1761004799999,61149660.5764,174338,1436795.55000000,29717695.08490000,0,2025-10-20 00:00:00+00:00,-0.012216130419284144,-0.012141816415735751,1.3226336511884562
1761004800000,20.34,20.85,19.46,19.54,3757859.23,1761091199999,75890386.3419,224113,1815404.36000000,36612016.59240000,0,2025-10-21 00:00:00+00:00,-0.040125744005777286,-0.03933136676499516,1.3243965454117024
1761091200000,19.54,19.71,18.42,19.02,3336086.79,1761177599999,64278722.8937,220668,1653503.22000000,31882336.43900000,0,2025-10-22 00:00:00+00:00,-0.026972589497392396,-0.026612077789150423,1.3159840229080193
1761177600000,19.02,19.74,18.98,19.14,2616353.3,1761263999999,50733521.1903,135404,1327562.18000000,25735312.63900000,0,2025-10-23 00:00:00+00:00,0.006289328907563918,0.006309148264984188,1.3183974232354627
1761264000000,19.13,19.96,19.02,19.49,2398372.66,1761350399999,46733834.7462,141981,1247992.40000000,24318266.70070000,0,2025-10-24 00:00:00+00:00,0.018121127494661132,0.018286311389759557,1.3223187544363904
1761350400000,19.49,19.83,19.24,19.71,1481426.75,1761436799999,28889885.0546,72228,762626.57000000,14862426.97270000,0,2025-10-25 00:00:00+00:00,0.011224607645159599,0.011287839917906828,1.2711215689284694
1761436800000,19.72,20.96,19.34,20.82,3076459.26,1761523199999,62228033.3512,144559,1485218.28000000,30041854.85290000,0,2025-10-26 00:00:00+00:00,0.05478794202219404,0.05631659056316596,1.2892311273602821
1761523200000,20.83,21.1,20.17,20.33,2370635.69,1761609599999,48957552.5011,157247,1200294.99000000,24787206.19240000,0,2025-10-27 00:00:00+00:00,-0.023816435546567604,-0.023535062439961618,1.2899873601077523
1761609600000,20.33,20.52,19.13,19.47,2668509.9,1761695999999,53225162.3834,179255,1381042.08000000,27561941.57210000,0,2025-10-28 00:00:00+00:00,-0.04322280825614692,-0.04230201672405309,1.2789820775515002
1761696000000,19.47,20.2,19.31,19.66,2469575.16,1761782399999,48732370.802,154442,1161019.57000000,22920261.44370000,0,2025-10-29 00:00:00+00:00,0.009711295334912256,0.009758602978942044,1.2780801888857987
1761782400000,19.66,19.97,17.51,18.11,4250377.06,1761868799999,78350130.5853,302321,1984708.24000000,36624770.28000000,0,2025-10-30 00:00:00+00:00,-0.08212184282369847,-0.07884028484231942,1.2996011215270649
1761868800000,18.12,18.58,17.78,18.19,2613032.42,1761955199999,47718618.375,145814,1253260.77000000,22893903.26370000,0,2025-10-31 00:00:00+00:00,0.00440772063470896,0.004417448923246914,1.293753054706802
1761955200000,18.19,18.74,18.07,18.73,1331179.23,1762041599999,24659844.2444,79350,566775.03000000,10503311.63240000,0,2025-11-01 00:00:00+00:00,0.029254523925966287,0.029686641011544834,1.301100002690702
1762041600000,18.72,19.01,18.1,18.8,1391904.48,1762127999999,25880155.6248,95726,645115.32000000,11982475.47170000,0,2025-11-02 00:00:00+00:00,0.0037303533799064093,0.0037373198077950143,1.2995017260939725
1762128000000,18.81,18.91,15.91,16.65,6049270.76,1762214399999,103153252.391,320137,2995487.62000000,51122226.40570000,0,2025-11-03 00:00:00+00:00,-0.12144665340945086,-0.11436170212765973,1.3480285889153547
1762214400000,16.66,17.01,15.0,15.98,6537912.15,1762300799999,104763679.0177,354705,3086192.29000000,49482523.65950000,0,2025-11-04 00:00:00+00:00,-0.04107227608832407,-0.04024024024024009,1.348378367312109
1762300800000,15.98,16.99,15.29,16.61,3776605.59,1762387199999,62133482.1532,216935,1884533.54000000,31032362.91210000,0,2025-11-05 00:00:00+00:00,0.038666983287074734,0.03942428035043788,1.3578814651055144
1762387200000,16.61,16.73,15.61,16.13,2855283.89,1762473599999,46193777.1314,177283,1388834.22000000,22485035.63350000,0,2025-11-06 00:00:00+00:00,-0.029324031488085996,-0.028898254063816964,1.3339153025213977
1762473600000,16.13,18.07,16.05,17.74,6510611.2,1762559999999,111659627.437,304531,3263640.04000000,56005880.47960000,0,2025-11-07 00:00:00+00:00,0.09514108474431592,0.09981401115933042,1.3815013376196386
1762560000000,17.75,18.41,17.02,17.5,3365687.64,1762646399999,59266371.8744,189948,1563524.85000000,27547598.52130000,0,2025-11-08 00:00:00+00:00,-0.013621095951964963,-0.013528748590755257,1.3815277315455934
1762646400000,17.5,17.91,16.81,17.77,2421432.02,1762732799999,42188313.5906,161167,1195852.90000000,20835220.80850000,0,2025-11-09 00:00:00+00:00,0.015310761237091514,0.015428571428571347,0.8596867975249659
1762732800000,17.77,18.36,17.64,18.18,2968615.81,1762819199999,53538848.0616,181348,1396830.58000000,25199058.28730000,0,2025-11-10 00:00:00+00:00,0.022810446582772818,0.023072594259988755,0.8523286982673777
1762819200000,18.19,18.61,16.97,17.0,2938925.18,1762905599999,52035059.8174,195435,1486158.26000000,26291303.69540000,0,2025-11-11 00:00:00+00:00,-0.06710874469311662,-0.06490649064906484,0.8560970726174829
1762905600000,17.01,17.77,16.64,16.82,2341822.26,1762991999999,40121731.1428,187335,1146251.61000000,19623752.35350000,0,2025-11-12 00:00:00+00:00,-0.010644689511414113,-0.010588235294117676,0.8232620795685083
1762992000000,16.81,17.69,15.76,16.1,3784604.46,1763078399999,63446700.8475,258191,1813207.57000000,30406563.34750000,0,2025-11-13 00:00:00+00:00,-0.04374938255438459,-0.04280618311533879,0.8223448799683696
1763078400000,16.1,16.18,14.84,15.13,4989778.42,1763164799999,77449587.2493,328350,2284549.20000000,35472241.11330000,0,2025-11-14 00:00:00+00:00,-0.06213974419015285,-0.060248447204969025,0.8364624487950487
1763164800000,15.13,15.79,15.11,15.53,1355598.92,1763251199999,21081244.9247,90964,668564.44000000,10399514.02690000,0,2025-11-15 00:00:00+00:00,0.026094109360331023,0.026437541308658163,0.8393289980307186
1763251200000,15.52,15.86,14.62,15.15,3008987.32,1763337599999,45595738.1759,160471,1451174.09000000,22000508.62580000,0,2025-11-16 00:00:00+00:00,-0.02477310520521753,-0.02446877012234383,0.828852638662641
1763337600000,15.14,15.85,14.26,14.53,4255835.74,1763423999999,64202476.9359,254874,2111793.72000000,31842430.79180000,0,2025-11-17 00:00:00+00:00,-0.04178505437318669,-0.040924092409241,0.8326109394966646
1763424000000,14.53,14.93,14.03,14.58,3585664.15,1763510399999,52129744.5026,200974,1747566.08000000,25399616.25540000,0,2025-11-18 00:00:00+00:00,0.003435248998320617,0.0034411562284928365,0.827477428627696
1763510400000,14.59,14.7,13.71,14.28,3315595.15,1763596799999,46989226.7291,188466,1564643.91000000,22178240.79780000,0,2025-11-19 00:00:00+00:00,-0.02079076966907378,-0.020576131687242816,0.8281104402316858
1763596800000,14.28,14.53,13.5,13.81,4382359.95,1763683199999,61675732.9926,196087,2253497.94000000,31713907.82580000,0,2025-11-20 00:00:00+00:00,-0.03346698949023746,-0.032913165266106326,0.8255646391406717
1763683200000,13.81,13.99,12.57,13.28,6350052.93,1763769599999,84160771.9082,299072,3079766.10000000,40786593.96980000,0,2025-11-21 00:00:00+00:00,-0.039133823372913,-0.038377986965966726,0.8295009506375373
1763769600000,13.29,13.39,13.03,13.23,2893129.28,1763855999999,38316875.8897,101679,1422172.27000000,18832449.55940000,0,2025-11-22 00:00:00+00:00,-0.0037721659214234125,-0.003765060240963791,0.8274526035257115
1763856000000,13.24,13.47,13.21,13.27,2262185.57,1763942399999,30177624.7635,60129,1138628.55000000,15189913.69140000,0,2025-11-23 00:00:00+00:00,0.00301887021725173,0.003023431594860071,0.8221217307174506
1763942400000,13.28,14.05,13.16,13.89,3754410.25,1764028799999,50914672.9929,128475,1910359.40000000,25909013.26010000,0,2025-11-24 00:00:00+00:00,0.0456633084221363,0.0467219291635268,0.8432986372230563
1764028800000,13.89,14.38,13.7,14.18,2984316.25,1764115199999,41618084.2985,88066,1518794.20000000,21180633.59850000,0,2025-11-25 00:00:00+00:00,0.020663364337728984,0.020878329733621248,0.8174578712461743
1764115200000,14.18,14.96,13.91,14.95,2717281.59,1764201599999,38749467.4073,89316,1412186.62000000,20123657.21040000,0,2025-11-26 00:00:00+00:00,0.052878778732714016,0.05430183356840623,0.8476676695018164
1764201600000,14.96,15.17,14.87,15.02,2289006.72,1764287999999,34278088.928,69913,1198701.31000000,17950918.46550000,0,2025-11-27 00:00:00+00:00,0.004671346499293293,0.00468227424749168,0.840649762153444
1764288000000,15.02,15.27,14.78,14.84,2618362.46,1764374399999,39194815.0992,89156,1299808.69000000,19459899.24070000,0,2025-11-28 00:00:00+00:00,-0.012056408596754237,-0.011984021304926706,0.8380907713464807
1764374400000,14.85,14.91,14.19,14.25,1712927.69,1764460799999,25057545.1901,55231,834280.69000000,12207434.96500000,0,2025-11-29 00:00:00+00:00,-0.040569331024574856,-0.03975741239892183,0.8045570600102739
1764460800000,14.25,14.34,13.66,13.71,2295459.19,1764547199999,32271287.3517,74592,1119157.18000000,15728146.09140000,0,2025-11-30 00:00:00+00:00,-0.03863141314043645,-0.0378947368421052,0.8101958111443677
1764547200000,13.72,13.74,12.54,12.76,3627901.18,1764633599999,47051453.3994,153493,1833312.85000000,23764013.15320000,0,2025-12-01 00:00:00+00:00,-0.07181021565757931,-0.06929248723559456,0.8260063474200438
1764633600000,12.76,13.76,12.71,13.62,4573878.59,1764719999999,60411813.719,143607,2212778.69000000,29267128.06680000,0,2025-12-02 00:00:00+00:00,0.06522402280472245,0.06739811912225702,0.8682584355365868
1764720000000,13.63,15.09,13.58,14.78,5191197.88,1764806399999,74285329.3477,154066,2584956.53000000,36988581.58920000,0,2025-12-03 00:00:00+00:00,0.0817356147986894,0.08516886930983847,0.8306327313155658
1764806400000,14.78,14.88,14.21,14.41,2684653.29,1764892799999,39320101.1616,86963,1349132.37000000,19758290.01940000,0,2025-12-04 00:00:00+00:00,-0.025352505508624897,-0.025033829499323312,0.8235752419803851
1764892800000,14.4,14.52,13.09,13.21,3576441.81,1764979199999,49115712.37,138570,1749575.52000000,24061036.42190000,0,2025-12-05 00:00:00+00:00,-0.08694829147719667,-0.08327550312283127,0.8585393080851366
1764979200000,13.21,13.49,13.14,13.4,1994460.04,1765065599999,26576206.3758,68189,1003429.53000000,13373576.01770000,0,2025-12-06 00:00:00+00:00,0.014280588422631703,0.014383043149129415,0.8581466548637904
1765065600000,13.41,13.85,12.96,13.49,2408002.8,1765151999999,32338488.991,108521,1134777.85000000,15230928.22340000,0,2025-12-07 00:00:00+00:00,0.006693963262798815,0.006716417910447747,0.778465297581032
1765152000000,13.49,13.91,13.38,13.64,1938188.44,1765238399999,26460938.805,85114,887538.54000000,12122083.17080000,0,2025-12-08 00:00:00+00:00,0.011057982195651479,0.01111934766493694,0.7814268018618838
1765238400000,13.64,14.73,13.5,14.6,3324499.54,1765324799999,47077279.0549,183166,1709123.36000000,24238682.78100000,0,2025-12-09 00:00:00+00:00,0.06801487629897465,0.07038123167155419,0.8220439348732766
1765324800000,14.61,14.83,14.09,14.11,3106622.83,1765411199999,44949260.8502,146333,1471061.23000000,21276118.09520000,0,2025-12-10 00:00:00+00:00,-0.03413776284956812,-0.03356164383561644,0.8204422592266032
1765411200000,14.11,14.11,12.89,13.42,3801664.23,1765497599999,50712589.7245,183190,2029520.80000000,27057206.16670000,0,2025-12-11 00:00:00+00:00,-0.05013763432118687,-0.04890148830616581,0.8071986181803434
1765497600000,13.42,13.79,12.81,13.1,2464500.09,1765583999999,32786328.3266,119226,1172592.65000000,15577175.58780000,0,2025-12-12 00:00:00+00:00,-0.02413390133642986,-0.023845007451564815,0.809148594460676
1765584000000,13.11,13.47,13.09,13.37,1578228.62,1765670399999,21003972.4053,51424,705137.45000000,9382623.03250000,0,2025-12-13 00:00:00+00:00,0.020401160906745996,0.02061068702290081,0.8047346170940125
1765670400000,13.37,13.4,12.73,12.88,1429641.0,1765756799999,18627985.5092,59852,714907.60000000,9318877.44340000,0,2025-12-14 00:00:00+00:00,-0.03733767043764412,-0.036649214659685736,0.7874980953308157
1765756800000,12.88,13.35,12.2,12.34,3503587.76,1765843199999,44757241.0237,159279,1782632.81000000,22775860.38640000,0,2025-12-15 00:00:00+00:00,-0.04282970219896591,-0.041925465838509424,0.7895358787053351
1765843200000,12.35,12.4,11.91,12.35,3313909.31,1765929599999,40541581.3327,116510,1637703.39000000,20040790.90280000,0,2025-12-16 00:00:00+00:00,0.0008100445967443455,0.0008103727714747766,0.7875989045815608
1765929600000,12.34,12.66,11.69,11.87,3989453.63,1766015999999,48462273.4025,154749,1945465.99000000,23633745.90280000,0,2025-12-17 00:00:00+00:00,-0.039641854452409614,-0.03886639676113368,0.7864357014148328
1766016000000,11.86,12.32,11.28,11.44,4678986.21,1766102399999,55023041.6865,158226,2326476.76000000,27378276.47480000,0,2025-12-18 00:00:00+00:00,-0.03689822266992484,-0.03622577927548443,0.7924284391398905
1766102400000,11.44,12.45,11.26,12.26,4112097.37,1766188799999,49154111.5442,138640,2093152.37000000,25019724.05180000,0,2025-12-19 00:00:00+00:00,0.06922594455641348,0.07167832167832167,0.8353070094929446
1766188800000,12.25,12.38,12.13,12.21,971046.59,1766275199999,11900415.3534,36530,471346.28000000,5775541.95970000,0,2025-12-20 00:00:00+00:00,-0.004086642385451905,-0.004078303425774754,0.8290046731915247
1766275200000,12.22,12.34,11.96,12.14,1234066.71,1766361599999,14970691.4586,57237,657692.57000000,7978679.70970000,0,2025-12-21 00:00:00+00:00,-0.0057495024912611005,-0.005733005733005725,0.8193725341725797
1766361600000,12.15,12.45,12.01,12.42,3136015.78,1766447999999,38599397.0821,116150,1708676.85000000,21038106.10970000,0,2025-12-22 00:00:00+00:00,0.02280229087398055,0.023064250411861664,0.8242823765529989
1766448000000,12.42,12.55,11.84,12.18,2667803.57,1766534399999,32524544.6921,95593,1309613.05000000,15966163.25630000,0,2025-12-23 00:00:00+00:00,-0.019512814223581715,-0.019323671497584516,0.826263567867697
1766534400000,12.18,12.23,11.89,12.1,1607835.82,1766620799999,19347832.121,62917,697310.97000000,8393969.60530000,0,2025-12-24 00:00:00+00:00,-0.0065898096790555525,-0.006568144499178974,0.8075336652637872
1766620800000,12.11,12.55,12.05,12.09,2261537.45,1766707199999,27774426.6272,74639,1063945.20000000,13072989.81000000,0,2025-12-25 00:00:00+00:00,-0.0008267879759940738,-0.0008264462809917106,0.8025358069342448
1766707200000,12.09,12.62,12.03,12.34,2107626.16,1766793599999,26086861.1178,83087,1041940.06000000,12897711.53380000,0,2025-12-26 00:00:00+00:00,0.02046735385054053,0.02067824648469818,0.7806189378807593
1766793600000,12.34,12.8,12.33,12.69,1402720.88,1766879999999,17570216.9288,49020,667293.43000000,8363402.02210000,0,2025-12-27 00:00:00+00:00,0.027968263249054527,0.028363047001620734,0.788960951321636
1766880000000,12.7,12.9,12.53,12.64,1705451.88,1766966399999,21712113.2234,55547,826564.66000000,10524934.99270000,0,2025-12-28 00:00:00+00:00,-0.0039478930075848235,-0.003940110323088941,0.7886351251142754
1766966400000,12.64,13.2,12.35,12.38,3591031.92,1767052799999,45908072.772,115701,1694889.44000000,21664073.47270000,0,2025-12-29 00:00:00+00:00,-0.02078412146226132,-0.020569620253164556,0.7804913214183405
1767052800000,12.37,12.64,12.33,12.58,1682281.43,1767139199999,21029649.6373,48306,836023.52000000,10453170.40300000,0,2025-12-30 00:00:00+00:00,0.016025984015844395,0.016155088852988664,0.7738307514506317
1767139200000,12.58,12.72,12.21,12.32,1812519.45,1767225599999,22579867.5288,49791,905126.20000000,11270328.73880000,0,2025-12-31 00:00:00+00:00,-0.020884293166920677,-0.020667726550079424,0.7361981473963063
1767225600000,12.32,13.69,12.23,13.59,4403379.82,1767311999999,57578512.3074,162579,2168084.48000000,28312012.25790000,0,2026-01-01 00:00:00+00:00,0.09811027005767856,0.1030844155844155,0.7810944244298147
1767312000000,13.59,13.98,13.09,13.82,3276497.14,1767398399999,44348526.6263,140852,1652521.59000000,22354693.97500000,0,2026-01-02 00:00:00+00:00,0.016782590176471435,0.016924208977189048,0.7264148196123298
1767398400000,13.82,14.4,13.67,13.99,2908188.75,1767484799999,40706474.0717,107989,1408722.83000000,19717811.24920000,0,2026-01-03 00:00:00+00:00,0.012225970337865903,0.012301013024601959,0.7231840448769268
1767484800000,13.98,14.49,13.9,14.25,2167561.94,1767571199999,30655106.3651,106824,1021567.96000000,14453933.00540000,0,2026-01-04 00:00:00+00:00,0.018414118037269736,0.018584703359542543,0.6557962674794351
1767571200000,14.25,14.72,13.91,14.45,3062802.52,1767657599999,43704881.7378,163101,1517903.06000000,21667610.32920000,0,2026-01-05 00:00:00+00:00,0.013937507843781678,0.01403508771929829,0.655719957551265
1767657600000,14.46,14.83,14.24,14.59,3416418.28,1767743999999,49563749.2124,158219,1670063.93000000,24223672.76310000,0,2026-01-06 00:00:00+00:00,0.009641947976253258,0.009688581314879041,0.6560369928921139
1767744000000,14.6,14.6,13.88,14.11,2264630.86,1767830399999,32315696.064,93068,1134995.32000000,16181118.06880000,0,2026-01-07 00:00:00+00:00,-0.033452596669971725,-0.032899246058944565,0.6671033376323361
1767830400000,14.12,14.25,13.6,13.89,1822609.54,1767916799999,25339467.514,104413,909100.30000000,12631213.68850000,0,2026-01-08 00:00:00+00:00,-0.01571460909847012,-0.01559177888022667,0.623978965063404
1767916800000,13.89,14.22,13.61,13.79,1860467.06,1768003199999,25818717.8122,107555,906167.69000000,12573638.04240000,0,2026-01-09 00:00:00+00:00,-0.007225464961042071,-0.00719942404607643,0.6133195949715268
1768003200000,13.78,13.94,13.64,13.74,656465.16,1768089599999,9058291.6367,33948,276512.47000000,3815405.50000000,0,2026-01-10 00:00:00+00:00,-0.0036324050110070464,-0.0036258158085568093,0.5870909739439639
1768089600000,13.73,13.99,13.48,13.7,1071942.18,1768175999999,14780604.3837,52591,512552.18000000,7067054.97260000,0,2026-01-11 00:00:00+00:00,-0.002915453960124131,-0.0029112081513829047,0.5803822679939319
1768176000000,13.71,14.22,13.39,13.53,2612087.13,1768262399999,35987620.6039,120849,1270472.95000000,17498178.68470000,0,2026-01-12 00:00:00+00:00,-0.012486390651382533,-0.012408759124087565,0.5782295962341176
1768262400000,13.52,14.85,13.48,14.75,4022695.09,1768348799999,57616247.1469,199179,2016205.98000000,28927888.78740000,0,2026-01-13 00:00:00+00:00,0.0863336406031323,0.09016999260901715,0.6347937645379291
1768348800000,14.76,14.95,14.41,14.6,2956916.76,1768435199999,43374926.8624,106502,1499942.41000000,22004639.60590000,0,2026-01-14 00:00:00+00:00,-0.010221554071538139,-0.01016949152542379,0.6140316527113504
1768435200000,14.6,14.63,13.61,13.82,2471785.31,1768521599999,34914543.0024,127989,1129270.35000000,15955730.31890000,0,2026-01-15 00:00:00+00:00,-0.05490471037476686,-0.05342465753424652,0.649251746447269
1768521600000,13.82,13.87,13.19,13.59,2257468.71,1768607999999,30594800.4843,94057,1072930.15000000,14536064.30150000,0,2026-01-16 00:00:00+00:00,-0.016782590176471563,-0.01664254703328516,0.6347578755710934
1768608000000,13.59,13.97,13.53,13.75,1153279.65,1768694399999,15840086.4886,35785,509358.19000000,6995712.43350000,0,2026-01-17 00:00:00+00:00,0.011704595949527942,0.011773362766740236,0.6172490232466287
1768694400000,13.75,13.83,12.94,12.98,1448582.51,1768780799999,19542676.3179,61903,699772.97000000,9444962.24750000,0,2026-01-18 00:00:00+00:00,-0.0576291128366363,-0.05599999999999994,0.6126224697065716
1768780800000,12.98,12.99,12.09,12.74,3210706.15,1768867199999,40573654.4027,127369,1640815.89000000,20735523.42250000,0,2026-01-19 00:00:00+00:00,-0.018663061131926638,-0.018489984591679498,0.6165134514686159
1768867200000,12.73,12.76,11.97,12.09,3044192.13,1768953599999,37741757.0842,108136,1364359.02000000,16923111.06490000,0,2026-01-20 00:00:00+00:00,-0.05236798551731604,-0.05102040816326536,0.6441580590008583
1768953600000,12.09,12.73,11.88,12.42,3475396.94,1769039999999,42619585.5402,134770,1634649.75000000,20060170.39360000,0,2026-01-21 00:00:00+00:00,0.026929411878631328,0.027295285359801413,0.6461656555049445
1769040000000,12.42,12.62,12.04,12.2,1477392.32,1769126399999,18151949.877,60223,688507.97000000,8459697.94040000,0,2026-01-22 00:00:00+00:00,-0.017872124766121912,-0.017713365539452575,0.6455671335268094
1769126400000,12.2,12.5,11.99,12.13,2123247.62,1769212799999,25918054.9928,74860,1038958.18000000,12685049.43980000,0,2026-01-23 00:00:00+00:00,-0.00575422878325204,-0.0057377049180327155,0.6454654606865967
1769212800000,12.13,12.19,11.97,12.05,635754.35,1769299199999,7684381.2284,22373,299170.13000000,3617175.80680000,0,2026-01-24 00:00:00+00:00,-0.006617063019294761,-0.0065952184666117075,0.6458839801879075
1769299200000,12.05,12.08,11.23,11.49,2327274.41,1769385599999,27066900.2701,85899,1044127.06000000,12151454.03040000,0,2026-01-25 00:00:00+00:00,-0.04758756807599975,-0.04647302904564321,0.6620148753325682
1769385600000,11.49,11.92,11.46,11.72,2217831.4,1769471999999,25948768.5941,71004,1003069.93000000,11741524.04270000,0,2026-01-26 00:00:00+00:00,0.01981969228820238,0.02001740644038308,0.6579109006381915
1769472000000,11.72,12.2,11.58,12.14,2157614.23,1769558399999,25542573.5993,66784,1038295.41000000,12288955.83040000,0,2026-01-27 00:00:00+00:00,0.035209001482485625,0.03583617747440271,0.6709863796158209
1769558400000,12.14,12.29,11.93,12.07,1817855.54,1769644799999,21988193.432,74560,843376.79000000,10199746.67090000,0,2026-01-28 00:00:00+00:00,-0.005782750521912083,-0.005766062602965416,0.6675479312610049
1769644800000,12.08,12.1,10.8,11.04,4766952.55,1769731199999,53250777.0809,166271,2387268.07000000,26665054.27750000,0,2026-01-29 00:00:00+00:00,-0.08919799426049099,-0.08533554266777144,0.7318763040174059
1769731200000,11.04,11.09,10.63,10.87,4376331.89,1769817599999,47768558.0024,140495,2094090.50000000,22854655.47430000,0,2026-01-30 00:00:00+00:00,-0.01551833971583119,-0.015398550724637694,0.7305889858838454
1769817600000,10.88,10.9,9.16,10.12,8363024.98,1769903999999,83451737.8753,243653,3950659.56000000,39428962.82890000,0,2026-01-31 00:00:00+00:00,-0.07149303727379855,-0.06899724011039554,0.6686205941231729
1769904000000,10.12,10.26,9.67,9.91,3370320.29,1769990399999,33722448.5441,124802,1508783.15000000,15102702.79480000,0,2026-02-01 00:00:00+00:00,-0.020969315517422742,-0.02075098814229237,0.6626506668647295
1769990400000,9.91,10.32,9.53,10.14,3599683.7,1770076799999,35865158.5097,165383,1764569.31000000,17593315.58530000,0,2026-02-02 00:00:00+00:00,0.022943649821140583,0.023208879919273562,0.6684255683896164
1770076800000,10.14,10.34,9.54,9.93,4359390.25,1770163199999,43547369.2927,128862,2122191.75000000,21208609.52620000,0,2026-02-03 00:00:00+00:00,-0.02092752010595599,-0.02071005917159774,0.6608806610375896
1770163200000,9.92,10.17,9.55,9.72,3707443.3,1770249599999,36523799.2664,151697,1825097.89000000,17993501.09920000,0,2026-02-04 00:00:00+00:00,-0.02137485958473345,-0.02114803625377637,0.6548613580464637
1770249600000,9.71,9.85,8.24,8.32,10982635.25,1770335999999,98853376.326,365872,5064195.75000000,45546342.64390000,0,2026-02-05 00:00:00+00:00,-0.1555233636392305,-0.1440329218106996,0.815908415760618
1770336000000,8.32,9.48,7.55,9.28,7616631.97,1770422399999,64783492.2213,301573,3797994.98000000,32259137.83730000,0,2026-02-06 00:00:00+00:00,0.10919929196499181,0.1153846153846152,0.9275767213037516
1770422400000,9.28,9.4,8.91,9.23,4429288.97,1770508799999,40797502.7177,158098,2099011.43000000,19344068.80970000,0,2026-02-07 00:00:00+00:00,-0.005402498283348309,-0.005387931034482651,0.9280295430796334
1770508800000,9.22,9.3,9.0,9.08,1952474.13,1770595199999,17890276.9769,61633,1015639.86000000,9304207.64670000,0,2026-02-08 00:00:00+00:00,-0.01638485590155886,-0.01625135427952329,0.9277846478950781
1770595200000,9.08,9.21,8.72,9.06,2161048.33,1770681599999,19429451.4105,80505,1017550.09000000,9140479.50620000,0,2026-02-09 00:00:00+00:00,-0.00220507255831387,-0.0022026431718060735,0.9279973543408454
1770681600000,9.06,9.11,8.65,8.76,2155570.06,1770767999999,18990472.9926,67178,1055772.02000000,9304019.80730000,0,2026-02-10 00:00:00+00:00,-0.03367321510658795,-0.03311258278145701,0.9296229801916562
1770768000000,8.76,8.97,8.43,8.63,3451059.39,1770854399999,29893867.7898,93997,1902844.47000000,16484476.47670000,0,2026-02-11 00:00:00+00:00,-0.014951399852963366,-0.0148401826484017,0.9295819677243745
1770854400000,8.63,8.97,8.62,8.9,2722312.61,1770940799999,23946387.5079,67351,1242076.23000000,10915805.24550000,0,2026-02-12 00:00:00+00:00,0.030806771642757462,0.031286210892236266,0.8717868397694567
1770940800000,8.9,9.26,8.74,9.14,2317253.05,1771027199999,20907564.1995,61406,1207096.41000000,10890596.70920000,0,2026-02-13 00:00:00+00:00,0.026609108727964507,0.026966292134831482,0.8846763069253689
1771027200000,9.15,9.72,9.12,9.59,1957200.45,1771113599999,18377929.972,48834,906330.79000000,8507090.10700000,0,2026-02-14 00:00:00+00:00,0.04806050342928814,0.049234135667395984,0.8998884128604635
1771113600000,9.6,9.75,9.14,9.29,2304620.32,1771199999999,21712947.1472,67932,1190102.48000000,11193714.13010000,0,2026-02-15 00:00:00+00:00,-0.03178233606959978,-0.03128258602711165,0.9023715749127592
1771200000000,9.29,9.42,9.05,9.26,1993597.08,1771286399999,18397083.999,55605,1038907.11000000,9585485.59380000,0,2026-02-16 00:00:00+00:00,-0.0032345041676590403,-0.0032292787944024903,0.898788030911332
1771286400000,9.26,9.3,9.0,9.14,1500684.97,1771372799999,13740698.1824,53830,751807.61000000,6882454.27440000,0,2026-02-17 00:00:00+00:00,-0.013043663192029339,-0.01295896328293733,0.88437371271443
1771372800000,9.13,9.21,8.8,8.86,1645715.84,1771459199999,14828457.3557,49443,892943.36000000,8038318.49160000,0,2026-02-18 00:00:00+00:00,-0.031113620849069157,-0.030634573304157642,0.8866723257849033
1771459200000,8.86,8.94,8.66,8.91,2125984.17,1771545599999,18780977.2469,51406,1211238.85000000,10696664.12110000,0,2026-02-19 00:00:00+00:00,0.005627476865728389,0.0056433408577878375,0.8765461447104901
1771545600000,8.9,9.36,8.88,9.17,3170314.84,1771631999999,28943009.4731,85285,1571580.20000000,14346241.57120000,0,2026-02-20 00:00:00+00:00,0.02876304478565541,0.02918069584736238,0.877545786643466
1771632000000,9.17,9.45,9.11,9.12,1520821.29,1771718399999,14070433.7344,43608,822874.25000000,7618833.81670000,0,2026-02-21 00:00:00+00:00,-0.005467482182133501,-0.005452562704471142,0.8772318573448261
1771718400000,9.12,9.12,8.79,8.87,1894149.53,1771804799999,16931299.835,42601,1012927.06000000,9054255.77950000,0,2026-02-22 00:00:00+00:00,-0.0277950077647519,-0.027412280701754388,0.8793507170688338
1771804800000,8.87,8.9,8.27,8.36,3519799.52,1771891199999,29895998.1873,109891,1842031.93000000,15637192.66360000,0,2026-02-23 00:00:00+00:00,-0.05921636922487787,-0.05749718151071026,0.8954695964276899
1771891200000,8.37,8.45,8.18,8.29,2069343.37,1771977599999,17202490.6625,68019,1102935.26000000,9170608.77540000,0,2026-02-24 00:00:00+00:00,-0.008408457949406664,-0.00837320574162681,0.8863567790206833
1771977600000,8.28,9.84,8.26,9.51,8207207.42,1772063999999,76052286.5232,224156,4317678.24000000,40047366.46340000,0,2026-02-25 00:00:00+00:00,0.13729390741009534,0.1471652593486128,1.0219176547275879
1772064000000,9.51,9.64,9.09,9.31,4367337.35,1772150399999,40931318.9212,112849,2281813.74000000,21399388.94630000,0,2026-02-26 00:00:00+00:00,-0.021254785268323216,-0.02103049421661407,1.0115145379332906
1772150400000,9.31,9.48,8.78,8.95,3241829.57,1772236799999,29506228.6724,98413,1499957.20000000,13639784.98560000,0,2026-02-27 00:00:00+00:00,-0.03943555900221183,-0.03866809881847488,1.0170273187717758
1772236800000,8.95,9.27,8.42,9.16,4471001.96,1772323199999,39357160.6435,126809,2268657.14000000,19969944.09050000,0,2026-02-28 00:00:00+00:00,0.023192646399274926,0.02346368715083802,0.9817736289709621
1772323200000,9.17,9.43,8.85,9.04,3517576.45,1772409599999,32131214.5493,109441,1831257.67000000,16719076.42850000,0,2026-03-01 00:00:00+00:00,-0.013187004281953914,-0.013100436681222849,0.9815294513841335
1772409600000,9.03,9.48,8.86,9.17,3607621.55,1772495999999,33070581.5041,111438,1908097.95000000,17493559.22570000,0,2026-03-02 00:00:00+00:00,0.014278111864288512,0.014380530973451489,0.9548903077032331
1772496000000,9.18,9.34,8.9,9.18,2950312.27,1772582399999,26896497.7904,93198,1502390.20000000,13693171.87880000,0,2026-03-03 00:00:00+00:00,0.0010899183640256005,0.0010905125408942062,0.952846570473483
1772582400000,9.18,9.78,9.0,9.5,5118929.94,1772668799999,48056475.8723,119087,2343291.55000000,22001366.56410000,0,2026-03-04 00:00:00+00:00,0.03426459397409608,0.034858387799564294,0.9574659999345202
1772668800000,9.49,9.58,9.26,9.39,2107112.13,1772755199999,19857822.0413,76686,1047925.73000000,9876720.17430000,0,2026-03-05 00:00:00+00:00,-0.011646505386323579,-0.011578947368421022,0.9557236302319863
1772755200000,9.38,9.46,8.88,9.01,3054531.85,1772841599999,27815152.4097,88587,1452790.78000000,13241644.89560000,0,2026-03-06 00:00:00+00:00,-0.04131022159992504,-0.04046858359957406,0.963345193007193
1772841600000,9.01,9.08,8.87,8.91,1118928.85,1772927999999,10041314.4536,28856,575849.07000000,5169511.56080000,0,2026-03-07 00:00:00+00:00,-0.01116083013752851,-0.011098779134295134,0.79095962508353
1772928000000,8.91,9.02,8.69,8.82,1613416.48,1773014399999,14294758.918,50232,831209.23000000,7366530.66790000,0,2026-03-08 00:00:00+00:00,-0.010152371464017962,-0.010101010101010055,0.6911694868209928
1773014400000,8.82,9.53,8.81,9.26,3172189.24,1773100799999,29198149.8022,116338,1575835.73000000,14504235.64850000,0,2026-03-09 00:00:00+00:00,0.04868217863938806,0.049886621315192725,0.7129211740141979
1773100800000,9.26,9.96,9.25,9.53,3406932.21,1773187199999,32824134.3271,113900,1603845.35000000,15454774.39190000,0,2026-03-10 00:00:00+00:00,0.028740669008022624,0.029157667386608965,0.7171450440895454
1773187200000,9.53,9.86,9.48,9.55,1940684.53,1773273599999,18683958.6758,73648,991479.90000000,9545372.66430000,0,2026-03-11 00:00:00+00:00,0.0020964368265281672,0.0020986358866736943,0.7170137974073912
1773273600000,9.56,9.74,9.43,9.67,1583048.46,1773359999999,15157369.2539,56295,804313.23000000,7701228.26800000,0,2026-03-12 00:00:00+00:00,0.012487154972563915,0.012565445026177846,0.7063044452497795
1773360000000,9.67,10.29,9.65,9.72,3606631.26,1773446399999,35904321.047,108777,1797073.46000000,17904957.03130000,0,2026-03-13 00:00:00+00:00,0.005157309007144757,0.005170630816959676,0.7032424422067295
1773446400000,9.72,9.78,9.52,9.73,1235374.88,1773532799999,11898407.4681,38144,608231.05000000,5853681.96900000,0,2026-03-14 00:00:00+00:00,0.0010282777255660649,0.0010288065843622185,0.6965759886815701
1773532800000,9.73,10.04,9.65,9.95,1425372.81,1773619199999,13986887.1542,51526,690521.43000000,6780301.77990000,0,2026-03-15 00:00:00+00:00,0.02235865497258763,0.02261048304213764,0.6949164637649597
1773619200000,9.94,10.52,9.88,10.49,4566957.89,1773705599999,46913161.8241,132855,2279403.15000000,23413914.68130000,0,2026-03-16 00:00:00+00:00,0.0528498712377045,0.0542713567839197,0.6990285469215424
1773705600000,10.48,10.55,10.18,10.2,2960054.15,1773791999999,30570380.0518,68482,1509918.13000000,15602167.86210000,0,2026-03-17 00:00:00+00:00,-0.02803470211798053,-0.02764537654909449,0.6968008789428906
1773792000000,10.2,10.36,9.48,9.69,3287751.42,1773878399999,32330982.6289,89050,1734609.70000000,17051387.09910000,0,2026-03-18 00:00:00+00:00,-0.05129329438755046,-0.04999999999999993,0.7220204218389282
1773878400000,9.68,9.75,9.33,9.48,1361923.8,1773964799999,12961724.824,52696,717702.42000000,6833637.64170000,0,2026-03-19 00:00:00+00:00,-0.021910109635744343,-0.021671826625386914,0.7249267968170158
1773964800000,9.48,9.65,9.41,9.56,1369184.65,1774051199999,13036734.1533,48198,677829.93000000,6454085.75850000,0,2026-03-20 00:00:00+00:00,0.00840341079637938,0.00843881856540074,0.7157913679815204
1774051200000,9.57,9.64,9.15,9.21,1043822.96,1774137599999,9896298.3173,32493,486025.48000000,4604669.55490000,0,2026-03-21 00:00:00+00:00,-0.03729787679609438,-0.03661087866108781,0.72899489553091
1774137600000,9.21,9.36,8.87,9.03,1608037.56,1774223999999,14641165.4445,55846,849475.52000000,7739432.74760000,0,2026-03-22 00:00:00+00:00,-0.019737482838321548,-0.019543973941368198,0.7254548899566684
1774224000000,9.03,9.76,8.92,9.56,3004958.69,1774310399999,28222467.6522,109943,1558179.44000000,14631552.87340000,0,2026-03-23 00:00:00+00:00,0.057035359634416055,0.05869324473975657,0.7523428559694717
1774310400000,9.56,9.65,9.35,9.62,1570023.23,1774396799999,14943838.0675,58483,736261.71000000,7006634.71980000,0,2026-03-24 00:00:00+00:00,0.0062565376143051375,0.006276150627614996,0.7449537616545173
1774396800000,9.63,9.8,9.56,9.68,1815508.94,1774483199999,17579205.6321,45832,794941.52000000,7698352.04740000,0,2026-03-25 00:00:00+00:00,0.006217636610870582,0.006237006237006293,0.7106724198340586
1774483200000,9.69,9.69,8.99,9.11,2063705.57,1774569599999,19088243.0241,53471,1065983.13000000,9856353.36100000,0,2026-03-26 00:00:00+00:00,-0.060689190016618696,-0.058884297520661155,0.745524713382989
1774569600000,9.1,9.15,8.66,8.79,2101191.0,1774655999999,18596444.9365,53837,1102502.67000000,9757679.39600000,0,2026-03-27 00:00:00+00:00,-0.03575799957478136,-0.035126234906695974,0.5794714885189832
1774656000000,8.79,8.99,8.7,8.75,949852.2,1774742399999,8393536.0107,29354,489828.67000000,4326702.32040000,0,2026-03-28 00:00:00+00:00,-0.0045610113275624505,-0.00455062571103515,0.5756291251354596
1774742400000,8.76,8.82,8.37,8.6,1116725.08,1774828799999,9648580.6015,35697,604325.09000000,5222915.58070000,0,2026-03-29 00:00:00+00:00,-0.01729149711006111,-0.017142857142857237,0.5625703855736456
1774828800000,8.6,9.08,8.56,8.81,1613301.92,1774915199999,14327698.5659,61317,784092.37000000,6958473.80470000,0,2026-03-30 00:00:00+00:00,0.024125236688626265,0.024418604651162967,0.5630911970258977
1774915200000,8.81,9.07,8.69,8.91,1636937.52,1775001599999,14509050.8865,60329,855082.55000000,7578969.33400000,0,2026-03-31 00:00:00+00:00,0.011286801534629855,0.011350737797956922,0.5630587165108101
1775001600000,8.91,9.48,8.87,9.13,2896821.47,1775087999999,26749612.8092,70442,1501985.97000000,13863651.50620000,0,2026-04-01 00:00:00+00:00,0.024391453124159263,0.024691358024691468,0.5674833218687938
1775088000000,9.13,9.19,8.62,8.75,2611985.21,1775174399999,22920100.9857,75509,1406322.83000000,12342416.29940000,0,2026-04-02 00:00:00+00:00,-0.042511994237354106,-0.041621029572836865,0.5863544174472108
1775174400000,8.75,9.15,8.73,8.91,1539700.91,1775260799999,13776332.3627,44335,682579.90000000,6107824.37590000,0,2026-04-03 00:00:00+00:00,0.018120541113194836,0.01828571428571424,0.5765483851359103
1775260800000,8.91,9.11,8.83,8.99,719054.7,1775347199999,6435184.2113,23524,363624.93000000,3251819.74270000,0,2026-04-04 00:00:00+00:00,0.008938607000810924,0.008978675645342271,0.5767461755177389
1775347200000,8.99,9.09,8.74,9.06,857876.01,1775433599999,7625407.5596,32341,444884.26000000,3953058.05560000,0,2026-04-05 00:00:00+00:00,0.007756271571359065,0.007786429365962189,0.5591929450910855
1775433600000,9.07,9.66,8.81,8.91,3843829.97,1775519999999,35888342.0016,114486,1880113.85000000,17538748.77880000,0,2026-04-06 00:00:00+00:00,-0.016694878572170106,-0.01655629139072856,0.5609365590463345
1775520000000,8.9,9.62,8.46,9.43,6882469.21,1775606399999,60571664.6462,177542,3783414.29000000,33269564.08530000,0,2026-04-07 00:00:00+00:00,0.05672185516264815,0.058361391694724984,0.5932712473148044
1775606400000,9.43,9.56,9.04,9.05,3286293.67,1775692799999,30689202.6651,108164,1592443.50000000,14875262.30330000,0,2026-04-08 00:00:00+00:00,-0.041131338933531277,-0.040296924708377424,0.5874442118053066
1775692800000,9.05,9.7,8.92,9.37,2920718.2,1775779199999,27090055.0037,89524,1451806.59000000,13456700.86810000,0,2026-04-09 00:00:00+00:00,0.03474833853849581,0.03535911602209918,0.5916010803795801
1775779200000,9.37,9.56,9.25,9.39,1997802.09,1775865599999,18751802.6068,57466,1042228.99000000,9778910.58330000,0,2026-04-10 00:00:00+00:00,0.002132196969840862,0.002134471718249875,0.5916031178557714
1775865600000,9.39,9.61,9.19,9.38,1639251.72,1775951999999,15384971.7299,43107,812878.44000000,7622592.57010000,0,2026-04-11 00:00:00+00:00,-0.0010655302020381736,-0.0010649627263045192,0.5897260281735617
1775952000000,9.37,9.39,8.92,9.03,2241067.22,1776038399999,20346798.4102,56354,1189044.28000000,10796922.10900000,0,2026-04-12 00:00:00+00:00,-0.038027395589239364,-0.037313432835821,0.6031227030893997
1776038400000,9.04,9.71,8.97,9.66,3419224.2,1776124799999,31782373.176,87228,1655717.81000000,15383889.32680000,0,2026-04-13 00:00:00+00:00,0.06744128079553269,0.06976744186046524,0.6505710403483179
1776124800000,9.66,9.71,9.21,9.31,3276040.98,1776211199999,30819108.063,72642,1755574.56000000,16506048.80560000,0,2026-04-14 00:00:00+00:00,-0.03690455693545086,-0.03623188405797095,0.657464778851203
1776211200000,9.3,9.57,9.26,9.43,2180446.37,1776297599999,20508869.8038,56021,1070454.55000000,10068094.84860000,0,2026-04-15 00:00:00+00:00,0.012807005356390393,0.012889366272824887,0.6294943820054559
1776297600000,9.44,9.89,9.26,9.73,3911612.9,1776383999999,37403747.3001,102995,1886462.25000000,18054712.38660000,0,2026-04-16 00:00:00+00:00,0.03131779955254756,0.03181336161187698,0.6344627465121746
1776384000000,9.72,10.01,9.45,9.72,3237491.1,1776470399999,31559282.0856,85887,1617016.77000000,15755840.24250000,0,2026-04-17 00:00:00+00:00,-0.0010282777255659324,-0.0010277492291880241,0.6085816065805885
1776470400000,9.72,9.79,9.3,9.33,1985427.01,1776556799999,18844088.269,53208,1077134.32000000,10220788.20500000,0,2026-04-18 00:00:00+00:00,-0.04095060361309532,-0.040123456790123524,0.6207521863757268
1776556800000,9.33,9.36,8.96,9.0,2781932.77,1776643199999,25548239.8123,55991,1453371.19000000,13348248.45110000,0,2026-04-19 00:00:00+00:00,-0.036010437523033054,-0.03536977491961413,0.6319364657231683
1776643200000,9.0,9.44,8.98,9.27,3340913.84,1776729599999,30817924.3092,54911,1647943.96000000,15197447.74820000,0,2026-04-20 00:00:00+00:00,0.02955880224154443,0.030000000000000027,0.6279669376428149
1776729600000,9.27,9.53,9.17,9.39,2526167.85,1776815999999,23618057.9751,58264,1217010.10000000,11380037.74820000,0,2026-04-21 00:00:00+00:00,0.012861913642407822,0.012944983818770295,0.6252183097957803
1776816000000,9.4,9.68,9.33,9.33,2632701.83,1776902399999,25108461.2769,53704,1314014.14000000,12532782.46110000,0,2026-04-22 00:00:00+00:00,-0.006410278360919166,-0.006389776357827559,0.5923378606793583
1776902400000,9.33,9.45,9.16,9.38,2441918.23,1776988799999,22703640.0822,52223,1192466.01000000,11090253.85570000,0,2026-04-23 00:00:00+00:00,0.005344748158880943,0.005359056806002238,0.5922094435150524
1776988800000,9.39,9.48,9.28,9.4,1285732.01,1777075199999,12086037.0432,30597,611612.57000000,5750952.29720000,0,2026-04-24 00:00:00+00:00,0.002129926257824849,0.002132196162046851,0.5917675960540457
1777075200000,9.4,9.5,9.28,9.36,988627.53,1777161599999,9299974.0087,19959,497741.34000000,4684942.50960000,0,2026-04-25 00:00:00+00:00,-0.004264398786457651,-0.004255319148936287,0.5514657705011897
1777161600000,9.36,9.55,9.31,9.45,1422096.89,1777247999999,13433194.287,29390,692028.37000000,6538236.67720000,0,2026-04-26 00:00:00+00:00,0.009569451016150672,0.009615384615384581,0.5359871937175961
1777248000000,9.46,9.57,9.08,9.27,1959769.48,1777334399999,18196804.4394,46826,877689.55000000,8154009.18470000,0,2026-04-27 00:00:00+00:00,-0.019231361927887533,-0.01904761904761898,0.5408107941228124
1777334400000,9.26,9.28,9.11,9.17,1238580.9,1777420799999,11367352.6603,28479,551789.71000000,5064373.68910000,0,2026-04-28 00:00:00+00:00,-0.010846093309390212,-0.010787486515641764,0.5383902493941898
1777420800000,9.17,9.45,8.92,9.12,2244269.38,1777507199999,20588513.886,53826,1071374.11000000,9829673.66260000,0,2026-04-29 00:00:00+00:00,-0.005467482182133501,-0.005452562704471142,0.5330486832921768
1777507200000,9.12,9.23,9.05,9.09,1164480.51,1777593599999,10637781.319,28510,542935.46000000,4961842.76700000,0,2026-04-30 00:00:00+00:00,-0.003294895896852538,-0.003289473684210509,0.5319850334750971
1777593600000,9.1,9.27,9.06,9.08,1184996.33,1777679999999,10846518.5049,31607,580658.42000000,5316689.77080000,0,2026-05-01 00:00:00+00:00,-0.0011007155761855161,-0.0011001100110010764,0.5250623056754327
1777680000000,9.09,9.25,9.06,9.18,818732.77,1777766399999,7489404.4692,17987,396669.76000000,3627562.44950000,0,2026-05-02 00:00:00+00:00,0.010953012019197145,0.011013215859030812,0.5034886305865163
1777766400000,9.19,9.2,8.97,9.08,1301199.04,1777852799999,11812738.485,29467,651329.91000000,5913027.65650000,0,2026-05-03 00:00:00+00:00,-0.010953012019197093,-0.010893246187363759,0.5016908493186893
1777852800000,9.08,9.38,8.99,9.18,2651098.82,1777939199999,24359132.7569,68957,1365618.08000000,12549498.05770000,0,2026-05-04 00:00:00+00:00,0.010953012019197145,0.011013215859030812,0.5021597223708312
1777939200000,9.18,9.52,9.17,9.4,1941437.43,1778025599999,18200600.7148,41493,929489.65000000,8718549.04260000,0,2026-05-05 00:00:00+00:00,0.023682484643559105,0.023965141612200425,0.5080161457879419
1778025600000,9.4,9.78,9.37,9.61,3142945.26,1778111999999,30207766.7818,62379,1724767.35000000,16584892.43000000,0,2026-05-06 00:00:00+00:00,0.022094533706242862,0.022340425531914843,0.5088086716544288
1778112000000,9.61,9.7,9.37,9.5,2245294.05,1778198399999,21385998.5462,54159,1164485.22000000,11102752.46270000,0,2026-05-07 00:00:00+00:00,-0.01151242437570592,-0.01144640998959412,0.47163195088291926
1778198400000,9.51,10.02,9.43,9.91,2762743.15,1778284799999,26825781.5175,73826,1491969.26000000,14501446.52290000,0,2026-05-08 00:00:00+00:00,0.04225254973540143,0.04315789473684206,0.4692322847811931
1778284800000,9.91,10.12,9.8,9.97,1852146.85,1778371199999,18436930.5684,44661,975144.03000000,9712441.19180000,0,2026-05-09 00:00:00+00:00,0.006036235631850463,0.006054490413723634,0.4552818134328386
1778371200000,9.96,10.49,9.85,10.23,2767352.07,1778457599999,28061679.5485,85639,1441565.90000000,14619898.11060000,0,2026-05-10 00:00:00+00:00,0.025743995989788226,0.026078234704112413,0.46271186032925765
1778457600000,10.23,10.27,9.97,10.14,1857113.37,1778543999999,18798050.2352,64933,924223.15000000,9357069.97310000,0,2026-05-11 00:00:00+00:00,-0.008836581800498,-0.008797653958944274,0.46433189786571527
1778544000000,10.14,10.17,9.66,9.83,1849897.01,1778630399999,18289436.9379,57387,796354.93000000,7879514.43420000,0,2026-05-12 00:00:00+00:00,-0.031049064003961967,-0.030571992110453694,0.45723130141165186
1778630400000,9.83,10.16,9.62,9.76,1862467.14,1778716799999,18389992.9083,65067,911373.54000000,9012164.97190000,0,2026-05-13 00:00:00+00:00,-0.007146533734074088,-0.007121057985757906,0.3942533400552015
1778716800000,9.76,10.14,9.63,9.91,1918070.54,1778803199999,18959381.3471,59817,936560.90000000,9262827.89530000,0,2026-05-14 00:00:00+00:00,0.015251947916895643,0.015368852459016535,0.3736707110685226
1778803200000,9.9,9.97,9.41,9.54,1530463.96,1778889599999,14745744.3782,66293,609698.76000000,5883614.14860000,0,2026-05-15 00:00:00+00:00,-0.0380508628817016,-0.03733602421796178,0.3966971668494539
1778889600000,9.53,9.58,9.19,9.29,1253483.79,1778975999999,11699063.3686,34291,472282.06000000,4410399.67460000,0,2026-05-16 00:00:00+00:00,-0.026554932634447966,-0.026205450733752578,0.39122551035564507
1778976000000,9.3,9.42,8.96,9.2,1450571.67,1779062399999,13361751.2283,41829,711637.78000000,6555843.17710000,0,2026-05-17 00:00:00+00:00,-0.009735068770752467,-0.009687836383207693,0.39225887891413935
1779062400000,9.19,9.27,9.01,9.24,1552618.45,1779148799999,14194266.5921,59013,752271.21000000,6881242.69710000,0,2026-05-18 00:00:00+00:00,0.004338401598598362,0.004347826086956719,0.3663691095527232
1779148800000,9.25,9.32,9.02,9.11,1038722.26,1779235199999,9536213.4598,35422,543303.21000000,4987413.67200000,0,2026-05-19 00:00:00+00:00,-0.01416917438172589,-0.01406926406926412,0.34700075015396475
1779235200000,9.1,9.4,9.06,9.298,1388184.75,1779321599999,12863082.36165,114968,774318.94000000,7180494.52107000,0,2026-05-20 00:00:00+00:00,0.02042661199652614,0.020636663007683964,0.3387068256611664
1779321600000,9.297,9.517,9.25,9.453,2948219.92,1779407999999,27718115.07936,264232,1535161.83000000,14442042.32381000,0,2026-05-21 00:00:00+00:00,0.016532828174854266,0.016670251667025182,0.34068386007691026
1779408000000,9.453,9.602,9.099,9.154,2311807.61,1779494399999,21722757.40449,281621,1046589.12000000,9865478.15182000,0,2026-05-22 00:00:00+00:00,-0.03214120921179686,-0.031630170316301665,0.3583534281195778
1779494400000,9.155,9.59,8.834,9.39,3277110.76,1779580799999,29936912.35195,267361,1528211.90000000,14019797.43372000,0,2026-05-23 00:00:00+00:00,0.025454350988721373,0.025781079309591615,0.36927526877429256
1779580800000,9.391,9.429,9.069,9.212,1141151.67,1779667199999,10574582.93844,151562,475391.82000000,4408874.56939000,0,2026-05-24 00:00:00+00:00,-0.019138311261732863,-0.018956336528221596,0.3751618042429408
1779667200000,9.212,9.506,9.153,9.31,1275642.09,1779753599999,11934088.25096,155858,744001.43000000,6965399.96403000,0,2026-05-25 00:00:00+00:00,0.010582109330537008,0.010638297872340496,0.3769431169707172
1779753600000,9.31,9.49,9.119,9.14,1716886.87,1779839999999,15928167.50934,218437,785444.48000000,7302681.41481000,0,2026-05-26 00:00:00+00:00,-0.018428705822917054,-0.018259935553168627,0.3804646155016304
1779840000000,9.14,9.291,8.994,9.043,1635208.16,1779926399999,14942692.72791,227363,769286.40000000,7038288.12037000,0,2026-05-27 00:00:00+00:00,-0.010669407707715746,-0.010612691466083346,0.3764837436047558
1779926400000,9.042,9.074,8.715,8.928,2253594.76,1780012799999,20018801.56883,306454,1108359.43000000,9850843.53124000,0,2026-05-28 00:00:00+00:00,-0.012798572119387812,-0.01271701868848818,0.3771986796485359
1780012800000,8.928,9.003,8.656,8.827,1503250.18,1780099199999,13330300.0866,226126,728948.93000000,6467633.69017000,0,2026-05-29 00:00:00+00:00,-0.011377199600859424,-0.011312724014337028,0.3786614503997298
1780099200000,8.827,9.049,8.812,8.946,931649.88,1780185599999,8328528.15792,123114,507605.47000000,4539174.81624000,0,2026-05-30 00:00:00+00:00,0.013391298972560509,0.013481363996827866,0.3818969572899975
1780185600000,8.947,9.084,8.8,8.983,1060096.52,1780271999999,9486430.09545,147581,515554.11000000,4618558.26373000,0,2026-05-31 00:00:00+00:00,0.004127397236413321,0.004135926671138046,0.3822342619015759
1780272000000,8.983,9.074,8.677,8.936,1893045.04,1780358399999,16794322.31062,276910,976425.83000000,8670583.14578000,0,2026-06-01 00:00:00+00:00,-0.005245840480170071,-0.005232105087387362,0.3803726708429903
1780358400000,8.936,8.944,8.029,8.18,2714711.46,1780444799999,23017029.2572,300216,1181086.20000000,10026044.60730000,0,2026-06-02 00:00:00+00:00,-0.08839591115224393,-0.08460161145926592,0.4870865547844236
1780444800000,8.181,8.372,7.909,8.049,3545648.75,1780531199999,29026754.1653,333662,1822248.48000000,14927749.16923000,0,2026-06-03 00:00:00+00:00,-0.016144290503058892,-0.01601466992665035,0.48615063559695687
1780531200000,8.048,8.117,7.519,7.707,4838681.72,1780617599999,37570384.91403,421051,2360143.92000000,18337234.01423000,0,2026-06-04 00:00:00+00:00,-0.04341885331574056,-0.04248975027953783,0.49367910867819126
1780617600000,7.706,7.724,6.584,6.729,6573341.98,1780703999999,46543254.08478,667402,3212382.56000000,22729799.82509000,0,2026-06-05 00:00:00+00:00,-0.1357024625896752,-0.12689762553522765,0.6577327792172387
1780704000000,6.73,6.933,6.224,6.664,3086870.73,1780790399999,20402971.7494,336705,1542953.93000000,10190836.53033000,0,2026-06-06 00:00:00+00:00,-0.009706639341639444,-0.009659681973547385,0.6577756132095953
1780790400000,6.665,6.964,6.508,6.819,2996990.59,1780876799999,20168960.78722,281193,1476740.94000000,9944856.26732000,0,2026-06-07 00:00:00+00:00,0.02299292867397423,0.023259303721488545,0.6410672778127582
1780876800000,6.818,6.882,6.538,6.766,2727140.09,1780963199999,18386357.29222,254175,1337396.22000000,9021113.77055000,0,2026-06-08 00:00:00+00:00,-0.00780276317999907,-0.007772400645255861,0.6378508099948985
1780963200000,6.767,6.793,6.445,6.639,2328663.06,1781049599999,15489887.92226,208350,1049495.03000000,6985474.30876000,0,2026-06-09 00:00:00+00:00,-0.018948720621494455,-0.01877032219923147,0.622619690291058
1781049600000,6.639,6.68,6.301,6.383,2908246.4,1781135999999,18894069.8922,276203,1318816.65000000,8574113.80172000,0,2026-06-10 00:00:00+00:00,-0.03932314346310211,-0.03856002410001513,0.6282392674170052
1781136000000,6.382,6.707,6.381,6.648,2399397.53,1781222399999,15781875.21914,164333,1258904.28000000,8284794.83265000,0,2026-06-11 00:00:00+00:00,0.040677851279226775,0.04151652827823904,0.6550383040955429
1781222400000,6.648,6.7,6.52,6.571,1403717.92,1781308799999,9275278.50355,109137,667510.94000000,4413259.15413000,0,2026-06-12 00:00:00+00:00,-0.011650029637416268,-0.011582430806257538,0.654716826664173
1781308800000,6.57,6.776,6.557,6.719,949363.65,1781395199999,6341845.1493,77638,526533.41000000,3518195.69645000,0,2026-06-13 00:00:00+00:00,0.022273306022282276,0.02252320803530683,0.65899958901268
1781395200000,6.718,6.791,6.376,6.79,1842131.62,1781481599999,12139312.29245,135897,859500.90000000,5674955.69130000,0,2026-06-14 00:00:00+00:00,0.01051160763259185,0.010567048667956547,0.6574902195863235
1781481600000,6.789,7.079,6.7,6.84,2814252.23,1781567999999,19392907.95407,183328,1451297.75000000,10005193.59050000,0,2026-06-15 00:00:00+00:00,0.007336790063854308,0.007363770250368162,0.6582429073930989
1781568000000,6.839,7.05,6.714,6.88,2036420.39,1781654399999,13990992.43782,143858,989110.43000000,6801115.59447000,0,2026-06-16 00:00:00+00:00,0.005830920310793144,0.005847953216374213,0.6606177822273236
1781654400000,6.881,7.022,6.653,6.766,2845394.46,1781740799999,19522323.607,232483,1374460.80000000,9437837.91947000,0,2026-06-17 00:00:00+00:00,-0.016708581586735546,-0.01656976744186045,0.6590714141101078
1781740800000,6.766,6.804,6.214,6.318,3654456.88,1781827199999,23553689.55634,250127,1744106.91000000,11228183.10298000,0,2026-06-18 00:00:00+00:00,-0.06850736797862332,-0.06621342004138342,0.6895442401857939
1781827200000,6.317,6.324,5.681,5.896,7913756.29,1781913599999,47285929.64757,387894,3688493.69000000,22034544.08425000,0,2026-06-19 00:00:00+00:00,-0.0691285474928579,-0.06679328901551118,0.7067537838583317
1781913600000,5.896,6.263,5.819,6.239,6784282.19,1781999999999,41085736.30925,342765,3536565.86000000,21406149.03197000,0,2026-06-20 00:00:00+00:00,0.056545758241613765,0.05817503392130252,0.7422440478932476
1782000000000,6.24,6.372,6.097,6.113,2202372.76,1782086399999,13788334.2245,172655,1105462.10000000,6924891.70327000,0,2026-06-21 00:00:00+00:00,-0.020402262082060883,-0.020195544157717515,0.7397282878366213
1782086400000,6.113,6.472,6.113,6.241,2576454.76,1782172799999,16189864.01541,211739,1478409.96000000,9286441.15523000,0,2026-06-22 00:00:00+00:00,0.020722774905317366,0.020938982496319092,0.7367737303293801
1782172800000,6.241,6.527,6.013,6.484,4373307.86,1782259199999,27418344.11341,308031,2423494.97000000,15184177.47750000,0,2026-06-23 00:00:00+00:00,0.03819717792152381,0.038936067937830554,0.7581970179839971
1782259200000,6.484,6.544,5.998,6.444,3540876.36,1782345599999,22402745.39433,278688,1767247.54000000,11186737.15360000,0,2026-06-24 00:00:00+00:00,-0.0061881385587017595,-0.0061690314620604925,0.7542385321380642
1782345600000,6.444,6.64,5.954,6.235,4001042.06,1782431999999,25184687.72947,349270,1986170.26000000,12516432.71836000,0,2026-06-25 00:00:00+00:00,-0.03297088618272815,-0.03243327126008688,0.7574332531851268
1782432000000,6.235,6.634,5.963,6.633,3312365.55,1782518399999,20862573.1454,341240,1677708.21000000,10577612.86566000,0,2026-06-26 00:00:00+00:00,0.06187861141141908,0.06383319967923007,0.8009615501575252
1782518400000,6.633,6.676,6.336,6.433,2366413.08,1782604799999,15494007.70533,193758,1230619.97000000,8062895.42759000,0,2026-06-27 00:00:00+00:00,-0.030616198114555605,-0.03015226895823908,0.8040575914597001
1782604800000,6.433,6.487,6.27,6.448,1453652.32,1782691199999,9248226.33684,147827,754712.68000000,4801728.46505000,0,2026-06-28 00:00:00+00:00,0.0023290127754638746,0.0023317270324887396,0.8053808059340797
1782691200000,6.45,6.822,6.364,6.679,3152296.12,1782777599999,20845748.5012,313148,1615305.18000000,10686409.78510000,0,2026-06-29 00:00:00+00:00,0.03519827053917164,0.03582506203473934,0.8170197710358125
1782777600000,6.678,6.681,6.385,6.538,1664429.69,1782863999999,10895412.10097,159449,794797.88000000,5208185.90338000,0,2026-06-30 00:00:00+00:00,-0.02133696744148006,-0.021110944752208427,0.8164072348577778
1782864000000,6.539,6.814,6.427,6.666,2181649.14,1782950399999,14568818.17286,234431,1105131.43000000,7382464.69355000,0,2026-07-01 00:00:00+00:00,0.01938867158352912,0.019577852554298003,0.8229327114776677
1782950400000,6.667,6.88,6.613,6.8,2084709.88,1783036799999,14083747.33914,207210,979147.95000000,6615905.27354000,0,2026-07-02 00:00:00+00:00,0.019902632296513064,0.020102010201020093,0.7781825599293779
1783036800000,6.801,7.035,6.783,6.948,2109347.39,1783123199999,14506622.48909,171687,973988.61000000,6704362.77888000,0,2026-07-03 00:00:00+00:00,0.02153123619679767,0.02176470588235313,0.7831782113427246
1783123200000,6.949,7.115,6.817,6.968,1211479.33,1783209599999,8412632.34889,125513,534846.97000000,3717543.35711000,0,2026-07-04 00:00:00+00:00,0.002874391171343082,0.0028785261945882823,0.7710766528272596
1783209600000,6.967,7.008,6.753,6.924,1466164.12,1783295999999,10078500.90494,131659,660842.72000000,4544721.01501000,0,2026-07-05 00:00:00+00:00,-0.0063346022362387846,-0.006314580941446546,0.605976686659998
1783296000000,6.925,7.088,6.714,6.93,1901665.08,1783382399999,13104680.98942,194185,902832.18000000,6227229.05712000,0,2026-07-06 00:00:00+00:00,0.000866175887849037,0.0008665511265164572,0.6047569763260453
1783382400000,6.929,6.949,6.65,6.689,1751392.56,1783468799999,11851913.86037,163084,826867.18000000,5595452.84839000,0,2026-07-07 00:00:00+00:00,-0.035395427065540774,-0.03477633477633468,0.6126440346673722
1783468800000,6.689,6.698,6.317,6.475,1985230.83,1783555199999,12766520.70231,217145,922722.45000000,5929862.60249000,0,2026-07-08 00:00:00+00:00,-0.032515778550669554,-0.03199282403946779,0.6222685525369481
1783555200000,6.474,6.813,6.428,6.679,1914128.6,1783641599999,12762083.14203,181082,962267.05000000,6411876.91712000,0,2026-07-09 00:00:00+00:00,0.031019668157897654,0.03150579150579169,0.628971692856836
1783641600000,6.679,6.834,6.649,6.739,1021286.73,1783727999999,6892818.21868,111409,544059.17000000,3671986.21219000,0,2026-07-10 00:00:00+00:00,0.008943270220580975,0.00898338074562055,0.6131306804550712
1783728000000,6.74,6.791,6.542,6.552,854226.18,1783814399999,5720446.88282,77702,397941.33000000,2666173.52505000,0,2026-07-11 00:00:00+00:00,-0.02814119941331173,-0.02774892417272601,0.6051589707007851
1783814400000,6.551,6.551,6.282,6.407,1877910.33,1783900799999,12065911.37897,194334,912269.17000000,5862067.11611000,0,2026-07-12 00:00:00+00:00,-0.022379203893883707,-0.022130647130647052,0.6087967057132013
1783900800000,6.407,6.683,6.338,6.452,2355092.42,1783987199999,15411686.37555,255302,1141889.29000000,7477195.72332000,0,2026-07-13 00:00:00+00:00,0.0069990176060779905,0.00702356797253012,0.6038080393183277
1783987200000,6.452,6.712,6.42,6.712,1603548.32,1784073599999,10555708.40061,163737,821204.73000000,5412300.48683000,0,2026-07-14 00:00:00+00:00,0.039506808901942615,0.04029758214507129,0.6192508910698719
1784073600000,6.713,6.773,6.606,6.702,1328396.32,1784159999999,8894916.6971,118283,689371.74000000,4618338.17801000,0,2026-07-15 00:00:00+00:00,-0.0014909798497863115,-0.0014898688915374603,0.6186306424183635
1784160000000,6.701,6.739,6.481,6.514,1315109.52,1784246399999,8684722.50356,118172,654466.57000000,4324929.93733000,0,2026-07-16 00:00:00+00:00,-0.02845228246107689,-0.02805132796180243,0.625608085871927
1784246400000,6.514,6.651,6.373,6.591,1255596.06,1784332799999,8168545.20151,117296,633011.33000000,4119344.11058000,0,2026-07-17 00:00:00+00:00,0.01175137521654109,0.01182069389008289,0.6249603077173949
1784332800000,6.59,6.664,6.514,6.574,686350.92,1784419199999,4520303.85,55627,343508.71000000,2262785.92770000,0,2026-07-18 00:00:00+00:00,-0.002582606828555265,-0.0025792747686239625,0.5755129943271221
1784419200000,6.573,6.637,6.392,6.465,978201.7,1784505599999,6341724.23552,91733,473446.90000000,3067888.72913000,0,2026-07-19 00:00:00+00:00,-0.01671946301820691,-0.01658046851232131,0.5212370833983104
1784505600000,6.466,6.65,6.444,6.579,1353877.25,1784591999999,8883156.73538,160364,651254.28000000,4274743.99518000,0,2026-07-20 00:00:00+00:00,0.017479745880039938,0.017633410672853733,0.4875140397671051
1784592000000,6.579,6.688,6.524,6.571,1091551.7,1784678399999,7229311.67378,100977,562466.31000000,3724863.41461000,0,2026-07-21 00:00:00+00:00,-0.0012167301881300563,-0.0012159902720778604,0.48108304022187603
1784678400000,6.572,6.664,6.464,6.626,1086140.96,1784764799999,7138948.81314,99601,544576.29000000,3581306.32618000,0,2026-07-22 00:00:00+00:00,0.008335275961973334,0.008370111094201826,0.47707125528712974
1784764800000,6.626,6.655,6.197,6.268,1664124.96,1784851199999,10636214.85471,123246,778187.83000000,4970438.25806000,0,2026-07-23 00:00:00+00:00,-0.05554397938392982,-0.054029580440688285,0.4990844616299148
1784851200000,6.268,6.32,6.137,6.304,1623221.95,1784937599999,10130160.01603,122567,677533.02000000,4229858.12879000,0,2026-07-24 00:00:00+00:00,0.005727028061803607,0.00574345883854499,0.49929481638247175
1784937600000,6.304,6.845,6.231,6.777,3867570.51,1785023999999,25531102.10206,303773,2164152.30000000,14293106.28536000,0,2026-07-25 00:00:00+00:00,0.07235017359839789,0.07503172588832485,0.5466109826002149
1785024000000,6.777,6.831,6.645,6.746,1630808.48,1785110399999,10991740.00097,132972,850886.59000000,5738741.05737000,0,2026-07-26 00:00:00+00:00,-0.00458478951451739,-0.004574295410948781,0.5036381173756063
1785110400000,6.746,6.747,6.376,6.408,1955258.87,1785196799999,12888272.12044,160531,797791.58000000,5265753.93546000,0,2026-07-27 00:00:00+00:00,-0.051402526873400384,-0.05010376519418913,0.5246165602366867
1785196800000,6.407,6.629,6.358,6.577,1119463.74,1785283199999,7255483.2742,103325,519995.88000000,3371795.90245000,0,2026-07-28 00:00:00+00:00,0.02603150455315585,0.026373283395755287,0.5324705729425282
1785283200000,6.578,6.638,6.308,6.432,1293213.73,1785369599999,8296160.23992,137833,583083.11000000,3743798.68567000,0,2026-07-29 00:00:00+00:00,-0.022293182442548673,-0.022046525771628356,0.5232166632842088
1785369600000,6.432,6.527,6.391,6.434,771834.13,1785455999999,4993748.79041,67041,373839.92000000,2420208.70817000,0,2026-07-30 00:00:00+00:00,0.00031089694016936425,0.0003109452736318463,0.5181840314652182
1785456000000,6.435,6.544,6.331,6.386,819820.02,1785542399999,5275242.68277,89287,375456.09000000,2416109.63515000,0,2026-07-31 00:00:00+00:00,-0.0074883345242443425,-0.007460366801367746,0.5136383619122593
1785542400000,6.387,6.453,6.04,6.191,1167037.11,1785628799999,7270527.04144,139635,560443.34000000,3489453.24178000,0,2026-08-01 00:00:00+00:00,-0.031011469755495263,-0.03053554650798629,0.5177086921521141
1785628800000,6.191,6.687,6.185,6.553,2517781.71,1785715199999,16524199.9732,250990,1326786.17000000,8706128.20344000,0,2026-08-02 00:00:00+00:00,0.05682633552026468,0.05847197544823124,0.5523470308935652
1785715200000,6.552,6.598,6.369,6.575,1267341.88,1785801599999,8225091.00325,103655,605311.81000000,3932064.17750000,0,2026-08-03 00:00:00+00:00,0.0033516180064685204,0.00335724095833978,0.5524020103014817
1785801600000,6.574,6.987,6.563,6.688,2731770.42,1785887999999,18569402.10764,294615,1467390.19000000,9979672.14133000,0,2026-08-04 00:00:00+00:00,0.017040297718572094,0.017186311787072084,0.5560638550259428
1785888000000,6.688,6.721,6.531,6.661,1320599.81,1785974399999,8788957.9228,108135,605023.95000000,4028833.93579000,0,2026-08-05 00:00:00+00:00,-0.004045252351358124,-0.004037081339712922,0.5561029537634575
1785974400000,6.662,6.703,6.35,6.441,2135215.91,1786060799999,13834039.2584,190784,929397.63000000,6023631.58230000,0,2026-08-06 00:00:00+00:00,-0.03358581586628862,-0.03302807386278328,0.5547414793603904
1786060800000,6.44,6.526,6.361,6.435,1004941.86,1786147199999,6469297.27688,92374,496959.19000000,3199967.70103000,0,2026-08-07 00:00:00+00:00,-0.0009319665166637424,-0.0009315323707499434,0.5431617419157132
1786147200000,6.434,6.595,6.419,6.482,855003.47,1786233599999,5584758.92277,68258,413284.23000000,2700140.93046000,0,2026-08-08 00:00:00+00:00,0.007277263671265766,0.007303807303807419,0.5321847249564211
1786233600000,6.481,6.595,6.386,6.421,940429.8,1786319999999,6118562.05018,68088,421037.06000000,2741836.07844000,0,2026-08-09 00:00:00+00:00,-0.009455235907444333,-0.009410675717371197,0.5317282424537653
1786320000000,6.421,6.582,6.376,6.436,878602.61,1786406399999,5707663.66249,92891,443251.57000000,2879626.21203000,0,2026-08-10 00:00:00+00:00,0.0023333603182255098,0.002336084722005971,0.5231467186163603
1786406400000,6.436,6.556,6.11,6.322,1962735.46,1786492799999,12393610.62736,209216,957844.00000000,6051751.52789000,0,2026-08-11 00:00:00+00:00,-0.017871615336710778,-0.017712865133623357,0.521016275864275
1786492800000,6.324,6.546,6.21,6.32,2173034.59,1786579199999,13796322.71158,171098,1038485.24000000,6597717.78361000,0,2026-08-12 00:00:00+00:00,-0.000316405634659921,-0.00031635558367604233,0.5203251267678616
1786579200000,6.319,6.55,6.317,6.457,1828921.99,1786665599999,11847455.18941,137256,1020126.85000000,6607239.46725000,0,2026-08-13 00:00:00+00:00,0.02144560548556389,0.021677215189873422,0.5063914385026937
1786665600000,6.457,6.495,6.348,6.476,806959.39,1786751999999,5177480.91847,55564,386060.79000000,2478015.94405000,0,2026-08-14 00:00:00+00:00,0.002938222171058789,0.0029425429766145594,0.5066050573277584
1786752000000,6.477,6.877,6.301,6.333,3123846.95,1786838399999,20666497.88051,235310,1451069.10000000,9611549.79597000,0,2026-08-15 00:00:00+00:00,-0.02232897828109536,-0.022081531809759025,0.5028871945181869
1786838400000,6.333,6.437,6.22,6.33,1434201.08,1786924799999,9079295.38069,100428,704061.02000000,4455675.19998000,0,2026-08-16 00:00:00+00:00,-0.00047382137820846506,-0.000473709142586487,0.5008078462578105
1786924800000,6.33,6.403,6.292,6.352,1076323.37,1787011199999,6818899.79639,76072,542627.49000000,3439236.38201000,0,2026-08-17 00:00:00+00:00,0.003469487788749852,0.003475513428120136,0.501064738317003
1787011200000,6.352,6.455,6.237,6.334,1209321.79,1787097599999,7652329.34458,74852,497983.55000000,3152500.64882000,0,2026-08-18 00:00:00+00:00,-0.0028377758283866066,-0.0028337531486146705,0.4979640191314431
1787097600000,6.335,6.879,6.291,6.778,3799228.33,1787183999999,25106703.75697,338434,1979791.31000000,13087788.86713000,0,2026-08-19 00:00:00+00:00,0.0677501250684116,0.07009788443321763,0.5492699775379986
1787184000000,6.778,7.322,6.691,7.291,4064817.72,1787270399999,28491075.62204,381051,2259787.48000000,15842180.04939000,0,2026-08-20 00:00:00+00:00,0.07295863763943373,0.07568604308055482,0.6037481259951846
1787270400000,7.291,7.893,7.218,7.838,5548257.14,1787356799999,41836268.44442,501624,2903118.18000000,21899150.80135000,0,2026-08-21 00:00:00+00:00,0.07234298895314646,0.07502400219448635,0.6497724841611162
1787356800000,7.838,8.317,7.0,7.494,5750893.99,1787443199999,44155102.99463,573852,2790323.14000000,21494613.43520000,0,2026-08-22 00:00:00+00:00,-0.044880999405944096,-0.04388874712936974,0.6381033949985058
1787443200000,7.493,7.676,7.275,7.609,2716749.15,1787529599999,20368419.90543,260923,1364597.99000000,10254388.28680000,0,2026-08-23 00:00:00+00:00,0.01522905682289016,0.015345609821190376,0.6389209355588391
1787529600000,7.608,7.649,7.395,7.544,2891583.23,1787615999999,21756216.63612,270006,1425180.87000000,10729410.62869000,0,2026-08-24 00:00:00+00:00,-0.008579211863229368,-0.008542515442239496,0.5943835673069522
1787616000000,7.544,7.734,7.226,7.328,2538319.32,1787702399999,19045774.9581,221824,1029324.52000000,7738948.98038000,0,2026-08-25 00:00:00+00:00,-0.02904991795932715,-0.028632025450689214,0.6046475107524624
1787702400000,7.328,7.46,7.153,7.441,1499356.55,1787788799999,10980307.96979,141163,748825.71000000,5491624.26362000,0,2026-08-26 00:00:00+00:00,0.01530262104329496,0.015420305676855817,0.5734037538618183
1787788800000,7.442,7.583,7.297,7.527,1968876.18,1787875199999,14702098.86499,135533,1034153.86000000,7724388.27033000,0,2026-08-27 00:00:00+00:00,0.011491307637270689,0.01155758634592119,0.5689109921386738
1787875200000,7.528,7.597,7.205,7.308,2346908.53,1787961599999,17334368.12357,166516,929178.92000000,6868954.00545000,0,2026-08-28 00:00:00+00:00,-0.029526917536634716,-0.029095257074531755,0.5737374386260653
1787961600000,7.308,7.368,7.226,7.331,757615.5,1788047999999,5531535.42402,46859,375290.35000000,2742127.54508000,0,2026-08-29 00:00:00+00:00,0.00314229372568929,0.003147235905856638,0.5735773678076301
1788048000000,7.331,7.471,7.011,7.113,1682039.44,1788134399999,12277391.97307,129699,784022.33000000,5741620.55418000,0,2026-08-30 00:00:00+00:00,-0.030187836490071417,-0.029736734415495847,0.5848288791972928
1788134400000,7.114,7.182,7.081,7.11,244325.75,1788220799999,1741724.93322,16123,86043.21000000,613225.75771000,0,2026-08-31 00:00:00+00:00,-0.00042185193622867737,-0.00042176296921137,0.5716317496576584
